DAQ	Global	View	Channel	Module	Length
0	617	0	617	0	171.993
1	616	0	616	0	171.993
2	615	0	615	0	171.993
3	614	0	614	0	171.993
4	613	0	613	0	171.993
5	612	0	612	0	171.993
6	611	0	611	0	171.993
7	610	0	610	0	171.993
8	609	0	609	0	171.993
9	608	0	608	0	171.993
10	607	0	607	0	171.993
11	606	0	606	0	171.993
12	605	0	605	0	171.993
13	604	0	604	0	171.993
14	603	0	603	0	171.993
15	602	0	602	0	171.993
16	1650	1	698	0	171.993
17	1651	1	699	0	171.993
18	1652	1	700	0	171.993
19	1653	1	701	0	171.993
20	1654	1	702	0	171.993
21	1655	1	703	0	171.993
22	1656	1	704	0	171.993
23	1657	1	705	0	171.993
24	1658	1	706	0	171.993
25	1659	1	707	0	171.993
26	1660	1	708	0	171.993
27	1661	1	709	0	171.993
28	1662	1	710	0	171.993
29	1663	1	711	0	171.993
30	1664	1	712	0	171.993
31	1665	1	713	0	171.993
32	1666	1	714	0	171.993
33	1667	1	715	0	171.993
34	1668	1	716	0	171.993
35	1669	1	717	0	171.993
36	1670	1	718	0	171.993
37	1671	1	719	0	171.993
38	1672	1	720	0	171.993
39	1673	1	721	0	171.993
40	1674	1	722	0	171.993
41	1675	1	723	0	171.993
42	1676	1	724	0	171.993
43	1677	1	725	0	171.993
44	1678	1	726	0	171.993
45	1679	1	727	0	171.993
46	1680	1	728	0	171.993
47	1681	1	729	0	171.993
48	633	0	633	0	171.993
49	632	0	632	0	171.993
50	631	0	631	0	171.993
51	630	0	630	0	171.993
52	629	0	629	0	171.993
53	628	0	628	0	171.993
54	627	0	627	0	171.993
55	626	0	626	0	171.993
56	625	0	625	0	171.993
57	624	0	624	0	171.993
58	623	0	623	0	171.993
59	622	0	622	0	171.993
60	621	0	621	0	171.993
61	620	0	620	0	171.993
62	619	0	619	0	171.993
63	618	0	618	0	171.993
64	649	0	649	0	171.993
65	648	0	648	0	171.993
66	647	0	647	0	171.993
67	646	0	646	0	171.993
68	645	0	645	0	171.993
69	644	0	644	0	171.993
70	643	0	643	0	171.993
71	642	0	642	0	171.993
72	641	0	641	0	171.993
73	640	0	640	0	171.993
74	639	0	639	0	171.993
75	638	0	638	0	171.993
76	637	0	637	0	171.993
77	636	0	636	0	171.993
78	635	0	635	0	171.993
79	634	0	634	0	171.993
80	1682	1	730	0	171.993
81	1683	1	731	0	171.993
82	1684	1	732	0	171.993
83	1685	1	733	0	171.993
84	1686	1	734	0	171.993
85	1687	1	735	0	171.993
86	1688	1	736	0	171.993
87	1689	1	737	0	171.993
88	1690	1	738	0	171.993
89	1691	1	739	0	171.993
90	1692	1	740	0	171.993
91	1693	1	741	0	171.993
92	1694	1	742	0	171.993
93	1695	1	743	0	171.993
94	1696	1	744	0	171.993
95	1697	1	745	0	171.993
96	1698	1	746	0	171.993
97	1699	1	747	0	171.993
98	1700	1	748	0	171.993
99	1701	1	749	0	171.993
100	1702	1	750	0	171.993
101	1703	1	751	0	171.993
102	1704	1	752	0	171.993
103	1705	1	753	0	171.993
104	1706	1	754	0	171.993
105	1707	1	755	0	171.993
106	1708	1	756	0	171.993
107	1709	1	757	0	171.993
108	1710	1	758	0	171.993
109	1711	1	759	0	171.993
110	1712	1	760	0	171.993
111	1713	1	761	0	171.993
112	665	0	665	0	171.993
113	664	0	664	0	171.993
114	663	0	663	0	171.993
115	662	0	662	0	171.993
116	661	0	661	0	171.993
117	660	0	660	0	171.993
118	659	0	659	0	171.993
119	658	0	658	0	171.993
120	657	0	657	0	171.993
121	656	0	656	0	171.993
122	655	0	655	0	171.993
123	654	0	654	0	171.993
124	653	0	653	0	171.993
125	652	0	652	0	171.993
126	651	0	651	0	171.993
127	650	0	650	0	171.993
128	553	0	553	0	138.727
129	552	0	552	0	136.960
130	551	0	551	0	135.193
131	550	0	550	0	133.427
132	549	0	549	0	131.660
133	548	0	548	0	129.893
134	547	0	547	0	128.127
135	546	0	546	0	126.360
136	545	0	545	0	124.593
137	544	0	544	0	122.827
138	543	0	543	0	121.060
139	542	0	542	0	119.293
140	541	0	541	0	117.527
141	540	0	540	0	115.760
142	539	0	539	0	113.993
143	538	0	538	0	112.227
144	1586	1	634	0	171.993
145	1587	1	635	0	171.993
146	1588	1	636	0	171.993
147	1589	1	637	0	171.993
148	1590	1	638	0	171.993
149	1591	1	639	0	171.993
150	1592	1	640	0	171.993
151	1593	1	641	0	171.993
152	1594	1	642	0	171.993
153	1595	1	643	0	171.993
154	1596	1	644	0	171.993
155	1597	1	645	0	171.993
156	1598	1	646	0	171.993
157	1599	1	647	0	171.993
158	1600	1	648	0	171.993
159	1601	1	649	0	171.993
160	1602	1	650	0	171.993
161	1603	1	651	0	171.993
162	1604	1	652	0	171.993
163	1605	1	653	0	171.993
164	1606	1	654	0	171.993
165	1607	1	655	0	171.993
166	1608	1	656	0	171.993
167	1609	1	657	0	171.993
168	1610	1	658	0	171.993
169	1611	1	659	0	171.993
170	1612	1	660	0	171.993
171	1613	1	661	0	171.993
172	1614	1	662	0	171.993
173	1615	1	663	0	171.993
174	1616	1	664	0	171.993
175	1617	1	665	0	171.993
176	569	0	569	0	166.994
177	568	0	568	0	165.227
178	567	0	567	0	163.461
179	566	0	566	0	161.694
180	565	0	565	0	159.927
181	564	0	564	0	158.160
182	563	0	563	0	156.394
183	562	0	562	0	154.627
184	561	0	561	0	152.860
185	560	0	560	0	151.094
186	559	0	559	0	149.327
187	558	0	558	0	147.560
188	557	0	557	0	145.794
189	556	0	556	0	144.027
190	555	0	555	0	142.260
191	554	0	554	0	140.494
192	585	0	585	0	171.993
193	584	0	584	0	171.993
194	583	0	583	0	171.993
195	582	0	582	0	171.993
196	581	0	581	0	171.993
197	580	0	580	0	171.993
198	579	0	579	0	171.993
199	578	0	578	0	171.993
200	577	0	577	0	171.993
201	576	0	576	0	171.993
202	575	0	575	0	171.993
203	574	0	574	0	171.993
204	573	0	573	0	171.993
205	572	0	572	0	171.993
206	571	0	571	0	170.527
207	570	0	570	0	168.761
208	1618	1	666	0	171.993
209	1619	1	667	0	171.993
210	1620	1	668	0	171.993
211	1621	1	669	0	171.993
212	1622	1	670	0	171.993
213	1623	1	671	0	171.993
214	1624	1	672	0	171.993
215	1625	1	673	0	171.993
216	1626	1	674	0	171.993
217	1627	1	675	0	171.993
218	1628	1	676	0	171.993
219	1629	1	677	0	171.993
220	1630	1	678	0	171.993
221	1631	1	679	0	171.993
222	1632	1	680	0	171.993
223	1633	1	681	0	171.993
224	1634	1	682	0	171.993
225	1635	1	683	0	171.993
226	1636	1	684	0	171.993
227	1637	1	685	0	171.993
228	1638	1	686	0	171.993
229	1639	1	687	0	171.993
230	1640	1	688	0	171.993
231	1641	1	689	0	171.993
232	1642	1	690	0	171.993
233	1643	1	691	0	171.993
234	1644	1	692	0	171.993
235	1645	1	693	0	171.993
236	1646	1	694	0	171.993
237	1647	1	695	0	171.993
238	1648	1	696	0	171.993
239	1649	1	697	0	171.993
240	601	0	601	0	171.993
241	600	0	600	0	171.993
242	599	0	599	0	171.993
243	598	0	598	0	171.993
244	597	0	597	0	171.993
245	596	0	596	0	171.993
246	595	0	595	0	171.993
247	594	0	594	0	171.993
248	593	0	593	0	171.993
249	592	0	592	0	171.993
250	591	0	591	0	171.993
251	590	0	590	0	171.993
252	589	0	589	0	171.993
253	588	0	588	0	171.993
254	587	0	587	0	171.993
255	586	0	586	0	171.993
256	1467	1	515	0	70.738
257	2606	2	702	0	168.000
258	1466	1	514	0	68.971
259	2603	2	699	0	168.000
260	1465	1	513	0	67.205
261	2600	2	696	0	168.000
262	1464	1	512	0	65.438
263	2597	2	693	0	168.000
264	1463	1	511	0	63.671
265	2594	2	690	0	168.000
266	1462	1	510	0	61.905
267	2591	2	687	0	168.000
268	1461	1	509	0	60.138
269	2588	2	684	0	168.000
270	1460	1	508	0	58.371
271	2585	2	681	0	168.000
272	2584	2	680	0	168.000
273	2586	2	682	0	168.000
274	2587	2	683	0	168.000
275	2589	2	685	0	168.000
276	2590	2	686	0	168.000
277	2592	2	688	0	168.000
278	2593	2	689	0	168.000
279	2595	2	691	0	168.000
280	2596	2	692	0	168.000
281	2598	2	694	0	168.000
282	2599	2	695	0	168.000
283	2601	2	697	0	168.000
284	2602	2	698	0	168.000
285	2604	2	700	0	168.000
286	2605	2	701	0	168.000
287	2607	2	703	0	168.000
288	2608	2	704	0	168.000
289	2610	2	706	0	168.000
290	2611	2	707	0	168.000
291	2613	2	709	0	168.000
292	2614	2	710	0	168.000
293	2616	2	712	0	168.000
294	2617	2	713	0	168.000
295	2619	2	715	0	168.000
296	2620	2	716	0	168.000
297	2622	2	718	0	168.000
298	2623	2	719	0	168.000
299	2625	2	721	0	168.000
300	2626	2	722	0	168.000
301	2628	2	724	0	168.000
302	2629	2	725	0	168.000
303	2631	2	727	0	168.000
304	1475	1	523	0	84.872
305	2630	2	726	0	168.000
306	1474	1	522	0	83.105
307	2627	2	723	0	168.000
308	1473	1	521	0	81.338
309	2624	2	720	0	168.000
310	1472	1	520	0	79.572
311	2621	2	717	0	168.000
312	1471	1	519	0	77.805
313	2618	2	714	0	168.000
314	1470	1	518	0	76.038
315	2615	2	711	0	168.000
316	1469	1	517	0	74.271
317	2612	2	708	0	168.000
318	1468	1	516	0	72.505
319	2609	2	705	0	168.000
320	1483	1	531	0	99.005
321	2654	2	750	0	168.000
322	1482	1	530	0	97.238
323	2651	2	747	0	168.000
324	1481	1	529	0	95.472
325	2648	2	744	0	168.000
326	1480	1	528	0	93.705
327	2645	2	741	0	168.000
328	1479	1	527	0	91.938
329	2642	2	738	0	168.000
330	1478	1	526	0	90.172
331	2639	2	735	0	168.000
332	1477	1	525	0	88.405
333	2636	2	732	0	168.000
334	1476	1	524	0	86.638
335	2633	2	729	0	168.000
336	2632	2	728	0	168.000
337	2634	2	730	0	168.000
338	2635	2	731	0	168.000
339	2637	2	733	0	168.000
340	2638	2	734	0	168.000
341	2640	2	736	0	168.000
342	2641	2	737	0	168.000
343	2643	2	739	0	168.000
344	2644	2	740	0	168.000
345	2646	2	742	0	168.000
346	2647	2	743	0	168.000
347	2649	2	745	0	168.000
348	2650	2	746	0	168.000
349	2652	2	748	0	168.000
350	2653	2	749	0	168.000
351	2655	2	751	0	168.000
352	2656	2	752	0	168.000
353	2658	2	754	0	168.000
354	2659	2	755	0	168.000
355	2661	2	757	0	168.000
356	2662	2	758	0	168.000
357	2664	2	760	0	168.000
358	2665	2	761	0	168.000
359	2667	2	763	0	168.000
360	2668	2	764	0	168.000
361	2670	2	766	0	168.000
362	2671	2	767	0	168.000
363	2673	2	769	0	168.000
364	2674	2	770	0	168.000
365	2676	2	772	0	168.000
366	2677	2	773	0	168.000
367	2679	2	775	0	168.000
368	1491	1	539	0	113.139
369	2678	2	774	0	168.000
370	1490	1	538	0	111.372
371	2675	2	771	0	168.000
372	1489	1	537	0	109.605
373	2672	2	768	0	168.000
374	1488	1	536	0	107.839
375	2669	2	765	0	168.000
376	1487	1	535	0	106.072
377	2666	2	762	0	168.000
378	1486	1	534	0	104.305
379	2663	2	759	0	168.000
380	1485	1	533	0	102.539
381	2660	2	756	0	168.000
382	1484	1	532	0	100.772
383	2657	2	753	0	168.000
384	1435	1	483	0	14.204
385	2510	2	606	0	168.000
386	1434	1	482	0	12.437
387	2507	2	603	0	168.000
388	1433	1	481	0	10.671
389	2504	2	600	0	168.000
390	1432	1	480	0	8.904
391	2501	2	597	0	168.000
392	1431	1	479	0	7.137
393	2498	2	594	0	168.000
394	1430	1	478	0	5.371
395	2495	2	591	0	168.000
396	1429	1	477	0	3.604
397	2492	2	588	0	168.000
398	1428	1	476	0	1.837
399	2489	2	585	0	168.000
400	2488	2	584	0	168.000
401	2490	2	586	0	168.000
402	2491	2	587	0	168.000
403	2493	2	589	0	168.000
404	2494	2	590	0	168.000
405	2496	2	592	0	168.000
406	2497	2	593	0	168.000
407	2499	2	595	0	168.000
408	2500	2	596	0	168.000
409	2502	2	598	0	168.000
410	2503	2	599	0	168.000
411	2505	2	601	0	168.000
412	2506	2	602	0	168.000
413	2508	2	604	0	168.000
414	2509	2	605	0	168.000
415	2511	2	607	0	168.000
416	2512	2	608	0	168.000
417	2514	2	610	0	168.000
418	2515	2	611	0	168.000
419	2517	2	613	0	168.000
420	2518	2	614	0	168.000
421	2520	2	616	0	168.000
422	2521	2	617	0	168.000
423	2523	2	619	0	168.000
424	2524	2	620	0	168.000
425	2526	2	622	0	168.000
426	2527	2	623	0	168.000
427	2529	2	625	0	168.000
428	2530	2	626	0	168.000
429	2532	2	628	0	168.000
430	2533	2	629	0	168.000
431	2535	2	631	0	168.000
432	1443	1	491	0	28.338
433	2534	2	630	0	168.000
434	1442	1	490	0	26.571
435	2531	2	627	0	168.000
436	1441	1	489	0	24.804
437	2528	2	624	0	168.000
438	1440	1	488	0	23.037
439	2525	2	621	0	168.000
440	1439	1	487	0	21.271
441	2522	2	618	0	168.000
442	1438	1	486	0	19.504
443	2519	2	615	0	168.000
444	1437	1	485	0	17.737
445	2516	2	612	0	168.000
446	1436	1	484	0	15.971
447	2513	2	609	0	168.000
448	1451	1	499	0	42.471
449	2558	2	654	0	168.000
450	1450	1	498	0	40.704
451	2555	2	651	0	168.000
452	1449	1	497	0	38.938
453	2552	2	648	0	168.000
454	1448	1	496	0	37.171
455	2549	2	645	0	168.000
456	1447	1	495	0	35.404
457	2546	2	642	0	168.000
458	1446	1	494	0	33.638
459	2543	2	639	0	168.000
460	1445	1	493	0	31.871
461	2540	2	636	0	168.000
462	1444	1	492	0	30.104
463	2537	2	633	0	168.000
464	2536	2	632	0	168.000
465	2538	2	634	0	168.000
466	2539	2	635	0	168.000
467	2541	2	637	0	168.000
468	2542	2	638	0	168.000
469	2544	2	640	0	168.000
470	2545	2	641	0	168.000
471	2547	2	643	0	168.000
472	2548	2	644	0	168.000
473	2550	2	646	0	168.000
474	2551	2	647	0	168.000
475	2553	2	649	0	168.000
476	2554	2	650	0	168.000
477	2556	2	652	0	168.000
478	2557	2	653	0	168.000
479	2559	2	655	0	168.000
480	2560	2	656	0	168.000
481	2562	2	658	0	168.000
482	2563	2	659	0	168.000
483	2565	2	661	0	168.000
484	2566	2	662	0	168.000
485	2568	2	664	0	168.000
486	2569	2	665	0	168.000
487	2571	2	667	0	168.000
488	2572	2	668	0	168.000
489	2574	2	670	0	168.000
490	2575	2	671	0	168.000
491	2577	2	673	0	168.000
492	2578	2	674	0	168.000
493	2580	2	676	0	168.000
494	2581	2	677	0	168.000
495	2583	2	679	0	168.000
496	1459	1	507	0	56.605
497	2582	2	678	0	168.000
498	1458	1	506	0	54.838
499	2579	2	675	0	168.000
500	1457	1	505	0	53.071
501	2576	2	672	0	168.000
502	1456	1	504	0	51.304
503	2573	2	669	0	168.000
504	1455	1	503	0	49.538
505	2570	2	666	0	168.000
506	1454	1	502	0	47.771
507	2567	2	663	0	168.000
508	1453	1	501	0	46.004
509	2564	2	660	0	168.000
510	1452	1	500	0	44.238
511	2561	2	657	0	168.000
512	745	0	745	0	171.993
513	744	0	744	0	171.993
514	743	0	743	0	171.993
515	742	0	742	0	171.993
516	741	0	741	0	171.993
517	740	0	740	0	171.993
518	739	0	739	0	171.993
519	738	0	738	0	171.993
520	737	0	737	0	171.993
521	736	0	736	0	171.993
522	735	0	735	0	171.993
523	734	0	734	0	171.993
524	733	0	733	0	171.993
525	732	0	732	0	171.993
526	731	0	731	0	171.993
527	730	0	730	0	171.993
528	1778	1	826	0	171.993
529	1779	1	827	0	171.993
530	1780	1	828	0	171.993
531	1781	1	829	0	171.993
532	1782	1	830	0	171.993
533	1783	1	831	0	171.993
534	1784	1	832	0	171.993
535	1785	1	833	0	171.993
536	1786	1	834	0	171.993
537	1787	1	835	0	171.993
538	1788	1	836	0	171.993
539	1789	1	837	0	171.993
540	1790	1	838	0	171.993
541	1791	1	839	0	171.993
542	1792	1	840	0	171.993
543	1793	1	841	0	171.993
544	1794	1	842	0	171.993
545	1795	1	843	0	171.993
546	1796	1	844	0	171.993
547	1797	1	845	0	171.993
548	1798	1	846	0	171.993
549	1799	1	847	0	171.993
550	1800	1	848	0	171.993
551	1801	1	849	0	171.993
552	1802	1	850	0	171.993
553	1803	1	851	0	171.993
554	1804	1	852	0	171.993
555	1805	1	853	0	171.993
556	1806	1	854	0	171.993
557	1807	1	855	0	171.993
558	1808	1	856	0	170.413
559	1809	1	857	0	168.646
560	761	0	761	0	171.993
561	760	0	760	0	171.993
562	759	0	759	0	171.993
563	758	0	758	0	171.993
564	757	0	757	0	171.993
565	756	0	756	0	171.993
566	755	0	755	0	171.993
567	754	0	754	0	171.993
568	753	0	753	0	171.993
569	752	0	752	0	171.993
570	751	0	751	0	171.993
571	750	0	750	0	171.993
572	749	0	749	0	171.993
573	748	0	748	0	171.993
574	747	0	747	0	171.993
575	746	0	746	0	171.993
576	777	0	777	0	171.993
577	776	0	776	0	171.993
578	775	0	775	0	171.993
579	774	0	774	0	171.993
580	773	0	773	0	171.993
581	772	0	772	0	171.993
582	771	0	771	0	171.993
583	770	0	770	0	171.993
584	769	0	769	0	171.993
585	768	0	768	0	171.993
586	767	0	767	0	171.993
587	766	0	766	0	171.993
588	765	0	765	0	171.993
589	764	0	764	0	171.993
590	763	0	763	0	171.993
591	762	0	762	0	171.993
592	1810	1	858	0	166.879
593	1811	1	859	0	165.113
594	1812	1	860	0	163.346
595	1813	1	861	0	161.579
596	1814	1	862	0	159.812
597	1815	1	863	0	158.046
598	1816	1	864	0	156.279
599	1817	1	865	0	154.512
600	1818	1	866	0	152.746
601	1819	1	867	0	150.979
602	1820	1	868	0	149.212
603	1821	1	869	0	147.446
604	1822	1	870	0	145.679
605	1823	1	871	0	143.912
606	1824	1	872	0	142.146
607	1825	1	873	0	140.379
608	1826	1	874	0	138.612
609	1827	1	875	0	136.845
610	1828	1	876	0	135.079
611	1829	1	877	0	133.312
612	1830	1	878	0	131.545
613	1831	1	879	0	129.779
614	1832	1	880	0	128.012
615	1833	1	881	0	126.245
616	1834	1	882	0	124.479
617	1835	1	883	0	122.712
618	1836	1	884	0	120.945
619	1837	1	885	0	119.179
620	1838	1	886	0	117.412
621	1839	1	887	0	115.645
622	1840	1	888	0	113.878
623	1841	1	889	0	112.112
624	793	0	793	0	171.993
625	792	0	792	0	171.993
626	791	0	791	0	171.993
627	790	0	790	0	171.993
628	789	0	789	0	171.993
629	788	0	788	0	171.993
630	787	0	787	0	171.993
631	786	0	786	0	171.993
632	785	0	785	0	171.993
633	784	0	784	0	171.993
634	783	0	783	0	171.993
635	782	0	782	0	171.993
636	781	0	781	0	171.993
637	780	0	780	0	171.993
638	779	0	779	0	171.993
639	778	0	778	0	171.993
640	681	0	681	0	171.993
641	680	0	680	0	171.993
642	679	0	679	0	171.993
643	678	0	678	0	171.993
644	677	0	677	0	171.993
645	676	0	676	0	171.993
646	675	0	675	0	171.993
647	674	0	674	0	171.993
648	673	0	673	0	171.993
649	672	0	672	0	171.993
650	671	0	671	0	171.993
651	670	0	670	0	171.993
652	669	0	669	0	171.993
653	668	0	668	0	171.993
654	667	0	667	0	171.993
655	666	0	666	0	171.993
656	1714	1	762	0	171.993
657	1715	1	763	0	171.993
658	1716	1	764	0	171.993
659	1717	1	765	0	171.993
660	1718	1	766	0	171.993
661	1719	1	767	0	171.993
662	1720	1	768	0	171.993
663	1721	1	769	0	171.993
664	1722	1	770	0	171.993
665	1723	1	771	0	171.993
666	1724	1	772	0	171.993
667	1725	1	773	0	171.993
668	1726	1	774	0	171.993
669	1727	1	775	0	171.993
670	1728	1	776	0	171.993
671	1729	1	777	0	171.993
672	1730	1	778	0	171.993
673	1731	1	779	0	171.993
674	1732	1	780	0	171.993
675	1733	1	781	0	171.993
676	1734	1	782	0	171.993
677	1735	1	783	0	171.993
678	1736	1	784	0	171.993
679	1737	1	785	0	171.993
680	1738	1	786	0	171.993
681	1739	1	787	0	171.993
682	1740	1	788	0	171.993
683	1741	1	789	0	171.993
684	1742	1	790	0	171.993
685	1743	1	791	0	171.993
686	1744	1	792	0	171.993
687	1745	1	793	0	171.993
688	697	0	697	0	171.993
689	696	0	696	0	171.993
690	695	0	695	0	171.993
691	694	0	694	0	171.993
692	693	0	693	0	171.993
693	692	0	692	0	171.993
694	691	0	691	0	171.993
695	690	0	690	0	171.993
696	689	0	689	0	171.993
697	688	0	688	0	171.993
698	687	0	687	0	171.993
699	686	0	686	0	171.993
700	685	0	685	0	171.993
701	684	0	684	0	171.993
702	683	0	683	0	171.993
703	682	0	682	0	171.993
704	713	0	713	0	171.993
705	712	0	712	0	171.993
706	711	0	711	0	171.993
707	710	0	710	0	171.993
708	709	0	709	0	171.993
709	708	0	708	0	171.993
710	707	0	707	0	171.993
711	706	0	706	0	171.993
712	705	0	705	0	171.993
713	704	0	704	0	171.993
714	703	0	703	0	171.993
715	702	0	702	0	171.993
716	701	0	701	0	171.993
717	700	0	700	0	171.993
718	699	0	699	0	171.993
719	698	0	698	0	171.993
720	1746	1	794	0	171.993
721	1747	1	795	0	171.993
722	1748	1	796	0	171.993
723	1749	1	797	0	171.993
724	1750	1	798	0	171.993
725	1751	1	799	0	171.993
726	1752	1	800	0	171.993
727	1753	1	801	0	171.993
728	1754	1	802	0	171.993
729	1755	1	803	0	171.993
730	1756	1	804	0	171.993
731	1757	1	805	0	171.993
732	1758	1	806	0	171.993
733	1759	1	807	0	171.993
734	1760	1	808	0	171.993
735	1761	1	809	0	171.993
736	1762	1	810	0	171.993
737	1763	1	811	0	171.993
738	1764	1	812	0	171.993
739	1765	1	813	0	171.993
740	1766	1	814	0	171.993
741	1767	1	815	0	171.993
742	1768	1	816	0	171.993
743	1769	1	817	0	171.993
744	1770	1	818	0	171.993
745	1771	1	819	0	171.993
746	1772	1	820	0	171.993
747	1773	1	821	0	171.993
748	1774	1	822	0	171.993
749	1775	1	823	0	171.993
750	1776	1	824	0	171.993
751	1777	1	825	0	171.993
752	729	0	729	0	171.993
753	728	0	728	0	171.993
754	727	0	727	0	171.993
755	726	0	726	0	171.993
756	725	0	725	0	171.993
757	724	0	724	0	171.993
758	723	0	723	0	171.993
759	722	0	722	0	171.993
760	721	0	721	0	171.993
761	720	0	720	0	171.993
762	719	0	719	0	171.993
763	718	0	718	0	171.993
764	717	0	717	0	171.993
765	716	0	716	0	171.993
766	715	0	715	0	171.993
767	714	0	714	0	171.993
768	1537	1	585	0	171.993
769	1536	1	584	0	171.993
770	1535	1	583	0	171.993
771	1534	1	582	0	171.993
772	1533	1	581	0	171.993
773	1532	1	580	0	171.993
774	1531	1	579	0	171.993
775	1530	1	578	0	171.993
776	1529	1	577	0	171.993
777	1528	1	576	0	171.993
778	1527	1	575	0	171.993
779	1526	1	574	0	171.993
780	1525	1	573	0	171.993
781	1524	1	572	0	171.440
782	2779	2	875	0	168.000
783	2777	2	873	0	168.000
784	2776	2	872	0	168.000
785	2778	2	874	0	168.000
786	476	0	476	0	2.692
787	477	0	477	0	4.458
788	478	0	478	0	6.225
789	479	0	479	0	7.992
790	480	0	480	0	9.758
791	481	0	481	0	11.525
792	482	0	482	0	13.292
793	483	0	483	0	15.058
794	484	0	484	0	16.825
795	485	0	485	0	18.592
796	486	0	486	0	20.359
797	487	0	487	0	22.125
798	488	0	488	0	23.892
799	489	0	489	0	25.659
800	490	0	490	0	27.425
801	491	0	491	0	29.192
802	492	0	492	0	30.959
803	493	0	493	0	32.725
804	494	0	494	0	34.492
805	495	0	495	0	36.259
806	496	0	496	0	38.025
807	497	0	497	0	39.792
808	498	0	498	0	41.559
809	499	0	499	0	43.326
810	500	0	500	0	45.092
811	501	0	501	0	46.859
812	502	0	502	0	48.626
813	503	0	503	0	50.392
814	504	0	504	0	52.159
815	505	0	505	0	53.926
816	1553	1	601	0	171.993
817	1552	1	600	0	171.993
818	1551	1	599	0	171.993
819	1550	1	598	0	171.993
820	1549	1	597	0	171.993
821	1548	1	596	0	171.993
822	1547	1	595	0	171.993
823	1546	1	594	0	171.993
824	1545	1	593	0	171.993
825	1544	1	592	0	171.993
826	1543	1	591	0	171.993
827	1542	1	590	0	171.993
828	1541	1	589	0	171.993
829	1540	1	588	0	171.993
830	1539	1	587	0	171.993
831	1538	1	586	0	171.993
832	1569	1	617	0	171.993
833	1568	1	616	0	171.993
834	1567	1	615	0	171.993
835	1566	1	614	0	171.993
836	1565	1	613	0	171.993
837	1564	1	612	0	171.993
838	1563	1	611	0	171.993
839	1562	1	610	0	171.993
840	1561	1	609	0	171.993
841	1560	1	608	0	171.993
842	1559	1	607	0	171.993
843	1558	1	606	0	171.993
844	1557	1	605	0	171.993
845	1556	1	604	0	171.993
846	1555	1	603	0	171.993
847	1554	1	602	0	171.993
848	506	0	506	0	55.692
849	507	0	507	0	57.459
850	508	0	508	0	59.226
851	509	0	509	0	60.992
852	510	0	510	0	62.759
853	511	0	511	0	64.526
854	512	0	512	0	66.293
855	513	0	513	0	68.059
856	514	0	514	0	69.826
857	515	0	515	0	71.593
858	516	0	516	0	73.359
859	517	0	517	0	75.126
860	518	0	518	0	76.893
861	519	0	519	0	78.659
862	520	0	520	0	80.426
863	521	0	521	0	82.193
864	522	0	522	0	83.959
865	523	0	523	0	85.726
866	524	0	524	0	87.493
867	525	0	525	0	89.260
868	526	0	526	0	91.026
869	527	0	527	0	92.793
870	528	0	528	0	94.560
871	529	0	529	0	96.326
872	530	0	530	0	98.093
873	531	0	531	0	99.860
874	532	0	532	0	101.626
875	533	0	533	0	103.393
876	534	0	534	0	105.160
877	535	0	535	0	106.926
878	536	0	536	0	108.693
879	537	0	537	0	110.460
880	1585	1	633	0	171.993
881	1584	1	632	0	171.993
882	1583	1	631	0	171.993
883	1582	1	630	0	171.993
884	1581	1	629	0	171.993
885	1580	1	628	0	171.993
886	1579	1	627	0	171.993
887	1578	1	626	0	171.993
888	1577	1	625	0	171.993
889	1576	1	624	0	171.993
890	1575	1	623	0	171.993
891	1574	1	622	0	171.993
892	1573	1	621	0	171.993
893	1572	1	620	0	171.993
894	1571	1	619	0	171.993
895	1570	1	618	0	171.993
896	1499	1	547	0	127.272
897	2702	2	798	0	168.000
898	1498	1	546	0	125.506
899	2699	2	795	0	168.000
900	1497	1	545	0	123.739
901	2696	2	792	0	168.000
902	1496	1	544	0	121.972
903	2693	2	789	0	168.000
904	1495	1	543	0	120.205
905	2690	2	786	0	168.000
906	1494	1	542	0	118.439
907	2687	2	783	0	168.000
908	1493	1	541	0	116.672
909	2684	2	780	0	168.000
910	1492	1	540	0	114.905
911	2681	2	777	0	168.000
912	2680	2	776	0	168.000
913	2682	2	778	0	168.000
914	2683	2	779	0	168.000
915	2685	2	781	0	168.000
916	2686	2	782	0	168.000
917	2688	2	784	0	168.000
918	2689	2	785	0	168.000
919	2691	2	787	0	168.000
920	2692	2	788	0	168.000
921	2694	2	790	0	168.000
922	2695	2	791	0	168.000
923	2697	2	793	0	168.000
924	2698	2	794	0	168.000
925	2700	2	796	0	168.000
926	2701	2	797	0	168.000
927	2703	2	799	0	168.000
928	2704	2	800	0	168.000
929	2706	2	802	0	168.000
930	2707	2	803	0	168.000
931	2709	2	805	0	168.000
932	2710	2	806	0	168.000
933	2712	2	808	0	168.000
934	2713	2	809	0	168.000
935	2715	2	811	0	168.000
936	2716	2	812	0	168.000
937	2718	2	814	0	168.000
938	2719	2	815	0	168.000
939	2721	2	817	0	168.000
940	2722	2	818	0	168.000
941	2724	2	820	0	168.000
942	2725	2	821	0	168.000
943	2727	2	823	0	168.000
944	1507	1	555	0	141.406
945	2726	2	822	0	168.000
946	1506	1	554	0	139.639
947	2723	2	819	0	168.000
948	1505	1	553	0	137.872
949	2720	2	816	0	168.000
950	1504	1	552	0	136.106
951	2717	2	813	0	168.000
952	1503	1	551	0	134.339
953	2714	2	810	0	168.000
954	1502	1	550	0	132.572
955	2711	2	807	0	168.000
956	1501	1	549	0	130.806
957	2708	2	804	0	168.000
958	1500	1	548	0	129.039
959	2705	2	801	0	168.000
960	1515	1	563	0	155.539
961	2750	2	846	0	168.000
962	1514	1	562	0	153.773
963	2747	2	843	0	168.000
964	1513	1	561	0	152.006
965	2744	2	840	0	168.000
966	1512	1	560	0	150.239
967	2741	2	837	0	168.000
968	1511	1	559	0	148.473
969	2738	2	834	0	168.000
970	1510	1	558	0	146.706
971	2735	2	831	0	168.000
972	1509	1	557	0	144.939
973	2732	2	828	0	168.000
974	1508	1	556	0	143.172
975	2729	2	825	0	168.000
976	2728	2	824	0	168.000
977	2730	2	826	0	168.000
978	2731	2	827	0	168.000
979	2733	2	829	0	168.000
980	2734	2	830	0	168.000
981	2736	2	832	0	168.000
982	2737	2	833	0	168.000
983	2739	2	835	0	168.000
984	2740	2	836	0	168.000
985	2742	2	838	0	168.000
986	2743	2	839	0	168.000
987	2745	2	841	0	168.000
988	2746	2	842	0	168.000
989	2748	2	844	0	168.000
990	2749	2	845	0	168.000
991	2751	2	847	0	168.000
992	2752	2	848	0	168.000
993	2754	2	850	0	168.000
994	2755	2	851	0	168.000
995	2757	2	853	0	168.000
996	2758	2	854	0	168.000
997	2760	2	856	0	168.000
998	2761	2	857	0	168.000
999	2763	2	859	0	168.000
1000	2764	2	860	0	168.000
1001	2766	2	862	0	168.000
1002	2767	2	863	0	168.000
1003	2769	2	865	0	168.000
1004	2770	2	866	0	168.000
1005	2772	2	868	0	168.000
1006	2773	2	869	0	168.000
1007	2775	2	871	0	168.000
1008	1523	1	571	0	169.673
1009	2774	2	870	0	168.000
1010	1522	1	570	0	167.906
1011	2771	2	867	0	168.000
1012	1521	1	569	0	166.139
1013	2768	2	864	0	168.000
1014	1520	1	568	0	164.373
1015	2765	2	861	0	168.000
1016	1519	1	567	0	162.606
1017	2762	2	858	0	168.000
1018	1518	1	566	0	160.839
1019	2759	2	855	0	168.000
1020	1517	1	565	0	159.073
1021	2756	2	852	0	168.000
1022	1516	1	564	0	157.306
1023	2753	2	849	0	168.000
1024	1388	1	436	0	70.618
1025	2369	2	465	0	168.000
1026	1389	1	437	0	68.852
1027	2372	2	468	0	168.000
1028	1390	1	438	0	67.085
1029	2375	2	471	0	168.000
1030	1391	1	439	0	65.318
1031	2378	2	474	0	168.000
1032	1392	1	440	0	63.552
1033	2381	2	477	0	168.000
1034	1393	1	441	0	61.785
1035	2384	2	480	0	168.000
1036	1394	1	442	0	60.018
1037	2387	2	483	0	168.000
1038	1395	1	443	0	58.252
1039	2390	2	486	0	168.000
1040	2391	2	487	0	168.000
1041	2389	2	485	0	168.000
1042	2388	2	484	0	168.000
1043	2386	2	482	0	168.000
1044	2385	2	481	0	168.000
1045	2383	2	479	0	168.000
1046	2382	2	478	0	168.000
1047	2380	2	476	0	168.000
1048	2379	2	475	0	168.000
1049	2377	2	473	0	168.000
1050	2376	2	472	0	168.000
1051	2374	2	470	0	168.000
1052	2373	2	469	0	168.000
1053	2371	2	467	0	168.000
1054	2370	2	466	0	168.000
1055	2368	2	464	0	168.000
1056	2367	2	463	0	168.000
1057	2365	2	461	0	168.000
1058	2364	2	460	0	168.000
1059	2362	2	458	0	168.000
1060	2361	2	457	0	168.000
1061	2359	2	455	0	168.000
1062	2358	2	454	0	168.000
1063	2356	2	452	0	168.000
1064	2355	2	451	0	168.000
1065	2353	2	449	0	168.000
1066	2352	2	448	0	168.000
1067	2350	2	446	0	168.000
1068	2349	2	445	0	168.000
1069	2347	2	443	0	168.000
1070	2346	2	442	0	168.000
1071	2344	2	440	0	168.000
1072	1380	1	428	0	84.752
1073	2345	2	441	0	168.000
1074	1381	1	429	0	82.985
1075	2348	2	444	0	168.000
1076	1382	1	430	0	81.219
1077	2351	2	447	0	168.000
1078	1383	1	431	0	79.452
1079	2354	2	450	0	168.000
1080	1384	1	432	0	77.685
1081	2357	2	453	0	168.000
1082	1385	1	433	0	75.918
1083	2360	2	456	0	168.000
1084	1386	1	434	0	74.152
1085	2363	2	459	0	168.000
1086	1387	1	435	0	72.385
1087	2366	2	462	0	168.000
1088	1372	1	420	0	98.885
1089	2321	2	417	0	168.000
1090	1373	1	421	0	97.119
1091	2324	2	420	0	168.000
1092	1374	1	422	0	95.352
1093	2327	2	423	0	168.000
1094	1375	1	423	0	93.585
1095	2330	2	426	0	168.000
1096	1376	1	424	0	91.819
1097	2333	2	429	0	168.000
1098	1377	1	425	0	90.052
1099	2336	2	432	0	168.000
1100	1378	1	426	0	88.285
1101	2339	2	435	0	168.000
1102	1379	1	427	0	86.519
1103	2342	2	438	0	168.000
1104	2343	2	439	0	168.000
1105	2341	2	437	0	168.000
1106	2340	2	436	0	168.000
1107	2338	2	434	0	168.000
1108	2337	2	433	0	168.000
1109	2335	2	431	0	168.000
1110	2334	2	430	0	168.000
1111	2332	2	428	0	168.000
1112	2331	2	427	0	168.000
1113	2329	2	425	0	168.000
1114	2328	2	424	0	168.000
1115	2326	2	422	0	168.000
1116	2325	2	421	0	168.000
1117	2323	2	419	0	168.000
1118	2322	2	418	0	168.000
1119	2320	2	416	0	168.000
1120	2319	2	415	0	168.000
1121	2317	2	413	0	168.000
1122	2316	2	412	0	168.000
1123	2314	2	410	0	168.000
1124	2313	2	409	0	168.000
1125	2311	2	407	0	168.000
1126	2310	2	406	0	168.000
1127	2308	2	404	0	168.000
1128	2307	2	403	0	168.000
1129	2305	2	401	0	168.000
1130	2304	2	400	0	168.000
1131	2302	2	398	0	168.000
1132	2301	2	397	0	168.000
1133	2299	2	395	0	168.000
1134	2298	2	394	0	168.000
1135	2296	2	392	0	168.000
1136	1364	1	412	0	113.019
1137	2297	2	393	0	168.000
1138	1365	1	413	0	111.252
1139	2300	2	396	0	168.000
1140	1366	1	414	0	109.486
1141	2303	2	399	0	168.000
1142	1367	1	415	0	107.719
1143	2306	2	402	0	168.000
1144	1368	1	416	0	105.952
1145	2309	2	405	0	168.000
1146	1369	1	417	0	104.186
1147	2312	2	408	0	168.000
1148	1370	1	418	0	102.419
1149	2315	2	411	0	168.000
1150	1371	1	419	0	100.652
1151	2318	2	414	0	168.000
1152	1420	1	468	0	14.084
1153	2465	2	561	0	168.000
1154	1421	1	469	0	12.318
1155	2468	2	564	0	168.000
1156	1422	1	470	0	10.551
1157	2471	2	567	0	168.000
1158	1423	1	471	0	8.784
1159	2474	2	570	0	168.000
1160	1424	1	472	0	7.017
1161	2477	2	573	0	168.000
1162	1425	1	473	0	5.251
1163	2480	2	576	0	168.000
1164	1426	1	474	0	3.484
1165	2483	2	579	0	168.000
1166	1427	1	475	0	1.717
1167	2486	2	582	0	168.000
1168	2487	2	583	0	168.000
1169	2485	2	581	0	168.000
1170	2484	2	580	0	168.000
1171	2482	2	578	0	168.000
1172	2481	2	577	0	168.000
1173	2479	2	575	0	168.000
1174	2478	2	574	0	168.000
1175	2476	2	572	0	168.000
1176	2475	2	571	0	168.000
1177	2473	2	569	0	168.000
1178	2472	2	568	0	168.000
1179	2470	2	566	0	168.000
1180	2469	2	565	0	168.000
1181	2467	2	563	0	168.000
1182	2466	2	562	0	168.000
1183	2464	2	560	0	168.000
1184	2463	2	559	0	168.000
1185	2461	2	557	0	168.000
1186	2460	2	556	0	168.000
1187	2458	2	554	0	168.000
1188	2457	2	553	0	168.000
1189	2455	2	551	0	168.000
1190	2454	2	550	0	168.000
1191	2452	2	548	0	168.000
1192	2451	2	547	0	168.000
1193	2449	2	545	0	168.000
1194	2448	2	544	0	168.000
1195	2446	2	542	0	168.000
1196	2445	2	541	0	168.000
1197	2443	2	539	0	168.000
1198	2442	2	538	0	168.000
1199	2440	2	536	0	168.000
1200	1412	1	460	0	28.218
1201	2441	2	537	0	168.000
1202	1413	1	461	0	26.451
1203	2444	2	540	0	168.000
1204	1414	1	462	0	24.684
1205	2447	2	543	0	168.000
1206	1415	1	463	0	22.918
1207	2450	2	546	0	168.000
1208	1416	1	464	0	21.151
1209	2453	2	549	0	168.000
1210	1417	1	465	0	19.384
1211	2456	2	552	0	168.000
1212	1418	1	466	0	17.618
1213	2459	2	555	0	168.000
1214	1419	1	467	0	15.851
1215	2462	2	558	0	168.000
1216	1404	1	452	0	42.351
1217	2417	2	513	0	168.000
1218	1405	1	453	0	40.585
1219	2420	2	516	0	168.000
1220	1406	1	454	0	38.818
1221	2423	2	519	0	168.000
1222	1407	1	455	0	37.051
1223	2426	2	522	0	168.000
1224	1408	1	456	0	35.285
1225	2429	2	525	0	168.000
1226	1409	1	457	0	33.518
1227	2432	2	528	0	168.000
1228	1410	1	458	0	31.751
1229	2435	2	531	0	168.000
1230	1411	1	459	0	29.984
1231	2438	2	534	0	168.000
1232	2439	2	535	0	168.000
1233	2437	2	533	0	168.000
1234	2436	2	532	0	168.000
1235	2434	2	530	0	168.000
1236	2433	2	529	0	168.000
1237	2431	2	527	0	168.000
1238	2430	2	526	0	168.000
1239	2428	2	524	0	168.000
1240	2427	2	523	0	168.000
1241	2425	2	521	0	168.000
1242	2424	2	520	0	168.000
1243	2422	2	518	0	168.000
1244	2421	2	517	0	168.000
1245	2419	2	515	0	168.000
1246	2418	2	514	0	168.000
1247	2416	2	512	0	168.000
1248	2415	2	511	0	168.000
1249	2413	2	509	0	168.000
1250	2412	2	508	0	168.000
1251	2410	2	506	0	168.000
1252	2409	2	505	0	168.000
1253	2407	2	503	0	168.000
1254	2406	2	502	0	168.000
1255	2404	2	500	0	168.000
1256	2403	2	499	0	168.000
1257	2401	2	497	0	168.000
1258	2400	2	496	0	168.000
1259	2398	2	494	0	168.000
1260	2397	2	493	0	168.000
1261	2395	2	491	0	168.000
1262	2394	2	490	0	168.000
1263	2392	2	488	0	168.000
1264	1396	1	444	0	56.485
1265	2393	2	489	0	168.000
1266	1397	1	445	0	54.718
1267	2396	2	492	0	168.000
1268	1398	1	446	0	52.951
1269	2399	2	495	0	168.000
1270	1399	1	447	0	51.185
1271	2402	2	498	0	168.000
1272	1400	1	448	0	49.418
1273	2405	2	501	0	168.000
1274	1401	1	449	0	47.651
1275	2408	2	504	0	168.000
1276	1402	1	450	0	45.885
1277	2411	2	507	0	168.000
1278	1403	1	451	0	44.118
1279	2414	2	510	0	168.000
1280	863	0	863	0	157.191
1281	3045	2	1141	0	168.000
1282	862	0	862	0	158.958
1283	3048	2	1144	0	168.000
1284	861	0	861	0	160.725
1285	3051	2	1147	0	168.000
1286	860	0	860	0	162.491
1287	3054	2	1150	0	168.000
1288	859	0	859	0	164.258
1289	3057	2	1153	0	168.000
1290	858	0	858	0	166.025
1291	3060	2	1156	0	168.000
1292	857	0	857	0	167.791
1293	3063	2	1159	0	168.000
1294	856	0	856	0	169.558
1295	3066	2	1162	0	168.000
1296	3067	2	1163	0	168.000
1297	3065	2	1161	0	168.000
1298	3064	2	1160	0	168.000
1299	3062	2	1158	0	168.000
1300	3061	2	1157	0	168.000
1301	3059	2	1155	0	168.000
1302	3058	2	1154	0	168.000
1303	3056	2	1152	0	168.000
1304	3055	2	1151	0	168.000
1305	3053	2	1149	0	168.000
1306	3052	2	1148	0	168.000
1307	3050	2	1146	0	168.000
1308	3049	2	1145	0	168.000
1309	3047	2	1143	0	168.000
1310	3046	2	1142	0	168.000
1311	3044	2	1140	0	168.000
1312	3043	2	1139	0	168.000
1313	3041	2	1137	0	168.000
1314	3040	2	1136	0	168.000
1315	3038	2	1134	0	168.000
1316	3037	2	1133	0	168.000
1317	3035	2	1131	0	168.000
1318	3034	2	1130	0	168.000
1319	3032	2	1128	0	168.000
1320	3031	2	1127	0	168.000
1321	3029	2	1125	0	168.000
1322	3028	2	1124	0	168.000
1323	3026	2	1122	0	168.000
1324	3025	2	1121	0	168.000
1325	3023	2	1119	0	168.000
1326	3022	2	1118	0	168.000
1327	3020	2	1116	0	168.000
1328	871	0	871	0	143.058
1329	3021	2	1117	0	168.000
1330	870	0	870	0	144.824
1331	3024	2	1120	0	168.000
1332	869	0	869	0	146.591
1333	3027	2	1123	0	168.000
1334	868	0	868	0	148.358
1335	3030	2	1126	0	168.000
1336	867	0	867	0	150.125
1337	3033	2	1129	0	168.000
1338	866	0	866	0	151.891
1339	3036	2	1132	0	168.000
1340	865	0	865	0	153.658
1341	3039	2	1135	0	168.000
1342	864	0	864	0	155.425
1343	3042	2	1138	0	168.000
1344	879	0	879	0	128.924
1345	2997	2	1093	0	168.000
1346	878	0	878	0	130.691
1347	3000	2	1096	0	168.000
1348	877	0	877	0	132.458
1349	3003	2	1099	0	168.000
1350	876	0	876	0	134.224
1351	3006	2	1102	0	168.000
1352	875	0	875	0	135.991
1353	3009	2	1105	0	168.000
1354	874	0	874	0	137.758
1355	3012	2	1108	0	168.000
1356	873	0	873	0	139.524
1357	3015	2	1111	0	168.000
1358	872	0	872	0	141.291
1359	3018	2	1114	0	168.000
1360	3019	2	1115	0	168.000
1361	3017	2	1113	0	168.000
1362	3016	2	1112	0	168.000
1363	3014	2	1110	0	168.000
1364	3013	2	1109	0	168.000
1365	3011	2	1107	0	168.000
1366	3010	2	1106	0	168.000
1367	3008	2	1104	0	168.000
1368	3007	2	1103	0	168.000
1369	3005	2	1101	0	168.000
1370	3004	2	1100	0	168.000
1371	3002	2	1098	0	168.000
1372	3001	2	1097	0	168.000
1373	2999	2	1095	0	168.000
1374	2998	2	1094	0	168.000
1375	2996	2	1092	0	168.000
1376	2995	2	1091	0	168.000
1377	2993	2	1089	0	168.000
1378	2992	2	1088	0	168.000
1379	2990	2	1086	0	168.000
1380	2989	2	1085	0	168.000
1381	2987	2	1083	0	168.000
1382	2986	2	1082	0	168.000
1383	2984	2	1080	0	168.000
1384	2983	2	1079	0	168.000
1385	2981	2	1077	0	168.000
1386	2980	2	1076	0	168.000
1387	2978	2	1074	0	168.000
1388	2977	2	1073	0	168.000
1389	2975	2	1071	0	168.000
1390	2974	2	1070	0	168.000
1391	2972	2	1068	0	168.000
1392	887	0	887	0	114.791
1393	2973	2	1069	0	168.000
1394	886	0	886	0	116.557
1395	2976	2	1072	0	168.000
1396	885	0	885	0	118.324
1397	2979	2	1075	0	168.000
1398	884	0	884	0	120.091
1399	2982	2	1078	0	168.000
1400	883	0	883	0	121.857
1401	2985	2	1081	0	168.000
1402	882	0	882	0	123.624
1403	2988	2	1084	0	168.000
1404	881	0	881	0	125.391
1405	2991	2	1087	0	168.000
1406	880	0	880	0	127.158
1407	2994	2	1090	0	168.000
1408	809	0	809	0	171.993
1409	808	0	808	0	171.993
1410	1854	1	902	0	89.145
1411	806	0	806	0	171.993
1412	1852	1	900	0	92.678
1413	804	0	804	0	171.993
1414	1850	1	898	0	96.212
1415	802	0	802	0	171.993
1416	1848	1	896	0	99.745
1417	800	0	800	0	171.993
1418	1846	1	894	0	103.278
1419	798	0	798	0	171.993
1420	1844	1	892	0	106.812
1421	796	0	796	0	171.993
1422	795	0	795	0	171.993
1423	794	0	794	0	171.993
1424	1842	1	890	0	110.345
1425	1843	1	891	0	108.578
1426	797	0	797	0	171.993
1427	1845	1	893	0	105.045
1428	799	0	799	0	171.993
1429	1847	1	895	0	101.512
1430	801	0	801	0	171.993
1431	1849	1	897	0	97.978
1432	803	0	803	0	171.993
1433	1851	1	899	0	94.445
1434	805	0	805	0	171.993
1435	1853	1	901	0	90.911
1436	807	0	807	0	171.993
1437	1855	1	903	0	87.378
1438	1856	1	904	0	85.611
1439	1857	1	905	0	83.845
1440	811	0	811	0	171.993
1441	1859	1	907	0	80.311
1442	813	0	813	0	171.993
1443	1861	1	909	0	76.778
1444	815	0	815	0	171.993
1445	1863	1	911	0	73.245
1446	817	0	817	0	171.993
1447	1865	1	913	0	69.711
1448	819	0	819	0	171.993
1449	1867	1	915	0	66.178
1450	821	0	821	0	171.993
1451	1869	1	917	0	62.644
1452	823	0	823	0	171.993
1453	1871	1	919	0	59.111
1454	825	0	825	0	171.993
1455	1873	1	921	0	55.578
1456	1872	1	920	0	57.344
1457	824	0	824	0	171.993
1458	1870	1	918	0	60.878
1459	822	0	822	0	171.993
1460	1868	1	916	0	64.411
1461	820	0	820	0	171.993
1462	1866	1	914	0	67.944
1463	818	0	818	0	171.993
1464	1864	1	912	0	71.478
1465	816	0	816	0	171.993
1466	1862	1	910	0	75.011
1467	814	0	814	0	171.993
1468	1860	1	908	0	78.545
1469	812	0	812	0	171.993
1470	1858	1	906	0	82.078
1471	810	0	810	0	171.993
1472	1888	1	936	0	29.077
1473	840	0	840	0	171.993
1474	1886	1	934	0	32.611
1475	838	0	838	0	171.993
1476	1884	1	932	0	36.144
1477	836	0	836	0	171.993
1478	1882	1	930	0	39.677
1479	834	0	834	0	171.993
1480	1880	1	928	0	43.211
1481	832	0	832	0	171.993
1482	1878	1	926	0	46.744
1483	830	0	830	0	171.993
1484	1876	1	924	0	50.278
1485	828	0	828	0	171.993
1486	1874	1	922	0	53.811
1487	826	0	826	0	171.993
1488	827	0	827	0	171.993
1489	1875	1	923	0	52.044
1490	829	0	829	0	171.993
1491	1877	1	925	0	48.511
1492	831	0	831	0	171.993
1493	1879	1	927	0	44.978
1494	833	0	833	0	171.993
1495	1881	1	929	0	41.444
1496	835	0	835	0	171.993
1497	1883	1	931	0	37.911
1498	837	0	837	0	171.993
1499	1885	1	933	0	34.377
1500	839	0	839	0	171.993
1501	1887	1	935	0	30.844
1502	841	0	841	0	171.993
1503	1889	1	937	0	27.311
1504	843	0	843	0	171.993
1505	1891	1	939	0	23.777
1506	845	0	845	0	171.993
1507	1893	1	941	0	20.244
1508	847	0	847	0	171.993
1509	1895	1	943	0	16.710
1510	849	0	849	0	171.993
1511	1897	1	945	0	13.177
1512	851	0	851	0	171.993
1513	1899	1	947	0	9.644
1514	853	0	853	0	171.993
1515	1901	1	949	0	6.110
1516	855	0	855	0	171.325
1517	1903	1	951	0	2.577
1518	3071	2	1167	0	168.000
1519	3069	2	1165	0	168.000
1520	3068	2	1164	0	168.000
1521	3070	2	1166	0	168.000
1522	1902	1	950	0	4.344
1523	854	0	854	0	171.993
1524	1900	1	948	0	7.877
1525	852	0	852	0	171.993
1526	1898	1	946	0	11.410
1527	850	0	850	0	171.993
1528	1896	1	944	0	14.944
1529	848	0	848	0	171.993
1530	1894	1	942	0	18.477
1531	846	0	846	0	171.993
1532	1892	1	940	0	22.011
1533	844	0	844	0	171.993
1534	1890	1	938	0	25.544
1535	842	0	842	0	171.993
1536	1318	1	366	0	171.993
1537	1319	1	367	0	171.993
1538	1320	1	368	0	171.993
1539	1321	1	369	0	171.993
1540	1322	1	370	0	171.993
1541	1323	1	371	0	171.993
1542	1324	1	372	0	171.993
1543	1325	1	373	0	171.993
1544	1326	1	374	0	171.993
1545	1327	1	375	0	171.993
1546	1328	1	376	0	171.993
1547	1329	1	377	0	171.993
1548	1330	1	378	0	171.993
1549	1331	1	379	0	171.320
1550	2196	2	292	0	168.000
1551	2198	2	294	0	168.000
1552	2199	2	295	0	168.000
1553	2197	2	293	0	168.000
1554	475	0	475	0	2.577
1555	474	0	474	0	4.344
1556	473	0	473	0	6.110
1557	472	0	472	0	7.877
1558	471	0	471	0	9.644
1559	470	0	470	0	11.410
1560	469	0	469	0	13.177
1561	468	0	468	0	14.944
1562	467	0	467	0	16.710
1563	466	0	466	0	18.477
1564	465	0	465	0	20.244
1565	464	0	464	0	22.011
1566	463	0	463	0	23.777
1567	462	0	462	0	25.544
1568	461	0	461	0	27.311
1569	460	0	460	0	29.077
1570	459	0	459	0	30.844
1571	458	0	458	0	32.611
1572	457	0	457	0	34.377
1573	456	0	456	0	36.144
1574	455	0	455	0	37.911
1575	454	0	454	0	39.677
1576	453	0	453	0	41.444
1577	452	0	452	0	43.211
1578	451	0	451	0	44.978
1579	450	0	450	0	46.744
1580	449	0	449	0	48.511
1581	448	0	448	0	50.278
1582	447	0	447	0	52.044
1583	446	0	446	0	53.811
1584	1302	1	350	0	171.993
1585	1303	1	351	0	171.993
1586	1304	1	352	0	171.993
1587	1305	1	353	0	171.993
1588	1306	1	354	0	171.993
1589	1307	1	355	0	171.993
1590	1308	1	356	0	171.993
1591	1309	1	357	0	171.993
1592	1310	1	358	0	171.993
1593	1311	1	359	0	171.993
1594	1312	1	360	0	171.993
1595	1313	1	361	0	171.993
1596	1314	1	362	0	171.993
1597	1315	1	363	0	171.993
1598	1316	1	364	0	171.993
1599	1317	1	365	0	171.993
1600	1286	1	334	0	171.993
1601	1287	1	335	0	171.993
1602	1288	1	336	0	171.993
1603	1289	1	337	0	171.993
1604	1290	1	338	0	171.993
1605	1291	1	339	0	171.993
1606	1292	1	340	0	171.993
1607	1293	1	341	0	171.993
1608	1294	1	342	0	171.993
1609	1295	1	343	0	171.993
1610	1296	1	344	0	171.993
1611	1297	1	345	0	171.993
1612	1298	1	346	0	171.993
1613	1299	1	347	0	171.993
1614	1300	1	348	0	171.993
1615	1301	1	349	0	171.993
1616	445	0	445	0	55.578
1617	444	0	444	0	57.344
1618	443	0	443	0	59.111
1619	442	0	442	0	60.878
1620	441	0	441	0	62.644
1621	440	0	440	0	64.411
1622	439	0	439	0	66.178
1623	438	0	438	0	67.944
1624	437	0	437	0	69.711
1625	436	0	436	0	71.478
1626	435	0	435	0	73.245
1627	434	0	434	0	75.011
1628	433	0	433	0	76.778
1629	432	0	432	0	78.545
1630	431	0	431	0	80.311
1631	430	0	430	0	82.078
1632	429	0	429	0	83.845
1633	428	0	428	0	85.611
1634	427	0	427	0	87.378
1635	426	0	426	0	89.145
1636	425	0	425	0	90.911
1637	424	0	424	0	92.678
1638	423	0	423	0	94.445
1639	422	0	422	0	96.212
1640	421	0	421	0	97.978
1641	420	0	420	0	99.745
1642	419	0	419	0	101.512
1643	418	0	418	0	103.278
1644	417	0	417	0	105.045
1645	416	0	416	0	106.812
1646	415	0	415	0	108.578
1647	414	0	414	0	110.345
1648	1270	1	318	0	171.993
1649	1271	1	319	0	171.993
1650	1272	1	320	0	171.993
1651	1273	1	321	0	171.993
1652	1274	1	322	0	171.993
1653	1275	1	323	0	171.993
1654	1276	1	324	0	171.993
1655	1277	1	325	0	171.993
1656	1278	1	326	0	171.993
1657	1279	1	327	0	171.993
1658	1280	1	328	0	171.993
1659	1281	1	329	0	171.993
1660	1282	1	330	0	171.993
1661	1283	1	331	0	171.993
1662	1284	1	332	0	171.993
1663	1285	1	333	0	171.993
1664	1356	1	404	0	127.152
1665	2273	2	369	0	168.000
1666	1357	1	405	0	125.386
1667	2276	2	372	0	168.000
1668	1358	1	406	0	123.619
1669	2279	2	375	0	168.000
1670	1359	1	407	0	121.852
1671	2282	2	378	0	168.000
1672	1360	1	408	0	120.086
1673	2285	2	381	0	168.000
1674	1361	1	409	0	118.319
1675	2288	2	384	0	168.000
1676	1362	1	410	0	116.552
1677	2291	2	387	0	168.000
1678	1363	1	411	0	114.786
1679	2294	2	390	0	168.000
1680	2295	2	391	0	168.000
1681	2293	2	389	0	168.000
1682	2292	2	388	0	168.000
1683	2290	2	386	0	168.000
1684	2289	2	385	0	168.000
1685	2287	2	383	0	168.000
1686	2286	2	382	0	168.000
1687	2284	2	380	0	168.000
1688	2283	2	379	0	168.000
1689	2281	2	377	0	168.000
1690	2280	2	376	0	168.000
1691	2278	2	374	0	168.000
1692	2277	2	373	0	168.000
1693	2275	2	371	0	168.000
1694	2274	2	370	0	168.000
1695	2272	2	368	0	168.000
1696	2271	2	367	0	168.000
1697	2269	2	365	0	168.000
1698	2268	2	364	0	168.000
1699	2266	2	362	0	168.000
1700	2265	2	361	0	168.000
1701	2263	2	359	0	168.000
1702	2262	2	358	0	168.000
1703	2260	2	356	0	168.000
1704	2259	2	355	0	168.000
1705	2257	2	353	0	168.000
1706	2256	2	352	0	168.000
1707	2254	2	350	0	168.000
1708	2253	2	349	0	168.000
1709	2251	2	347	0	168.000
1710	2250	2	346	0	168.000
1711	2248	2	344	0	168.000
1712	1348	1	396	0	141.286
1713	2249	2	345	0	168.000
1714	1349	1	397	0	139.519
1715	2252	2	348	0	168.000
1716	1350	1	398	0	137.753
1717	2255	2	351	0	168.000
1718	1351	1	399	0	135.986
1719	2258	2	354	0	168.000
1720	1352	1	400	0	134.219
1721	2261	2	357	0	168.000
1722	1353	1	401	0	132.453
1723	2264	2	360	0	168.000
1724	1354	1	402	0	130.686
1725	2267	2	363	0	168.000
1726	1355	1	403	0	128.919
1727	2270	2	366	0	168.000
1728	1340	1	388	0	155.420
1729	2225	2	321	0	168.000
1730	1341	1	389	0	153.653
1731	2228	2	324	0	168.000
1732	1342	1	390	0	151.886
1733	2231	2	327	0	168.000
1734	1343	1	391	0	150.119
1735	2234	2	330	0	168.000
1736	1344	1	392	0	148.353
1737	2237	2	333	0	168.000
1738	1345	1	393	0	146.586
1739	2240	2	336	0	168.000
1740	1346	1	394	0	144.819
1741	2243	2	339	0	168.000
1742	1347	1	395	0	143.053
1743	2246	2	342	0	168.000
1744	2247	2	343	0	168.000
1745	2245	2	341	0	168.000
1746	2244	2	340	0	168.000
1747	2242	2	338	0	168.000
1748	2241	2	337	0	168.000
1749	2239	2	335	0	168.000
1750	2238	2	334	0	168.000
1751	2236	2	332	0	168.000
1752	2235	2	331	0	168.000
1753	2233	2	329	0	168.000
1754	2232	2	328	0	168.000
1755	2230	2	326	0	168.000
1756	2229	2	325	0	168.000
1757	2227	2	323	0	168.000
1758	2226	2	322	0	168.000
1759	2224	2	320	0	168.000
1760	2223	2	319	0	168.000
1761	2221	2	317	0	168.000
1762	2220	2	316	0	168.000
1763	2218	2	314	0	168.000
1764	2217	2	313	0	168.000
1765	2215	2	311	0	168.000
1766	2214	2	310	0	168.000
1767	2212	2	308	0	168.000
1768	2211	2	307	0	168.000
1769	2209	2	305	0	168.000
1770	2208	2	304	0	168.000
1771	2206	2	302	0	168.000
1772	2205	2	301	0	168.000
1773	2203	2	299	0	168.000
1774	2202	2	298	0	168.000
1775	2200	2	296	0	168.000
1776	1332	1	380	0	169.553
1777	2201	2	297	0	168.000
1778	1333	1	381	0	167.786
1779	2204	2	300	0	168.000
1780	1334	1	382	0	166.020
1781	2207	2	303	0	168.000
1782	1335	1	383	0	164.253
1783	2210	2	306	0	168.000
1784	1336	1	384	0	162.486
1785	2213	2	309	0	168.000
1786	1337	1	385	0	160.720
1787	2216	2	312	0	168.000
1788	1338	1	386	0	158.953
1789	2219	2	315	0	168.000
1790	1339	1	387	0	157.186
1791	2222	2	318	0	168.000
1792	927	0	927	0	44.123
1793	2853	2	949	0	168.000
1794	926	0	926	0	45.890
1795	2856	2	952	0	168.000
1796	925	0	925	0	47.656
1797	2859	2	955	0	168.000
1798	924	0	924	0	49.423
1799	2862	2	958	0	168.000
1800	923	0	923	0	51.190
1801	2865	2	961	0	168.000
1802	922	0	922	0	52.956
1803	2868	2	964	0	168.000
1804	921	0	921	0	54.723
1805	2871	2	967	0	168.000
1806	920	0	920	0	56.490
1807	2874	2	970	0	168.000
1808	2875	2	971	0	168.000
1809	2873	2	969	0	168.000
1810	2872	2	968	0	168.000
1811	2870	2	966	0	168.000
1812	2869	2	965	0	168.000
1813	2867	2	963	0	168.000
1814	2866	2	962	0	168.000
1815	2864	2	960	0	168.000
1816	2863	2	959	0	168.000
1817	2861	2	957	0	168.000
1818	2860	2	956	0	168.000
1819	2858	2	954	0	168.000
1820	2857	2	953	0	168.000
1821	2855	2	951	0	168.000
1822	2854	2	950	0	168.000
1823	2852	2	948	0	168.000
1824	2851	2	947	0	168.000
1825	2849	2	945	0	168.000
1826	2848	2	944	0	168.000
1827	2846	2	942	0	168.000
1828	2845	2	941	0	168.000
1829	2843	2	939	0	168.000
1830	2842	2	938	0	168.000
1831	2840	2	936	0	168.000
1832	2839	2	935	0	168.000
1833	2837	2	933	0	168.000
1834	2836	2	932	0	168.000
1835	2834	2	930	0	168.000
1836	2833	2	929	0	168.000
1837	2831	2	927	0	168.000
1838	2830	2	926	0	168.000
1839	2828	2	924	0	168.000
1840	935	0	935	0	29.989
1841	2829	2	925	0	168.000
1842	934	0	934	0	31.756
1843	2832	2	928	0	168.000
1844	933	0	933	0	33.523
1845	2835	2	931	0	168.000
1846	932	0	932	0	35.290
1847	2838	2	934	0	168.000
1848	931	0	931	0	37.056
1849	2841	2	937	0	168.000
1850	930	0	930	0	38.823
1851	2844	2	940	0	168.000
1852	929	0	929	0	40.590
1853	2847	2	943	0	168.000
1854	928	0	928	0	42.356
1855	2850	2	946	0	168.000
1856	943	0	943	0	15.856
1857	2805	2	901	0	168.000
1858	942	0	942	0	17.623
1859	2808	2	904	0	168.000
1860	941	0	941	0	19.389
1861	2811	2	907	0	168.000
1862	940	0	940	0	21.156
1863	2814	2	910	0	168.000
1864	939	0	939	0	22.923
1865	2817	2	913	0	168.000
1866	938	0	938	0	24.689
1867	2820	2	916	0	168.000
1868	937	0	937	0	26.456
1869	2823	2	919	0	168.000
1870	936	0	936	0	28.223
1871	2826	2	922	0	168.000
1872	2827	2	923	0	168.000
1873	2825	2	921	0	168.000
1874	2824	2	920	0	168.000
1875	2822	2	918	0	168.000
1876	2821	2	917	0	168.000
1877	2819	2	915	0	168.000
1878	2818	2	914	0	168.000
1879	2816	2	912	0	168.000
1880	2815	2	911	0	168.000
1881	2813	2	909	0	168.000
1882	2812	2	908	0	168.000
1883	2810	2	906	0	168.000
1884	2809	2	905	0	168.000
1885	2807	2	903	0	168.000
1886	2806	2	902	0	168.000
1887	2804	2	900	0	168.000
1888	2803	2	899	0	168.000
1889	2801	2	897	0	168.000
1890	2800	2	896	0	168.000
1891	2798	2	894	0	168.000
1892	2797	2	893	0	168.000
1893	2795	2	891	0	168.000
1894	2794	2	890	0	168.000
1895	2792	2	888	0	168.000
1896	2791	2	887	0	168.000
1897	2789	2	885	0	168.000
1898	2788	2	884	0	168.000
1899	2786	2	882	0	168.000
1900	2785	2	881	0	168.000
1901	2783	2	879	0	168.000
1902	2782	2	878	0	168.000
1903	2780	2	876	0	168.000
1904	951	0	951	0	1.722
1905	2781	2	877	0	168.000
1906	950	0	950	0	3.489
1907	2784	2	880	0	168.000
1908	949	0	949	0	5.256
1909	2787	2	883	0	168.000
1910	948	0	948	0	7.022
1911	2790	2	886	0	168.000
1912	947	0	947	0	8.789
1913	2793	2	889	0	168.000
1914	946	0	946	0	10.556
1915	2796	2	892	0	168.000
1916	945	0	945	0	12.323
1917	2799	2	895	0	168.000
1918	944	0	944	0	14.089
1919	2802	2	898	0	168.000
1920	895	0	895	0	100.657
1921	2949	2	1045	0	168.000
1922	894	0	894	0	102.424
1923	2952	2	1048	0	168.000
1924	893	0	893	0	104.191
1925	2955	2	1051	0	168.000
1926	892	0	892	0	105.957
1927	2958	2	1054	0	168.000
1928	891	0	891	0	107.724
1929	2961	2	1057	0	168.000
1930	890	0	890	0	109.491
1931	2964	2	1060	0	168.000
1932	889	0	889	0	111.257
1933	2967	2	1063	0	168.000
1934	888	0	888	0	113.024
1935	2970	2	1066	0	168.000
1936	2971	2	1067	0	168.000
1937	2969	2	1065	0	168.000
1938	2968	2	1064	0	168.000
1939	2966	2	1062	0	168.000
1940	2965	2	1061	0	168.000
1941	2963	2	1059	0	168.000
1942	2962	2	1058	0	168.000
1943	2960	2	1056	0	168.000
1944	2959	2	1055	0	168.000
1945	2957	2	1053	0	168.000
1946	2956	2	1052	0	168.000
1947	2954	2	1050	0	168.000
1948	2953	2	1049	0	168.000
1949	2951	2	1047	0	168.000
1950	2950	2	1046	0	168.000
1951	2948	2	1044	0	168.000
1952	2947	2	1043	0	168.000
1953	2945	2	1041	0	168.000
1954	2944	2	1040	0	168.000
1955	2942	2	1038	0	168.000
1956	2941	2	1037	0	168.000
1957	2939	2	1035	0	168.000
1958	2938	2	1034	0	168.000
1959	2936	2	1032	0	168.000
1960	2935	2	1031	0	168.000
1961	2933	2	1029	0	168.000
1962	2932	2	1028	0	168.000
1963	2930	2	1026	0	168.000
1964	2929	2	1025	0	168.000
1965	2927	2	1023	0	168.000
1966	2926	2	1022	0	168.000
1967	2924	2	1020	0	168.000
1968	903	0	903	0	86.524
1969	2925	2	1021	0	168.000
1970	902	0	902	0	88.290
1971	2928	2	1024	0	168.000
1972	901	0	901	0	90.057
1973	2931	2	1027	0	168.000
1974	900	0	900	0	91.824
1975	2934	2	1030	0	168.000
1976	899	0	899	0	93.590
1977	2937	2	1033	0	168.000
1978	898	0	898	0	95.357
1979	2940	2	1036	0	168.000
1980	897	0	897	0	97.124
1981	2943	2	1039	0	168.000
1982	896	0	896	0	98.890
1983	2946	2	1042	0	168.000
1984	911	0	911	0	72.390
1985	2901	2	997	0	168.000
1986	910	0	910	0	74.157
1987	2904	2	1000	0	168.000
1988	909	0	909	0	75.923
1989	2907	2	1003	0	168.000
1990	908	0	908	0	77.690
1991	2910	2	1006	0	168.000
1992	907	0	907	0	79.457
1993	2913	2	1009	0	168.000
1994	906	0	906	0	81.224
1995	2916	2	1012	0	168.000
1996	905	0	905	0	82.990
1997	2919	2	1015	0	168.000
1998	904	0	904	0	84.757
1999	2922	2	1018	0	168.000
2000	2923	2	1019	0	168.000
2001	2921	2	1017	0	168.000
2002	2920	2	1016	0	168.000
2003	2918	2	1014	0	168.000
2004	2917	2	1013	0	168.000
2005	2915	2	1011	0	168.000
2006	2914	2	1010	0	168.000
2007	2912	2	1008	0	168.000
2008	2911	2	1007	0	168.000
2009	2909	2	1005	0	168.000
2010	2908	2	1004	0	168.000
2011	2906	2	1002	0	168.000
2012	2905	2	1001	0	168.000
2013	2903	2	999	0	168.000
2014	2902	2	998	0	168.000
2015	2900	2	996	0	168.000
2016	2899	2	995	0	168.000
2017	2897	2	993	0	168.000
2018	2896	2	992	0	168.000
2019	2894	2	990	0	168.000
2020	2893	2	989	0	168.000
2021	2891	2	987	0	168.000
2022	2890	2	986	0	168.000
2023	2888	2	984	0	168.000
2024	2887	2	983	0	168.000
2025	2885	2	981	0	168.000
2026	2884	2	980	0	168.000
2027	2882	2	978	0	168.000
2028	2881	2	977	0	168.000
2029	2879	2	975	0	168.000
2030	2878	2	974	0	168.000
2031	2876	2	972	0	168.000
2032	919	0	919	0	58.257
2033	2877	2	973	0	168.000
2034	918	0	918	0	60.023
2035	2880	2	976	0	168.000
2036	917	0	917	0	61.790
2037	2883	2	979	0	168.000
2038	916	0	916	0	63.557
2039	2886	2	982	0	168.000
2040	915	0	915	0	65.323
2041	2889	2	985	0	168.000
2042	914	0	914	0	67.090
2043	2892	2	988	0	168.000
2044	913	0	913	0	68.857
2045	2895	2	991	0	168.000
2046	912	0	912	0	70.623
2047	2898	2	994	0	168.000
2048	88	0	88	0	157.306
2049	1930	2	26	0	168.000
2050	89	0	89	0	159.073
2051	1927	2	23	0	168.000
2052	90	0	90	0	160.839
2053	1924	2	20	0	168.000
2054	91	0	91	0	162.606
2055	1921	2	17	0	168.000
2056	92	0	92	0	164.373
2057	1918	2	14	0	168.000
2058	93	0	93	0	166.139
2059	1915	2	11	0	168.000
2060	94	0	94	0	167.906
2061	1912	2	8	0	168.000
2062	95	0	95	0	169.673
2063	1909	2	5	0	168.000
2064	1908	2	4	0	168.000
2065	1910	2	6	0	168.000
2066	1911	2	7	0	168.000
2067	1913	2	9	0	168.000
2068	1914	2	10	0	168.000
2069	1916	2	12	0	168.000
2070	1917	2	13	0	168.000
2071	1919	2	15	0	168.000
2072	1920	2	16	0	168.000
2073	1922	2	18	0	168.000
2074	1923	2	19	0	168.000
2075	1925	2	21	0	168.000
2076	1926	2	22	0	168.000
2077	1928	2	24	0	168.000
2078	1929	2	25	0	168.000
2079	1931	2	27	0	168.000
2080	1932	2	28	0	168.000
2081	1934	2	30	0	168.000
2082	1935	2	31	0	168.000
2083	1937	2	33	0	168.000
2084	1938	2	34	0	168.000
2085	1940	2	36	0	168.000
2086	1941	2	37	0	168.000
2087	1943	2	39	0	168.000
2088	1944	2	40	0	168.000
2089	1946	2	42	0	168.000
2090	1947	2	43	0	168.000
2091	1949	2	45	0	168.000
2092	1950	2	46	0	168.000
2093	1952	2	48	0	168.000
2094	1953	2	49	0	168.000
2095	1955	2	51	0	168.000
2096	80	0	80	0	143.172
2097	1954	2	50	0	168.000
2098	81	0	81	0	144.939
2099	1951	2	47	0	168.000
2100	82	0	82	0	146.706
2101	1948	2	44	0	168.000
2102	83	0	83	0	148.473
2103	1945	2	41	0	168.000
2104	84	0	84	0	150.239
2105	1942	2	38	0	168.000
2106	85	0	85	0	152.006
2107	1939	2	35	0	168.000
2108	86	0	86	0	153.773
2109	1936	2	32	0	168.000
2110	87	0	87	0	155.539
2111	1933	2	29	0	168.000
2112	72	0	72	0	129.039
2113	1978	2	74	0	168.000
2114	73	0	73	0	130.806
2115	1975	2	71	0	168.000
2116	74	0	74	0	132.572
2117	1972	2	68	0	168.000
2118	75	0	75	0	134.339
2119	1969	2	65	0	168.000
2120	76	0	76	0	136.106
2121	1966	2	62	0	168.000
2122	77	0	77	0	137.872
2123	1963	2	59	0	168.000
2124	78	0	78	0	139.639
2125	1960	2	56	0	168.000
2126	79	0	79	0	141.406
2127	1957	2	53	0	168.000
2128	1956	2	52	0	168.000
2129	1958	2	54	0	168.000
2130	1959	2	55	0	168.000
2131	1961	2	57	0	168.000
2132	1962	2	58	0	168.000
2133	1964	2	60	0	168.000
2134	1965	2	61	0	168.000
2135	1967	2	63	0	168.000
2136	1968	2	64	0	168.000
2137	1970	2	66	0	168.000
2138	1971	2	67	0	168.000
2139	1973	2	69	0	168.000
2140	1974	2	70	0	168.000
2141	1976	2	72	0	168.000
2142	1977	2	73	0	168.000
2143	1979	2	75	0	168.000
2144	1980	2	76	0	168.000
2145	1982	2	78	0	168.000
2146	1983	2	79	0	168.000
2147	1985	2	81	0	168.000
2148	1986	2	82	0	168.000
2149	1988	2	84	0	168.000
2150	1989	2	85	0	168.000
2151	1991	2	87	0	168.000
2152	1992	2	88	0	168.000
2153	1994	2	90	0	168.000
2154	1995	2	91	0	168.000
2155	1997	2	93	0	168.000
2156	1998	2	94	0	168.000
2157	2000	2	96	0	168.000
2158	2001	2	97	0	168.000
2159	2003	2	99	0	168.000
2160	64	0	64	0	114.905
2161	2002	2	98	0	168.000
2162	65	0	65	0	116.672
2163	1999	2	95	0	168.000
2164	66	0	66	0	118.439
2165	1996	2	92	0	168.000
2166	67	0	67	0	120.205
2167	1993	2	89	0	168.000
2168	68	0	68	0	121.972
2169	1990	2	86	0	168.000
2170	69	0	69	0	123.739
2171	1987	2	83	0	168.000
2172	70	0	70	0	125.506
2173	1984	2	80	0	168.000
2174	71	0	71	0	127.272
2175	1981	2	77	0	168.000
2176	142	0	142	0	171.993
2177	143	0	143	0	171.993
2178	1001	1	49	0	89.265
2179	145	0	145	0	171.993
2180	1003	1	51	0	92.798
2181	147	0	147	0	171.993
2182	1005	1	53	0	96.331
2183	149	0	149	0	171.993
2184	1007	1	55	0	99.865
2185	151	0	151	0	171.993
2186	1009	1	57	0	103.398
2187	153	0	153	0	171.993
2188	1011	1	59	0	106.931
2189	155	0	155	0	171.993
2190	156	0	156	0	171.993
2191	157	0	157	0	171.993
2192	1013	1	61	0	110.465
2193	1012	1	60	0	108.698
2194	154	0	154	0	171.993
2195	1010	1	58	0	105.165
2196	152	0	152	0	171.993
2197	1008	1	56	0	101.631
2198	150	0	150	0	171.993
2199	1006	1	54	0	98.098
2200	148	0	148	0	171.993
2201	1004	1	52	0	94.565
2202	146	0	146	0	171.993
2203	1002	1	50	0	91.031
2204	144	0	144	0	171.993
2205	1000	1	48	0	87.498
2206	999	1	47	0	85.731
2207	998	1	46	0	83.964
2208	140	0	140	0	171.993
2209	996	1	44	0	80.431
2210	138	0	138	0	171.993
2211	994	1	42	0	76.898
2212	136	0	136	0	171.993
2213	992	1	40	0	73.364
2214	134	0	134	0	171.993
2215	990	1	38	0	69.831
2216	132	0	132	0	171.993
2217	988	1	36	0	66.298
2218	130	0	130	0	171.993
2219	986	1	34	0	62.764
2220	128	0	128	0	171.993
2221	984	1	32	0	59.231
2222	126	0	126	0	171.993
2223	982	1	30	0	55.697
2224	983	1	31	0	57.464
2225	127	0	127	0	171.993
2226	985	1	33	0	60.997
2227	129	0	129	0	171.993
2228	987	1	35	0	64.531
2229	131	0	131	0	171.993
2230	989	1	37	0	68.064
2231	133	0	133	0	171.993
2232	991	1	39	0	71.598
2233	135	0	135	0	171.993
2234	993	1	41	0	75.131
2235	137	0	137	0	171.993
2236	995	1	43	0	78.664
2237	139	0	139	0	171.993
2238	997	1	45	0	82.198
2239	141	0	141	0	171.993
2240	967	1	15	0	29.197
2241	111	0	111	0	171.993
2242	969	1	17	0	32.730
2243	113	0	113	0	171.993
2244	971	1	19	0	36.264
2245	115	0	115	0	171.993
2246	973	1	21	0	39.797
2247	117	0	117	0	171.993
2248	975	1	23	0	43.331
2249	119	0	119	0	171.993
2250	977	1	25	0	46.864
2251	121	0	121	0	171.993
2252	979	1	27	0	50.397
2253	123	0	123	0	171.993
2254	981	1	29	0	53.931
2255	125	0	125	0	171.993
2256	124	0	124	0	171.993
2257	980	1	28	0	52.164
2258	122	0	122	0	171.993
2259	978	1	26	0	48.631
2260	120	0	120	0	171.993
2261	976	1	24	0	45.097
2262	118	0	118	0	171.993
2263	974	1	22	0	41.564
2264	116	0	116	0	171.993
2265	972	1	20	0	38.030
2266	114	0	114	0	171.993
2267	970	1	18	0	34.497
2268	112	0	112	0	171.993
2269	968	1	16	0	30.964
2270	110	0	110	0	171.993
2271	966	1	14	0	27.430
2272	108	0	108	0	171.993
2273	964	1	12	0	23.897
2274	106	0	106	0	171.993
2275	962	1	10	0	20.364
2276	104	0	104	0	171.993
2277	960	1	8	0	16.830
2278	102	0	102	0	171.993
2279	958	1	6	0	13.297
2280	100	0	100	0	171.993
2281	956	1	4	0	9.763
2282	98	0	98	0	171.993
2283	954	1	2	0	6.230
2284	96	0	96	0	171.440
2285	952	1	0	0	2.697
2286	1904	2	0	0	168.000
2287	1906	2	2	0	168.000
2288	1907	2	3	0	168.000
2289	1905	2	1	0	168.000
2290	953	1	1	0	4.463
2291	97	0	97	0	171.993
2292	955	1	3	0	7.997
2293	99	0	99	0	171.993
2294	957	1	5	0	11.530
2295	101	0	101	0	171.993
2296	959	1	7	0	15.063
2297	103	0	103	0	171.993
2298	961	1	9	0	18.597
2299	105	0	105	0	171.993
2300	963	1	11	0	22.130
2301	107	0	107	0	171.993
2302	965	1	13	0	25.664
2303	109	0	109	0	171.993
2304	334	0	334	0	171.993
2305	335	0	335	0	171.993
2306	336	0	336	0	171.993
2307	337	0	337	0	171.993
2308	338	0	338	0	171.993
2309	339	0	339	0	171.993
2310	340	0	340	0	171.993
2311	341	0	341	0	171.993
2312	342	0	342	0	171.993
2313	343	0	343	0	171.993
2314	344	0	344	0	171.993
2315	345	0	345	0	171.993
2316	346	0	346	0	171.993
2317	347	0	347	0	171.993
2318	348	0	348	0	171.993
2319	349	0	349	0	171.993
2320	1205	1	253	0	171.993
2321	1204	1	252	0	171.993
2322	1203	1	251	0	171.993
2323	1202	1	250	0	171.993
2324	1201	1	249	0	171.993
2325	1200	1	248	0	171.993
2326	1199	1	247	0	171.993
2327	1198	1	246	0	171.993
2328	1197	1	245	0	171.993
2329	1196	1	244	0	171.993
2330	1195	1	243	0	171.993
2331	1194	1	242	0	171.993
2332	1193	1	241	0	171.993
2333	1192	1	240	0	171.993
2334	1191	1	239	0	171.993
2335	1190	1	238	0	171.993
2336	1189	1	237	0	171.993
2337	1188	1	236	0	171.993
2338	1187	1	235	0	171.993
2339	1186	1	234	0	171.993
2340	1185	1	233	0	171.993
2341	1184	1	232	0	171.993
2342	1183	1	231	0	171.993
2343	1182	1	230	0	171.993
2344	1181	1	229	0	171.993
2345	1180	1	228	0	171.993
2346	1179	1	227	0	171.993
2347	1178	1	226	0	171.993
2348	1177	1	225	0	171.993
2349	1176	1	224	0	171.993
2350	1175	1	223	0	171.993
2351	1174	1	222	0	171.993
2352	318	0	318	0	171.993
2353	319	0	319	0	171.993
2354	320	0	320	0	171.993
2355	321	0	321	0	171.993
2356	322	0	322	0	171.993
2357	323	0	323	0	171.993
2358	324	0	324	0	171.993
2359	325	0	325	0	171.993
2360	326	0	326	0	171.993
2361	327	0	327	0	171.993
2362	328	0	328	0	171.993
2363	329	0	329	0	171.993
2364	330	0	330	0	171.993
2365	331	0	331	0	171.993
2366	332	0	332	0	171.993
2367	333	0	333	0	171.993
2368	302	0	302	0	171.993
2369	303	0	303	0	171.993
2370	304	0	304	0	171.993
2371	305	0	305	0	171.993
2372	306	0	306	0	171.993
2373	307	0	307	0	171.993
2374	308	0	308	0	171.993
2375	309	0	309	0	171.993
2376	310	0	310	0	171.993
2377	311	0	311	0	171.993
2378	312	0	312	0	171.993
2379	313	0	313	0	171.993
2380	314	0	314	0	171.993
2381	315	0	315	0	171.993
2382	316	0	316	0	171.993
2383	317	0	317	0	171.993
2384	1173	1	221	0	171.993
2385	1172	1	220	0	171.993
2386	1171	1	219	0	171.993
2387	1170	1	218	0	171.993
2388	1169	1	217	0	171.993
2389	1168	1	216	0	171.993
2390	1167	1	215	0	171.993
2391	1166	1	214	0	171.993
2392	1165	1	213	0	171.993
2393	1164	1	212	0	171.993
2394	1163	1	211	0	171.993
2395	1162	1	210	0	171.993
2396	1161	1	209	0	171.993
2397	1160	1	208	0	171.993
2398	1159	1	207	0	171.993
2399	1158	1	206	0	171.993
2400	1157	1	205	0	171.993
2401	1156	1	204	0	171.993
2402	1155	1	203	0	171.993
2403	1154	1	202	0	171.993
2404	1153	1	201	0	171.993
2405	1152	1	200	0	171.993
2406	1151	1	199	0	171.993
2407	1150	1	198	0	171.993
2408	1149	1	197	0	171.993
2409	1148	1	196	0	171.993
2410	1147	1	195	0	171.993
2411	1146	1	194	0	171.993
2412	1145	1	193	0	171.993
2413	1144	1	192	0	171.993
2414	1143	1	191	0	171.993
2415	1142	1	190	0	171.993
2416	286	0	286	0	171.993
2417	287	0	287	0	171.993
2418	288	0	288	0	171.993
2419	289	0	289	0	171.993
2420	290	0	290	0	171.993
2421	291	0	291	0	171.993
2422	292	0	292	0	171.993
2423	293	0	293	0	171.993
2424	294	0	294	0	171.993
2425	295	0	295	0	171.993
2426	296	0	296	0	171.993
2427	297	0	297	0	171.993
2428	298	0	298	0	171.993
2429	299	0	299	0	171.993
2430	300	0	300	0	171.993
2431	301	0	301	0	171.993
2432	398	0	398	0	138.612
2433	399	0	399	0	136.845
2434	400	0	400	0	135.079
2435	401	0	401	0	133.312
2436	402	0	402	0	131.545
2437	403	0	403	0	129.779
2438	404	0	404	0	128.012
2439	405	0	405	0	126.245
2440	406	0	406	0	124.479
2441	407	0	407	0	122.712
2442	408	0	408	0	120.945
2443	409	0	409	0	119.179
2444	410	0	410	0	117.412
2445	411	0	411	0	115.645
2446	412	0	412	0	113.878
2447	413	0	413	0	112.112
2448	1269	1	317	0	171.993
2449	1268	1	316	0	171.993
2450	1267	1	315	0	171.993
2451	1266	1	314	0	171.993
2452	1265	1	313	0	171.993
2453	1264	1	312	0	171.993
2454	1263	1	311	0	171.993
2455	1262	1	310	0	171.993
2456	1261	1	309	0	171.993
2457	1260	1	308	0	171.993
2458	1259	1	307	0	171.993
2459	1258	1	306	0	171.993
2460	1257	1	305	0	171.993
2461	1256	1	304	0	171.993
2462	1255	1	303	0	171.993
2463	1254	1	302	0	171.993
2464	1253	1	301	0	171.993
2465	1252	1	300	0	171.993
2466	1251	1	299	0	171.993
2467	1250	1	298	0	171.993
2468	1249	1	297	0	171.993
2469	1248	1	296	0	171.993
2470	1247	1	295	0	171.993
2471	1246	1	294	0	171.993
2472	1245	1	293	0	171.993
2473	1244	1	292	0	171.993
2474	1243	1	291	0	171.993
2475	1242	1	290	0	171.993
2476	1241	1	289	0	171.993
2477	1240	1	288	0	171.993
2478	1239	1	287	0	171.993
2479	1238	1	286	0	171.993
2480	382	0	382	0	166.879
2481	383	0	383	0	165.113
2482	384	0	384	0	163.346
2483	385	0	385	0	161.579
2484	386	0	386	0	159.812
2485	387	0	387	0	158.046
2486	388	0	388	0	156.279
2487	389	0	389	0	154.512
2488	390	0	390	0	152.746
2489	391	0	391	0	150.979
2490	392	0	392	0	149.212
2491	393	0	393	0	147.446
2492	394	0	394	0	145.679
2493	395	0	395	0	143.912
2494	396	0	396	0	142.146
2495	397	0	397	0	140.379
2496	366	0	366	0	171.993
2497	367	0	367	0	171.993
2498	368	0	368	0	171.993
2499	369	0	369	0	171.993
2500	370	0	370	0	171.993
2501	371	0	371	0	171.993
2502	372	0	372	0	171.993
2503	373	0	373	0	171.993
2504	374	0	374	0	171.993
2505	375	0	375	0	171.993
2506	376	0	376	0	171.993
2507	377	0	377	0	171.993
2508	378	0	378	0	171.993
2509	379	0	379	0	171.993
2510	380	0	380	0	170.413
2511	381	0	381	0	168.646
2512	1237	1	285	0	171.993
2513	1236	1	284	0	171.993
2514	1235	1	283	0	171.993
2515	1234	1	282	0	171.993
2516	1233	1	281	0	171.993
2517	1232	1	280	0	171.993
2518	1231	1	279	0	171.993
2519	1230	1	278	0	171.993
2520	1229	1	277	0	171.993
2521	1228	1	276	0	171.993
2522	1227	1	275	0	171.993
2523	1226	1	274	0	171.993
2524	1225	1	273	0	171.993
2525	1224	1	272	0	171.993
2526	1223	1	271	0	171.993
2527	1222	1	270	0	171.993
2528	1221	1	269	0	171.993
2529	1220	1	268	0	171.993
2530	1219	1	267	0	171.993
2531	1218	1	266	0	171.993
2532	1217	1	265	0	171.993
2533	1216	1	264	0	171.993
2534	1215	1	263	0	171.993
2535	1214	1	262	0	171.993
2536	1213	1	261	0	171.993
2537	1212	1	260	0	171.993
2538	1211	1	259	0	171.993
2539	1210	1	258	0	171.993
2540	1209	1	257	0	171.993
2541	1208	1	256	0	171.993
2542	1207	1	255	0	171.993
2543	1206	1	254	0	171.993
2544	350	0	350	0	171.993
2545	351	0	351	0	171.993
2546	352	0	352	0	171.993
2547	353	0	353	0	171.993
2548	354	0	354	0	171.993
2549	355	0	355	0	171.993
2550	356	0	356	0	171.993
2551	357	0	357	0	171.993
2552	358	0	358	0	171.993
2553	359	0	359	0	171.993
2554	360	0	360	0	171.993
2555	361	0	361	0	171.993
2556	362	0	362	0	171.993
2557	363	0	363	0	171.993
2558	364	0	364	0	171.993
2559	365	0	365	0	171.993
2560	24	0	24	0	44.238
2561	2122	2	218	0	168.000
2562	25	0	25	0	46.004
2563	2119	2	215	0	168.000
2564	26	0	26	0	47.771
2565	2116	2	212	0	168.000
2566	27	0	27	0	49.538
2567	2113	2	209	0	168.000
2568	28	0	28	0	51.304
2569	2110	2	206	0	168.000
2570	29	0	29	0	53.071
2571	2107	2	203	0	168.000
2572	30	0	30	0	54.838
2573	2104	2	200	0	168.000
2574	31	0	31	0	56.605
2575	2101	2	197	0	168.000
2576	2100	2	196	0	168.000
2577	2102	2	198	0	168.000
2578	2103	2	199	0	168.000
2579	2105	2	201	0	168.000
2580	2106	2	202	0	168.000
2581	2108	2	204	0	168.000
2582	2109	2	205	0	168.000
2583	2111	2	207	0	168.000
2584	2112	2	208	0	168.000
2585	2114	2	210	0	168.000
2586	2115	2	211	0	168.000
2587	2117	2	213	0	168.000
2588	2118	2	214	0	168.000
2589	2120	2	216	0	168.000
2590	2121	2	217	0	168.000
2591	2123	2	219	0	168.000
2592	2124	2	220	0	168.000
2593	2126	2	222	0	168.000
2594	2127	2	223	0	168.000
2595	2129	2	225	0	168.000
2596	2130	2	226	0	168.000
2597	2132	2	228	0	168.000
2598	2133	2	229	0	168.000
2599	2135	2	231	0	168.000
2600	2136	2	232	0	168.000
2601	2138	2	234	0	168.000
2602	2139	2	235	0	168.000
2603	2141	2	237	0	168.000
2604	2142	2	238	0	168.000
2605	2144	2	240	0	168.000
2606	2145	2	241	0	168.000
2607	2147	2	243	0	168.000
2608	16	0	16	0	30.104
2609	2146	2	242	0	168.000
2610	17	0	17	0	31.871
2611	2143	2	239	0	168.000
2612	18	0	18	0	33.638
2613	2140	2	236	0	168.000
2614	19	0	19	0	35.404
2615	2137	2	233	0	168.000
2616	20	0	20	0	37.171
2617	2134	2	230	0	168.000
2618	21	0	21	0	38.938
2619	2131	2	227	0	168.000
2620	22	0	22	0	40.704
2621	2128	2	224	0	168.000
2622	23	0	23	0	42.471
2623	2125	2	221	0	168.000
2624	8	0	8	0	15.971
2625	2170	2	266	0	168.000
2626	9	0	9	0	17.737
2627	2167	2	263	0	168.000
2628	10	0	10	0	19.504
2629	2164	2	260	0	168.000
2630	11	0	11	0	21.271
2631	2161	2	257	0	168.000
2632	12	0	12	0	23.037
2633	2158	2	254	0	168.000
2634	13	0	13	0	24.804
2635	2155	2	251	0	168.000
2636	14	0	14	0	26.571
2637	2152	2	248	0	168.000
2638	15	0	15	0	28.338
2639	2149	2	245	0	168.000
2640	2148	2	244	0	168.000
2641	2150	2	246	0	168.000
2642	2151	2	247	0	168.000
2643	2153	2	249	0	168.000
2644	2154	2	250	0	168.000
2645	2156	2	252	0	168.000
2646	2157	2	253	0	168.000
2647	2159	2	255	0	168.000
2648	2160	2	256	0	168.000
2649	2162	2	258	0	168.000
2650	2163	2	259	0	168.000
2651	2165	2	261	0	168.000
2652	2166	2	262	0	168.000
2653	2168	2	264	0	168.000
2654	2169	2	265	0	168.000
2655	2171	2	267	0	168.000
2656	2172	2	268	0	168.000
2657	2174	2	270	0	168.000
2658	2175	2	271	0	168.000
2659	2177	2	273	0	168.000
2660	2178	2	274	0	168.000
2661	2180	2	276	0	168.000
2662	2181	2	277	0	168.000
2663	2183	2	279	0	168.000
2664	2184	2	280	0	168.000
2665	2186	2	282	0	168.000
2666	2187	2	283	0	168.000
2667	2189	2	285	0	168.000
2668	2190	2	286	0	168.000
2669	2192	2	288	0	168.000
2670	2193	2	289	0	168.000
2671	2195	2	291	0	168.000
2672	0	0	0	0	1.837
2673	2194	2	290	0	168.000
2674	1	0	1	0	3.604
2675	2191	2	287	0	168.000
2676	2	0	2	0	5.371
2677	2188	2	284	0	168.000
2678	3	0	3	0	7.137
2679	2185	2	281	0	168.000
2680	4	0	4	0	8.904
2681	2182	2	278	0	168.000
2682	5	0	5	0	10.671
2683	2179	2	275	0	168.000
2684	6	0	6	0	12.437
2685	2176	2	272	0	168.000
2686	7	0	7	0	14.204
2687	2173	2	269	0	168.000
2688	56	0	56	0	100.772
2689	2026	2	122	0	168.000
2690	57	0	57	0	102.539
2691	2023	2	119	0	168.000
2692	58	0	58	0	104.305
2693	2020	2	116	0	168.000
2694	59	0	59	0	106.072
2695	2017	2	113	0	168.000
2696	60	0	60	0	107.839
2697	2014	2	110	0	168.000
2698	61	0	61	0	109.605
2699	2011	2	107	0	168.000
2700	62	0	62	0	111.372
2701	2008	2	104	0	168.000
2702	63	0	63	0	113.139
2703	2005	2	101	0	168.000
2704	2004	2	100	0	168.000
2705	2006	2	102	0	168.000
2706	2007	2	103	0	168.000
2707	2009	2	105	0	168.000
2708	2010	2	106	0	168.000
2709	2012	2	108	0	168.000
2710	2013	2	109	0	168.000
2711	2015	2	111	0	168.000
2712	2016	2	112	0	168.000
2713	2018	2	114	0	168.000
2714	2019	2	115	0	168.000
2715	2021	2	117	0	168.000
2716	2022	2	118	0	168.000
2717	2024	2	120	0	168.000
2718	2025	2	121	0	168.000
2719	2027	2	123	0	168.000
2720	2028	2	124	0	168.000
2721	2030	2	126	0	168.000
2722	2031	2	127	0	168.000
2723	2033	2	129	0	168.000
2724	2034	2	130	0	168.000
2725	2036	2	132	0	168.000
2726	2037	2	133	0	168.000
2727	2039	2	135	0	168.000
2728	2040	2	136	0	168.000
2729	2042	2	138	0	168.000
2730	2043	2	139	0	168.000
2731	2045	2	141	0	168.000
2732	2046	2	142	0	168.000
2733	2048	2	144	0	168.000
2734	2049	2	145	0	168.000
2735	2051	2	147	0	168.000
2736	48	0	48	0	86.638
2737	2050	2	146	0	168.000
2738	49	0	49	0	88.405
2739	2047	2	143	0	168.000
2740	50	0	50	0	90.172
2741	2044	2	140	0	168.000
2742	51	0	51	0	91.938
2743	2041	2	137	0	168.000
2744	52	0	52	0	93.705
2745	2038	2	134	0	168.000
2746	53	0	53	0	95.472
2747	2035	2	131	0	168.000
2748	54	0	54	0	97.238
2749	2032	2	128	0	168.000
2750	55	0	55	0	99.005
2751	2029	2	125	0	168.000
2752	40	0	40	0	72.505
2753	2074	2	170	0	168.000
2754	41	0	41	0	74.271
2755	2071	2	167	0	168.000
2756	42	0	42	0	76.038
2757	2068	2	164	0	168.000
2758	43	0	43	0	77.805
2759	2065	2	161	0	168.000
2760	44	0	44	0	79.572
2761	2062	2	158	0	168.000
2762	45	0	45	0	81.338
2763	2059	2	155	0	168.000
2764	46	0	46	0	83.105
2765	2056	2	152	0	168.000
2766	47	0	47	0	84.872
2767	2053	2	149	0	168.000
2768	2052	2	148	0	168.000
2769	2054	2	150	0	168.000
2770	2055	2	151	0	168.000
2771	2057	2	153	0	168.000
2772	2058	2	154	0	168.000
2773	2060	2	156	0	168.000
2774	2061	2	157	0	168.000
2775	2063	2	159	0	168.000
2776	2064	2	160	0	168.000
2777	2066	2	162	0	168.000
2778	2067	2	163	0	168.000
2779	2069	2	165	0	168.000
2780	2070	2	166	0	168.000
2781	2072	2	168	0	168.000
2782	2073	2	169	0	168.000
2783	2075	2	171	0	168.000
2784	2076	2	172	0	168.000
2785	2078	2	174	0	168.000
2786	2079	2	175	0	168.000
2787	2081	2	177	0	168.000
2788	2082	2	178	0	168.000
2789	2084	2	180	0	168.000
2790	2085	2	181	0	168.000
2791	2087	2	183	0	168.000
2792	2088	2	184	0	168.000
2793	2090	2	186	0	168.000
2794	2091	2	187	0	168.000
2795	2093	2	189	0	168.000
2796	2094	2	190	0	168.000
2797	2096	2	192	0	168.000
2798	2097	2	193	0	168.000
2799	2099	2	195	0	168.000
2800	32	0	32	0	58.371
2801	2098	2	194	0	168.000
2802	33	0	33	0	60.138
2803	2095	2	191	0	168.000
2804	34	0	34	0	61.905
2805	2092	2	188	0	168.000
2806	35	0	35	0	63.671
2807	2089	2	185	0	168.000
2808	36	0	36	0	65.438
2809	2086	2	182	0	168.000
2810	37	0	37	0	67.205
2811	2083	2	179	0	168.000
2812	38	0	38	0	68.971
2813	2080	2	176	0	168.000
2814	39	0	39	0	70.738
2815	2077	2	173	0	168.000
2816	206	0	206	0	171.993
2817	207	0	207	0	171.993
2818	208	0	208	0	171.993
2819	209	0	209	0	171.993
2820	210	0	210	0	171.993
2821	211	0	211	0	171.993
2822	212	0	212	0	171.993
2823	213	0	213	0	171.993
2824	214	0	214	0	171.993
2825	215	0	215	0	171.993
2826	216	0	216	0	171.993
2827	217	0	217	0	171.993
2828	218	0	218	0	171.993
2829	219	0	219	0	171.993
2830	220	0	220	0	171.993
2831	221	0	221	0	171.993
2832	1077	1	125	0	171.993
2833	1076	1	124	0	171.993
2834	1075	1	123	0	171.993
2835	1074	1	122	0	171.993
2836	1073	1	121	0	171.993
2837	1072	1	120	0	171.993
2838	1071	1	119	0	171.993
2839	1070	1	118	0	171.993
2840	1069	1	117	0	171.993
2841	1068	1	116	0	171.993
2842	1067	1	115	0	171.993
2843	1066	1	114	0	171.993
2844	1065	1	113	0	171.993
2845	1064	1	112	0	171.993
2846	1063	1	111	0	171.993
2847	1062	1	110	0	171.993
2848	1061	1	109	0	171.993
2849	1060	1	108	0	171.993
2850	1059	1	107	0	171.993
2851	1058	1	106	0	171.993
2852	1057	1	105	0	171.993
2853	1056	1	104	0	171.993
2854	1055	1	103	0	171.993
2855	1054	1	102	0	171.993
2856	1053	1	101	0	171.993
2857	1052	1	100	0	171.993
2858	1051	1	99	0	171.993
2859	1050	1	98	0	171.993
2860	1049	1	97	0	171.993
2861	1048	1	96	0	171.993
2862	1047	1	95	0	170.532
2863	1046	1	94	0	168.766
2864	190	0	190	0	171.993
2865	191	0	191	0	171.993
2866	192	0	192	0	171.993
2867	193	0	193	0	171.993
2868	194	0	194	0	171.993
2869	195	0	195	0	171.993
2870	196	0	196	0	171.993
2871	197	0	197	0	171.993
2872	198	0	198	0	171.993
2873	199	0	199	0	171.993
2874	200	0	200	0	171.993
2875	201	0	201	0	171.993
2876	202	0	202	0	171.993
2877	203	0	203	0	171.993
2878	204	0	204	0	171.993
2879	205	0	205	0	171.993
2880	174	0	174	0	171.993
2881	175	0	175	0	171.993
2882	176	0	176	0	171.993
2883	177	0	177	0	171.993
2884	178	0	178	0	171.993
2885	179	0	179	0	171.993
2886	180	0	180	0	171.993
2887	181	0	181	0	171.993
2888	182	0	182	0	171.993
2889	183	0	183	0	171.993
2890	184	0	184	0	171.993
2891	185	0	185	0	171.993
2892	186	0	186	0	171.993
2893	187	0	187	0	171.993
2894	188	0	188	0	171.993
2895	189	0	189	0	171.993
2896	1045	1	93	0	166.999
2897	1044	1	92	0	165.232
2898	1043	1	91	0	163.466
2899	1042	1	90	0	161.699
2900	1041	1	89	0	159.932
2901	1040	1	88	0	158.166
2902	1039	1	87	0	156.399
2903	1038	1	86	0	154.632
2904	1037	1	85	0	152.865
2905	1036	1	84	0	151.099
2906	1035	1	83	0	149.332
2907	1034	1	82	0	147.565
2908	1033	1	81	0	145.799
2909	1032	1	80	0	144.032
2910	1031	1	79	0	142.265
2911	1030	1	78	0	140.499
2912	1029	1	77	0	138.732
2913	1028	1	76	0	136.965
2914	1027	1	75	0	135.199
2915	1026	1	74	0	133.432
2916	1025	1	73	0	131.665
2917	1024	1	72	0	129.898
2918	1023	1	71	0	128.132
2919	1022	1	70	0	126.365
2920	1021	1	69	0	124.598
2921	1020	1	68	0	122.832
2922	1019	1	67	0	121.065
2923	1018	1	66	0	119.298
2924	1017	1	65	0	117.532
2925	1016	1	64	0	115.765
2926	1015	1	63	0	113.998
2927	1014	1	62	0	112.232
2928	158	0	158	0	171.993
2929	159	0	159	0	171.993
2930	160	0	160	0	171.993
2931	161	0	161	0	171.993
2932	162	0	162	0	171.993
2933	163	0	163	0	171.993
2934	164	0	164	0	171.993
2935	165	0	165	0	171.993
2936	166	0	166	0	171.993
2937	167	0	167	0	171.993
2938	168	0	168	0	171.993
2939	169	0	169	0	171.993
2940	170	0	170	0	171.993
2941	171	0	171	0	171.993
2942	172	0	172	0	171.993
2943	173	0	173	0	171.993
2944	270	0	270	0	171.993
2945	271	0	271	0	171.993
2946	272	0	272	0	171.993
2947	273	0	273	0	171.993
2948	274	0	274	0	171.993
2949	275	0	275	0	171.993
2950	276	0	276	0	171.993
2951	277	0	277	0	171.993
2952	278	0	278	0	171.993
2953	279	0	279	0	171.993
2954	280	0	280	0	171.993
2955	281	0	281	0	171.993
2956	282	0	282	0	171.993
2957	283	0	283	0	171.993
2958	284	0	284	0	171.993
2959	285	0	285	0	171.993
2960	1141	1	189	0	171.993
2961	1140	1	188	0	171.993
2962	1139	1	187	0	171.993
2963	1138	1	186	0	171.993
2964	1137	1	185	0	171.993
2965	1136	1	184	0	171.993
2966	1135	1	183	0	171.993
2967	1134	1	182	0	171.993
2968	1133	1	181	0	171.993
2969	1132	1	180	0	171.993
2970	1131	1	179	0	171.993
2971	1130	1	178	0	171.993
2972	1129	1	177	0	171.993
2973	1128	1	176	0	171.993
2974	1127	1	175	0	171.993
2975	1126	1	174	0	171.993
2976	1125	1	173	0	171.993
2977	1124	1	172	0	171.993
2978	1123	1	171	0	171.993
2979	1122	1	170	0	171.993
2980	1121	1	169	0	171.993
2981	1120	1	168	0	171.993
2982	1119	1	167	0	171.993
2983	1118	1	166	0	171.993
2984	1117	1	165	0	171.993
2985	1116	1	164	0	171.993
2986	1115	1	163	0	171.993
2987	1114	1	162	0	171.993
2988	1113	1	161	0	171.993
2989	1112	1	160	0	171.993
2990	1111	1	159	0	171.993
2991	1110	1	158	0	171.993
2992	254	0	254	0	171.993
2993	255	0	255	0	171.993
2994	256	0	256	0	171.993
2995	257	0	257	0	171.993
2996	258	0	258	0	171.993
2997	259	0	259	0	171.993
2998	260	0	260	0	171.993
2999	261	0	261	0	171.993
3000	262	0	262	0	171.993
3001	263	0	263	0	171.993
3002	264	0	264	0	171.993
3003	265	0	265	0	171.993
3004	266	0	266	0	171.993
3005	267	0	267	0	171.993
3006	268	0	268	0	171.993
3007	269	0	269	0	171.993
3008	238	0	238	0	171.993
3009	239	0	239	0	171.993
3010	240	0	240	0	171.993
3011	241	0	241	0	171.993
3012	242	0	242	0	171.993
3013	243	0	243	0	171.993
3014	244	0	244	0	171.993
3015	245	0	245	0	171.993
3016	246	0	246	0	171.993
3017	247	0	247	0	171.993
3018	248	0	248	0	171.993
3019	249	0	249	0	171.993
3020	250	0	250	0	171.993
3021	251	0	251	0	171.993
3022	252	0	252	0	171.993
3023	253	0	253	0	171.993
3024	1109	1	157	0	171.993
3025	1108	1	156	0	171.993
3026	1107	1	155	0	171.993
3027	1106	1	154	0	171.993
3028	1105	1	153	0	171.993
3029	1104	1	152	0	171.993
3030	1103	1	151	0	171.993
3031	1102	1	150	0	171.993
3032	1101	1	149	0	171.993
3033	1100	1	148	0	171.993
3034	1099	1	147	0	171.993
3035	1098	1	146	0	171.993
3036	1097	1	145	0	171.993
3037	1096	1	144	0	171.993
3038	1095	1	143	0	171.993
3039	1094	1	142	0	171.993
3040	1093	1	141	0	171.993
3041	1092	1	140	0	171.993
3042	1091	1	139	0	171.993
3043	1090	1	138	0	171.993
3044	1089	1	137	0	171.993
3045	1088	1	136	0	171.993
3046	1087	1	135	0	171.993
3047	1086	1	134	0	171.993
3048	1085	1	133	0	171.993
3049	1084	1	132	0	171.993
3050	1083	1	131	0	171.993
3051	1082	1	130	0	171.993
3052	1081	1	129	0	171.993
3053	1080	1	128	0	171.993
3054	1079	1	127	0	171.993
3055	1078	1	126	0	171.993
3056	222	0	222	0	171.993
3057	223	0	223	0	171.993
3058	224	0	224	0	171.993
3059	225	0	225	0	171.993
3060	226	0	226	0	171.993
3061	227	0	227	0	171.993
3062	228	0	228	0	171.993
3063	229	0	229	0	171.993
3064	230	0	230	0	171.993
3065	231	0	231	0	171.993
3066	232	0	232	0	171.993
3067	233	0	233	0	171.993
3068	234	0	234	0	171.993
3069	235	0	235	0	171.993
3070	236	0	236	0	171.993
3071	237	0	237	0	171.993
3072	3406	0	334	1	171.993
3073	3407	0	335	1	171.993
3074	3408	0	336	1	171.993
3075	3409	0	337	1	171.993
3076	3410	0	338	1	171.993
3077	3411	0	339	1	171.993
3078	3412	0	340	1	171.993
3079	3413	0	341	1	171.993
3080	3414	0	342	1	171.993
3081	3415	0	343	1	171.993
3082	3416	0	344	1	171.993
3083	3417	0	345	1	171.993
3084	3418	0	346	1	171.993
3085	3419	0	347	1	171.993
3086	3420	0	348	1	171.993
3087	3421	0	349	1	171.993
3088	4277	1	253	1	171.993
3089	4276	1	252	1	171.993
3090	4275	1	251	1	171.993
3091	4274	1	250	1	171.993
3092	4273	1	249	1	171.993
3093	4272	1	248	1	171.993
3094	4271	1	247	1	171.993
3095	4270	1	246	1	171.993
3096	4269	1	245	1	171.993
3097	4268	1	244	1	171.993
3098	4267	1	243	1	171.993
3099	4266	1	242	1	171.993
3100	4265	1	241	1	171.993
3101	4264	1	240	1	171.993
3102	4263	1	239	1	171.993
3103	4262	1	238	1	171.993
3104	4261	1	237	1	171.993
3105	4260	1	236	1	171.993
3106	4259	1	235	1	171.993
3107	4258	1	234	1	171.993
3108	4257	1	233	1	171.993
3109	4256	1	232	1	171.993
3110	4255	1	231	1	171.993
3111	4254	1	230	1	171.993
3112	4253	1	229	1	171.993
3113	4252	1	228	1	171.993
3114	4251	1	227	1	171.993
3115	4250	1	226	1	171.993
3116	4249	1	225	1	171.993
3117	4248	1	224	1	171.993
3118	4247	1	223	1	171.993
3119	4246	1	222	1	171.993
3120	3390	0	318	1	171.993
3121	3391	0	319	1	171.993
3122	3392	0	320	1	171.993
3123	3393	0	321	1	171.993
3124	3394	0	322	1	171.993
3125	3395	0	323	1	171.993
3126	3396	0	324	1	171.993
3127	3397	0	325	1	171.993
3128	3398	0	326	1	171.993
3129	3399	0	327	1	171.993
3130	3400	0	328	1	171.993
3131	3401	0	329	1	171.993
3132	3402	0	330	1	171.993
3133	3403	0	331	1	171.993
3134	3404	0	332	1	171.993
3135	3405	0	333	1	171.993
3136	3374	0	302	1	171.993
3137	3375	0	303	1	171.993
3138	3376	0	304	1	171.993
3139	3377	0	305	1	171.993
3140	3378	0	306	1	171.993
3141	3379	0	307	1	171.993
3142	3380	0	308	1	171.993
3143	3381	0	309	1	171.993
3144	3382	0	310	1	171.993
3145	3383	0	311	1	171.993
3146	3384	0	312	1	171.993
3147	3385	0	313	1	171.993
3148	3386	0	314	1	171.993
3149	3387	0	315	1	171.993
3150	3388	0	316	1	171.993
3151	3389	0	317	1	171.993
3152	4245	1	221	1	171.993
3153	4244	1	220	1	171.993
3154	4243	1	219	1	171.993
3155	4242	1	218	1	171.993
3156	4241	1	217	1	171.993
3157	4240	1	216	1	171.993
3158	4239	1	215	1	171.993
3159	4238	1	214	1	171.993
3160	4237	1	213	1	171.993
3161	4236	1	212	1	171.993
3162	4235	1	211	1	171.993
3163	4234	1	210	1	171.993
3164	4233	1	209	1	171.993
3165	4232	1	208	1	171.993
3166	4231	1	207	1	171.993
3167	4230	1	206	1	171.993
3168	4229	1	205	1	171.993
3169	4228	1	204	1	171.993
3170	4227	1	203	1	171.993
3171	4226	1	202	1	171.993
3172	4225	1	201	1	171.993
3173	4224	1	200	1	171.993
3174	4223	1	199	1	171.993
3175	4222	1	198	1	171.993
3176	4221	1	197	1	171.993
3177	4220	1	196	1	171.993
3178	4219	1	195	1	171.993
3179	4218	1	194	1	171.993
3180	4217	1	193	1	171.993
3181	4216	1	192	1	171.993
3182	4215	1	191	1	171.993
3183	4214	1	190	1	171.993
3184	3358	0	286	1	171.993
3185	3359	0	287	1	171.993
3186	3360	0	288	1	171.993
3187	3361	0	289	1	171.993
3188	3362	0	290	1	171.993
3189	3363	0	291	1	171.993
3190	3364	0	292	1	171.993
3191	3365	0	293	1	171.993
3192	3366	0	294	1	171.993
3193	3367	0	295	1	171.993
3194	3368	0	296	1	171.993
3195	3369	0	297	1	171.993
3196	3370	0	298	1	171.993
3197	3371	0	299	1	171.993
3198	3372	0	300	1	171.993
3199	3373	0	301	1	171.993
3200	3470	0	398	1	138.612
3201	3471	0	399	1	136.845
3202	3472	0	400	1	135.079
3203	3473	0	401	1	133.312
3204	3474	0	402	1	131.545
3205	3475	0	403	1	129.779
3206	3476	0	404	1	128.012
3207	3477	0	405	1	126.245
3208	3478	0	406	1	124.479
3209	3479	0	407	1	122.712
3210	3480	0	408	1	120.945
3211	3481	0	409	1	119.179
3212	3482	0	410	1	117.412
3213	3483	0	411	1	115.645
3214	3484	0	412	1	113.878
3215	3485	0	413	1	112.112
3216	4341	1	317	1	171.993
3217	4340	1	316	1	171.993
3218	4339	1	315	1	171.993
3219	4338	1	314	1	171.993
3220	4337	1	313	1	171.993
3221	4336	1	312	1	171.993
3222	4335	1	311	1	171.993
3223	4334	1	310	1	171.993
3224	4333	1	309	1	171.993
3225	4332	1	308	1	171.993
3226	4331	1	307	1	171.993
3227	4330	1	306	1	171.993
3228	4329	1	305	1	171.993
3229	4328	1	304	1	171.993
3230	4327	1	303	1	171.993
3231	4326	1	302	1	171.993
3232	4325	1	301	1	171.993
3233	4324	1	300	1	171.993
3234	4323	1	299	1	171.993
3235	4322	1	298	1	171.993
3236	4321	1	297	1	171.993
3237	4320	1	296	1	171.993
3238	4319	1	295	1	171.993
3239	4318	1	294	1	171.993
3240	4317	1	293	1	171.993
3241	4316	1	292	1	171.993
3242	4315	1	291	1	171.993
3243	4314	1	290	1	171.993
3244	4313	1	289	1	171.993
3245	4312	1	288	1	171.993
3246	4311	1	287	1	171.993
3247	4310	1	286	1	171.993
3248	3454	0	382	1	166.879
3249	3455	0	383	1	165.113
3250	3456	0	384	1	163.346
3251	3457	0	385	1	161.579
3252	3458	0	386	1	159.812
3253	3459	0	387	1	158.046
3254	3460	0	388	1	156.279
3255	3461	0	389	1	154.512
3256	3462	0	390	1	152.746
3257	3463	0	391	1	150.979
3258	3464	0	392	1	149.212
3259	3465	0	393	1	147.446
3260	3466	0	394	1	145.679
3261	3467	0	395	1	143.912
3262	3468	0	396	1	142.146
3263	3469	0	397	1	140.379
3264	3438	0	366	1	171.993
3265	3439	0	367	1	171.993
3266	3440	0	368	1	171.993
3267	3441	0	369	1	171.993
3268	3442	0	370	1	171.993
3269	3443	0	371	1	171.993
3270	3444	0	372	1	171.993
3271	3445	0	373	1	171.993
3272	3446	0	374	1	171.993
3273	3447	0	375	1	171.993
3274	3448	0	376	1	171.993
3275	3449	0	377	1	171.993
3276	3450	0	378	1	171.993
3277	3451	0	379	1	171.993
3278	3452	0	380	1	170.413
3279	3453	0	381	1	168.646
3280	4309	1	285	1	171.993
3281	4308	1	284	1	171.993
3282	4307	1	283	1	171.993
3283	4306	1	282	1	171.993
3284	4305	1	281	1	171.993
3285	4304	1	280	1	171.993
3286	4303	1	279	1	171.993
3287	4302	1	278	1	171.993
3288	4301	1	277	1	171.993
3289	4300	1	276	1	171.993
3290	4299	1	275	1	171.993
3291	4298	1	274	1	171.993
3292	4297	1	273	1	171.993
3293	4296	1	272	1	171.993
3294	4295	1	271	1	171.993
3295	4294	1	270	1	171.993
3296	4293	1	269	1	171.993
3297	4292	1	268	1	171.993
3298	4291	1	267	1	171.993
3299	4290	1	266	1	171.993
3300	4289	1	265	1	171.993
3301	4288	1	264	1	171.993
3302	4287	1	263	1	171.993
3303	4286	1	262	1	171.993
3304	4285	1	261	1	171.993
3305	4284	1	260	1	171.993
3306	4283	1	259	1	171.993
3307	4282	1	258	1	171.993
3308	4281	1	257	1	171.993
3309	4280	1	256	1	171.993
3310	4279	1	255	1	171.993
3311	4278	1	254	1	171.993
3312	3422	0	350	1	171.993
3313	3423	0	351	1	171.993
3314	3424	0	352	1	171.993
3315	3425	0	353	1	171.993
3316	3426	0	354	1	171.993
3317	3427	0	355	1	171.993
3318	3428	0	356	1	171.993
3319	3429	0	357	1	171.993
3320	3430	0	358	1	171.993
3321	3431	0	359	1	171.993
3322	3432	0	360	1	171.993
3323	3433	0	361	1	171.993
3324	3434	0	362	1	171.993
3325	3435	0	363	1	171.993
3326	3436	0	364	1	171.993
3327	3437	0	365	1	171.993
3328	4460	1	436	1	70.623
3329	5441	2	465	1	168.000
3330	4461	1	437	1	68.857
3331	5444	2	468	1	168.000
3332	4462	1	438	1	67.090
3333	5447	2	471	1	168.000
3334	4463	1	439	1	65.323
3335	5450	2	474	1	168.000
3336	4464	1	440	1	63.557
3337	5453	2	477	1	168.000
3338	4465	1	441	1	61.790
3339	5456	2	480	1	168.000
3340	4466	1	442	1	60.023
3341	5459	2	483	1	168.000
3342	4467	1	443	1	58.257
3343	5462	2	486	1	168.000
3344	5463	2	487	1	168.000
3345	5461	2	485	1	168.000
3346	5460	2	484	1	168.000
3347	5458	2	482	1	168.000
3348	5457	2	481	1	168.000
3349	5455	2	479	1	168.000
3350	5454	2	478	1	168.000
3351	5452	2	476	1	168.000
3352	5451	2	475	1	168.000
3353	5449	2	473	1	168.000
3354	5448	2	472	1	168.000
3355	5446	2	470	1	168.000
3356	5445	2	469	1	168.000
3357	5443	2	467	1	168.000
3358	5442	2	466	1	168.000
3359	5440	2	464	1	168.000
3360	5439	2	463	1	168.000
3361	5437	2	461	1	168.000
3362	5436	2	460	1	168.000
3363	5434	2	458	1	168.000
3364	5433	2	457	1	168.000
3365	5431	2	455	1	168.000
3366	5430	2	454	1	168.000
3367	5428	2	452	1	168.000
3368	5427	2	451	1	168.000
3369	5425	2	449	1	168.000
3370	5424	2	448	1	168.000
3371	5422	2	446	1	168.000
3372	5421	2	445	1	168.000
3373	5419	2	443	1	168.000
3374	5418	2	442	1	168.000
3375	5416	2	440	1	168.000
3376	4452	1	428	1	84.757
3377	5417	2	441	1	168.000
3378	4453	1	429	1	82.990
3379	5420	2	444	1	168.000
3380	4454	1	430	1	81.224
3381	5423	2	447	1	168.000
3382	4455	1	431	1	79.457
3383	5426	2	450	1	168.000
3384	4456	1	432	1	77.690
3385	5429	2	453	1	168.000
3386	4457	1	433	1	75.923
3387	5432	2	456	1	168.000
3388	4458	1	434	1	74.157
3389	5435	2	459	1	168.000
3390	4459	1	435	1	72.390
3391	5438	2	462	1	168.000
3392	4444	1	420	1	98.890
3393	5393	2	417	1	168.000
3394	4445	1	421	1	97.124
3395	5396	2	420	1	168.000
3396	4446	1	422	1	95.357
3397	5399	2	423	1	168.000
3398	4447	1	423	1	93.590
3399	5402	2	426	1	168.000
3400	4448	1	424	1	91.824
3401	5405	2	429	1	168.000
3402	4449	1	425	1	90.057
3403	5408	2	432	1	168.000
3404	4450	1	426	1	88.290
3405	5411	2	435	1	168.000
3406	4451	1	427	1	86.524
3407	5414	2	438	1	168.000
3408	5415	2	439	1	168.000
3409	5413	2	437	1	168.000
3410	5412	2	436	1	168.000
3411	5410	2	434	1	168.000
3412	5409	2	433	1	168.000
3413	5407	2	431	1	168.000
3414	5406	2	430	1	168.000
3415	5404	2	428	1	168.000
3416	5403	2	427	1	168.000
3417	5401	2	425	1	168.000
3418	5400	2	424	1	168.000
3419	5398	2	422	1	168.000
3420	5397	2	421	1	168.000
3421	5395	2	419	1	168.000
3422	5394	2	418	1	168.000
3423	5392	2	416	1	168.000
3424	5391	2	415	1	168.000
3425	5389	2	413	1	168.000
3426	5388	2	412	1	168.000
3427	5386	2	410	1	168.000
3428	5385	2	409	1	168.000
3429	5383	2	407	1	168.000
3430	5382	2	406	1	168.000
3431	5380	2	404	1	168.000
3432	5379	2	403	1	168.000
3433	5377	2	401	1	168.000
3434	5376	2	400	1	168.000
3435	5374	2	398	1	168.000
3436	5373	2	397	1	168.000
3437	5371	2	395	1	168.000
3438	5370	2	394	1	168.000
3439	5368	2	392	1	168.000
3440	4436	1	412	1	113.024
3441	5369	2	393	1	168.000
3442	4437	1	413	1	111.257
3443	5372	2	396	1	168.000
3444	4438	1	414	1	109.491
3445	5375	2	399	1	168.000
3446	4439	1	415	1	107.724
3447	5378	2	402	1	168.000
3448	4440	1	416	1	105.957
3449	5381	2	405	1	168.000
3450	4441	1	417	1	104.191
3451	5384	2	408	1	168.000
3452	4442	1	418	1	102.424
3453	5387	2	411	1	168.000
3454	4443	1	419	1	100.657
3455	5390	2	414	1	168.000
3456	4492	1	468	1	14.089
3457	5537	2	561	1	168.000
3458	4493	1	469	1	12.323
3459	5540	2	564	1	168.000
3460	4494	1	470	1	10.556
3461	5543	2	567	1	168.000
3462	4495	1	471	1	8.789
3463	5546	2	570	1	168.000
3464	4496	1	472	1	7.022
3465	5549	2	573	1	168.000
3466	4497	1	473	1	5.256
3467	5552	2	576	1	168.000
3468	4498	1	474	1	3.489
3469	5555	2	579	1	168.000
3470	4499	1	475	1	1.722
3471	5558	2	582	1	168.000
3472	5559	2	583	1	168.000
3473	5557	2	581	1	168.000
3474	5556	2	580	1	168.000
3475	5554	2	578	1	168.000
3476	5553	2	577	1	168.000
3477	5551	2	575	1	168.000
3478	5550	2	574	1	168.000
3479	5548	2	572	1	168.000
3480	5547	2	571	1	168.000
3481	5545	2	569	1	168.000
3482	5544	2	568	1	168.000
3483	5542	2	566	1	168.000
3484	5541	2	565	1	168.000
3485	5539	2	563	1	168.000
3486	5538	2	562	1	168.000
3487	5536	2	560	1	168.000
3488	5535	2	559	1	168.000
3489	5533	2	557	1	168.000
3490	5532	2	556	1	168.000
3491	5530	2	554	1	168.000
3492	5529	2	553	1	168.000
3493	5527	2	551	1	168.000
3494	5526	2	550	1	168.000
3495	5524	2	548	1	168.000
3496	5523	2	547	1	168.000
3497	5521	2	545	1	168.000
3498	5520	2	544	1	168.000
3499	5518	2	542	1	168.000
3500	5517	2	541	1	168.000
3501	5515	2	539	1	168.000
3502	5514	2	538	1	168.000
3503	5512	2	536	1	168.000
3504	4484	1	460	1	28.223
3505	5513	2	537	1	168.000
3506	4485	1	461	1	26.456
3507	5516	2	540	1	168.000
3508	4486	1	462	1	24.689
3509	5519	2	543	1	168.000
3510	4487	1	463	1	22.923
3511	5522	2	546	1	168.000
3512	4488	1	464	1	21.156
3513	5525	2	549	1	168.000
3514	4489	1	465	1	19.389
3515	5528	2	552	1	168.000
3516	4490	1	466	1	17.623
3517	5531	2	555	1	168.000
3518	4491	1	467	1	15.856
3519	5534	2	558	1	168.000
3520	4476	1	452	1	42.356
3521	5489	2	513	1	168.000
3522	4477	1	453	1	40.590
3523	5492	2	516	1	168.000
3524	4478	1	454	1	38.823
3525	5495	2	519	1	168.000
3526	4479	1	455	1	37.056
3527	5498	2	522	1	168.000
3528	4480	1	456	1	35.290
3529	5501	2	525	1	168.000
3530	4481	1	457	1	33.523
3531	5504	2	528	1	168.000
3532	4482	1	458	1	31.756
3533	5507	2	531	1	168.000
3534	4483	1	459	1	29.989
3535	5510	2	534	1	168.000
3536	5511	2	535	1	168.000
3537	5509	2	533	1	168.000
3538	5508	2	532	1	168.000
3539	5506	2	530	1	168.000
3540	5505	2	529	1	168.000
3541	5503	2	527	1	168.000
3542	5502	2	526	1	168.000
3543	5500	2	524	1	168.000
3544	5499	2	523	1	168.000
3545	5497	2	521	1	168.000
3546	5496	2	520	1	168.000
3547	5494	2	518	1	168.000
3548	5493	2	517	1	168.000
3549	5491	2	515	1	168.000
3550	5490	2	514	1	168.000
3551	5488	2	512	1	168.000
3552	5487	2	511	1	168.000
3553	5485	2	509	1	168.000
3554	5484	2	508	1	168.000
3555	5482	2	506	1	168.000
3556	5481	2	505	1	168.000
3557	5479	2	503	1	168.000
3558	5478	2	502	1	168.000
3559	5476	2	500	1	168.000
3560	5475	2	499	1	168.000
3561	5473	2	497	1	168.000
3562	5472	2	496	1	168.000
3563	5470	2	494	1	168.000
3564	5469	2	493	1	168.000
3565	5467	2	491	1	168.000
3566	5466	2	490	1	168.000
3567	5464	2	488	1	168.000
3568	4468	1	444	1	56.490
3569	5465	2	489	1	168.000
3570	4469	1	445	1	54.723
3571	5468	2	492	1	168.000
3572	4470	1	446	1	52.956
3573	5471	2	495	1	168.000
3574	4471	1	447	1	51.190
3575	5474	2	498	1	168.000
3576	4472	1	448	1	49.423
3577	5477	2	501	1	168.000
3578	4473	1	449	1	47.656
3579	5480	2	504	1	168.000
3580	4474	1	450	1	45.890
3581	5483	2	507	1	168.000
3582	4475	1	451	1	44.123
3583	5486	2	510	1	168.000
3584	3278	0	206	1	171.993
3585	3279	0	207	1	171.993
3586	3280	0	208	1	171.993
3587	3281	0	209	1	171.993
3588	3282	0	210	1	171.993
3589	3283	0	211	1	171.993
3590	3284	0	212	1	171.993
3591	3285	0	213	1	171.993
3592	3286	0	214	1	171.993
3593	3287	0	215	1	171.993
3594	3288	0	216	1	171.993
3595	3289	0	217	1	171.993
3596	3290	0	218	1	171.993
3597	3291	0	219	1	171.993
3598	3292	0	220	1	171.993
3599	3293	0	221	1	171.993
3600	4149	1	125	1	171.993
3601	4148	1	124	1	171.993
3602	4147	1	123	1	171.993
3603	4146	1	122	1	171.993
3604	4145	1	121	1	171.993
3605	4144	1	120	1	171.993
3606	4143	1	119	1	171.993
3607	4142	1	118	1	171.993
3608	4141	1	117	1	171.993
3609	4140	1	116	1	171.993
3610	4139	1	115	1	171.993
3611	4138	1	114	1	171.993
3612	4137	1	113	1	171.993
3613	4136	1	112	1	171.993
3614	4135	1	111	1	171.993
3615	4134	1	110	1	171.993
3616	4133	1	109	1	171.993
3617	4132	1	108	1	171.993
3618	4131	1	107	1	171.993
3619	4130	1	106	1	171.993
3620	4129	1	105	1	171.993
3621	4128	1	104	1	171.993
3622	4127	1	103	1	171.993
3623	4126	1	102	1	171.993
3624	4125	1	101	1	171.993
3625	4124	1	100	1	171.993
3626	4123	1	99	1	171.993
3627	4122	1	98	1	171.993
3628	4121	1	97	1	171.993
3629	4120	1	96	1	171.993
3630	4119	1	95	1	170.527
3631	4118	1	94	1	168.761
3632	3262	0	190	1	171.993
3633	3263	0	191	1	171.993
3634	3264	0	192	1	171.993
3635	3265	0	193	1	171.993
3636	3266	0	194	1	171.993
3637	3267	0	195	1	171.993
3638	3268	0	196	1	171.993
3639	3269	0	197	1	171.993
3640	3270	0	198	1	171.993
3641	3271	0	199	1	171.993
3642	3272	0	200	1	171.993
3643	3273	0	201	1	171.993
3644	3274	0	202	1	171.993
3645	3275	0	203	1	171.993
3646	3276	0	204	1	171.993
3647	3277	0	205	1	171.993
3648	3246	0	174	1	171.993
3649	3247	0	175	1	171.993
3650	3248	0	176	1	171.993
3651	3249	0	177	1	171.993
3652	3250	0	178	1	171.993
3653	3251	0	179	1	171.993
3654	3252	0	180	1	171.993
3655	3253	0	181	1	171.993
3656	3254	0	182	1	171.993
3657	3255	0	183	1	171.993
3658	3256	0	184	1	171.993
3659	3257	0	185	1	171.993
3660	3258	0	186	1	171.993
3661	3259	0	187	1	171.993
3662	3260	0	188	1	171.993
3663	3261	0	189	1	171.993
3664	4117	1	93	1	166.994
3665	4116	1	92	1	165.227
3666	4115	1	91	1	163.461
3667	4114	1	90	1	161.694
3668	4113	1	89	1	159.927
3669	4112	1	88	1	158.160
3670	4111	1	87	1	156.394
3671	4110	1	86	1	154.627
3672	4109	1	85	1	152.860
3673	4108	1	84	1	151.094
3674	4107	1	83	1	149.327
3675	4106	1	82	1	147.560
3676	4105	1	81	1	145.794
3677	4104	1	80	1	144.027
3678	4103	1	79	1	142.260
3679	4102	1	78	1	140.494
3680	4101	1	77	1	138.727
3681	4100	1	76	1	136.960
3682	4099	1	75	1	135.193
3683	4098	1	74	1	133.427
3684	4097	1	73	1	131.660
3685	4096	1	72	1	129.893
3686	4095	1	71	1	128.127
3687	4094	1	70	1	126.360
3688	4093	1	69	1	124.593
3689	4092	1	68	1	122.827
3690	4091	1	67	1	121.060
3691	4090	1	66	1	119.293
3692	4089	1	65	1	117.527
3693	4088	1	64	1	115.760
3694	4087	1	63	1	113.993
3695	4086	1	62	1	112.227
3696	3230	0	158	1	171.993
3697	3231	0	159	1	171.993
3698	3232	0	160	1	171.993
3699	3233	0	161	1	171.993
3700	3234	0	162	1	171.993
3701	3235	0	163	1	171.993
3702	3236	0	164	1	171.993
3703	3237	0	165	1	171.993
3704	3238	0	166	1	171.993
3705	3239	0	167	1	171.993
3706	3240	0	168	1	171.993
3707	3241	0	169	1	171.993
3708	3242	0	170	1	171.993
3709	3243	0	171	1	171.993
3710	3244	0	172	1	171.993
3711	3245	0	173	1	171.993
3712	3342	0	270	1	171.993
3713	3343	0	271	1	171.993
3714	3344	0	272	1	171.993
3715	3345	0	273	1	171.993
3716	3346	0	274	1	171.993
3717	3347	0	275	1	171.993
3718	3348	0	276	1	171.993
3719	3349	0	277	1	171.993
3720	3350	0	278	1	171.993
3721	3351	0	279	1	171.993
3722	3352	0	280	1	171.993
3723	3353	0	281	1	171.993
3724	3354	0	282	1	171.993
3725	3355	0	283	1	171.993
3726	3356	0	284	1	171.993
3727	3357	0	285	1	171.993
3728	4213	1	189	1	171.993
3729	4212	1	188	1	171.993
3730	4211	1	187	1	171.993
3731	4210	1	186	1	171.993
3732	4209	1	185	1	171.993
3733	4208	1	184	1	171.993
3734	4207	1	183	1	171.993
3735	4206	1	182	1	171.993
3736	4205	1	181	1	171.993
3737	4204	1	180	1	171.993
3738	4203	1	179	1	171.993
3739	4202	1	178	1	171.993
3740	4201	1	177	1	171.993
3741	4200	1	176	1	171.993
3742	4199	1	175	1	171.993
3743	4198	1	174	1	171.993
3744	4197	1	173	1	171.993
3745	4196	1	172	1	171.993
3746	4195	1	171	1	171.993
3747	4194	1	170	1	171.993
3748	4193	1	169	1	171.993
3749	4192	1	168	1	171.993
3750	4191	1	167	1	171.993
3751	4190	1	166	1	171.993
3752	4189	1	165	1	171.993
3753	4188	1	164	1	171.993
3754	4187	1	163	1	171.993
3755	4186	1	162	1	171.993
3756	4185	1	161	1	171.993
3757	4184	1	160	1	171.993
3758	4183	1	159	1	171.993
3759	4182	1	158	1	171.993
3760	3326	0	254	1	171.993
3761	3327	0	255	1	171.993
3762	3328	0	256	1	171.993
3763	3329	0	257	1	171.993
3764	3330	0	258	1	171.993
3765	3331	0	259	1	171.993
3766	3332	0	260	1	171.993
3767	3333	0	261	1	171.993
3768	3334	0	262	1	171.993
3769	3335	0	263	1	171.993
3770	3336	0	264	1	171.993
3771	3337	0	265	1	171.993
3772	3338	0	266	1	171.993
3773	3339	0	267	1	171.993
3774	3340	0	268	1	171.993
3775	3341	0	269	1	171.993
3776	3310	0	238	1	171.993
3777	3311	0	239	1	171.993
3778	3312	0	240	1	171.993
3779	3313	0	241	1	171.993
3780	3314	0	242	1	171.993
3781	3315	0	243	1	171.993
3782	3316	0	244	1	171.993
3783	3317	0	245	1	171.993
3784	3318	0	246	1	171.993
3785	3319	0	247	1	171.993
3786	3320	0	248	1	171.993
3787	3321	0	249	1	171.993
3788	3322	0	250	1	171.993
3789	3323	0	251	1	171.993
3790	3324	0	252	1	171.993
3791	3325	0	253	1	171.993
3792	4181	1	157	1	171.993
3793	4180	1	156	1	171.993
3794	4179	1	155	1	171.993
3795	4178	1	154	1	171.993
3796	4177	1	153	1	171.993
3797	4176	1	152	1	171.993
3798	4175	1	151	1	171.993
3799	4174	1	150	1	171.993
3800	4173	1	149	1	171.993
3801	4172	1	148	1	171.993
3802	4171	1	147	1	171.993
3803	4170	1	146	1	171.993
3804	4169	1	145	1	171.993
3805	4168	1	144	1	171.993
3806	4167	1	143	1	171.993
3807	4166	1	142	1	171.993
3808	4165	1	141	1	171.993
3809	4164	1	140	1	171.993
3810	4163	1	139	1	171.993
3811	4162	1	138	1	171.993
3812	4161	1	137	1	171.993
3813	4160	1	136	1	171.993
3814	4159	1	135	1	171.993
3815	4158	1	134	1	171.993
3816	4157	1	133	1	171.993
3817	4156	1	132	1	171.993
3818	4155	1	131	1	171.993
3819	4154	1	130	1	171.993
3820	4153	1	129	1	171.993
3821	4152	1	128	1	171.993
3822	4151	1	127	1	171.993
3823	4150	1	126	1	171.993
3824	3294	0	222	1	171.993
3825	3295	0	223	1	171.993
3826	3296	0	224	1	171.993
3827	3297	0	225	1	171.993
3828	3298	0	226	1	171.993
3829	3299	0	227	1	171.993
3830	3300	0	228	1	171.993
3831	3301	0	229	1	171.993
3832	3302	0	230	1	171.993
3833	3303	0	231	1	171.993
3834	3304	0	232	1	171.993
3835	3305	0	233	1	171.993
3836	3306	0	234	1	171.993
3837	3307	0	235	1	171.993
3838	3308	0	236	1	171.993
3839	3309	0	237	1	171.993
3840	4390	1	366	1	171.993
3841	4391	1	367	1	171.993
3842	4392	1	368	1	171.993
3843	4393	1	369	1	171.993
3844	4394	1	370	1	171.993
3845	4395	1	371	1	171.993
3846	4396	1	372	1	171.993
3847	4397	1	373	1	171.993
3848	4398	1	374	1	171.993
3849	4399	1	375	1	171.993
3850	4400	1	376	1	171.993
3851	4401	1	377	1	171.993
3852	4402	1	378	1	171.993
3853	4403	1	379	1	171.325
3854	5268	2	292	1	168.000
3855	5270	2	294	1	168.000
3856	5271	2	295	1	168.000
3857	5269	2	293	1	168.000
3858	3547	0	475	1	2.577
3859	3546	0	474	1	4.344
3860	3545	0	473	1	6.110
3861	3544	0	472	1	7.877
3862	3543	0	471	1	9.644
3863	3542	0	470	1	11.410
3864	3541	0	469	1	13.177
3865	3540	0	468	1	14.944
3866	3539	0	467	1	16.710
3867	3538	0	466	1	18.477
3868	3537	0	465	1	20.244
3869	3536	0	464	1	22.011
3870	3535	0	463	1	23.777
3871	3534	0	462	1	25.544
3872	3533	0	461	1	27.311
3873	3532	0	460	1	29.077
3874	3531	0	459	1	30.844
3875	3530	0	458	1	32.611
3876	3529	0	457	1	34.377
3877	3528	0	456	1	36.144
3878	3527	0	455	1	37.911
3879	3526	0	454	1	39.677
3880	3525	0	453	1	41.444
3881	3524	0	452	1	43.211
3882	3523	0	451	1	44.978
3883	3522	0	450	1	46.744
3884	3521	0	449	1	48.511
3885	3520	0	448	1	50.278
3886	3519	0	447	1	52.044
3887	3518	0	446	1	53.811
3888	4374	1	350	1	171.993
3889	4375	1	351	1	171.993
3890	4376	1	352	1	171.993
3891	4377	1	353	1	171.993
3892	4378	1	354	1	171.993
3893	4379	1	355	1	171.993
3894	4380	1	356	1	171.993
3895	4381	1	357	1	171.993
3896	4382	1	358	1	171.993
3897	4383	1	359	1	171.993
3898	4384	1	360	1	171.993
3899	4385	1	361	1	171.993
3900	4386	1	362	1	171.993
3901	4387	1	363	1	171.993
3902	4388	1	364	1	171.993
3903	4389	1	365	1	171.993
3904	4358	1	334	1	171.993
3905	4359	1	335	1	171.993
3906	4360	1	336	1	171.993
3907	4361	1	337	1	171.993
3908	4362	1	338	1	171.993
3909	4363	1	339	1	171.993
3910	4364	1	340	1	171.993
3911	4365	1	341	1	171.993
3912	4366	1	342	1	171.993
3913	4367	1	343	1	171.993
3914	4368	1	344	1	171.993
3915	4369	1	345	1	171.993
3916	4370	1	346	1	171.993
3917	4371	1	347	1	171.993
3918	4372	1	348	1	171.993
3919	4373	1	349	1	171.993
3920	3517	0	445	1	55.578
3921	3516	0	444	1	57.344
3922	3515	0	443	1	59.111
3923	3514	0	442	1	60.878
3924	3513	0	441	1	62.644
3925	3512	0	440	1	64.411
3926	3511	0	439	1	66.178
3927	3510	0	438	1	67.944
3928	3509	0	437	1	69.711
3929	3508	0	436	1	71.478
3930	3507	0	435	1	73.245
3931	3506	0	434	1	75.011
3932	3505	0	433	1	76.778
3933	3504	0	432	1	78.545
3934	3503	0	431	1	80.311
3935	3502	0	430	1	82.078
3936	3501	0	429	1	83.845
3937	3500	0	428	1	85.611
3938	3499	0	427	1	87.378
3939	3498	0	426	1	89.145
3940	3497	0	425	1	90.911
3941	3496	0	424	1	92.678
3942	3495	0	423	1	94.445
3943	3494	0	422	1	96.212
3944	3493	0	421	1	97.978
3945	3492	0	420	1	99.745
3946	3491	0	419	1	101.512
3947	3490	0	418	1	103.278
3948	3489	0	417	1	105.045
3949	3488	0	416	1	106.812
3950	3487	0	415	1	108.578
3951	3486	0	414	1	110.345
3952	4342	1	318	1	171.993
3953	4343	1	319	1	171.993
3954	4344	1	320	1	171.993
3955	4345	1	321	1	171.993
3956	4346	1	322	1	171.993
3957	4347	1	323	1	171.993
3958	4348	1	324	1	171.993
3959	4349	1	325	1	171.993
3960	4350	1	326	1	171.993
3961	4351	1	327	1	171.993
3962	4352	1	328	1	171.993
3963	4353	1	329	1	171.993
3964	4354	1	330	1	171.993
3965	4355	1	331	1	171.993
3966	4356	1	332	1	171.993
3967	4357	1	333	1	171.993
3968	4428	1	404	1	127.158
3969	5345	2	369	1	168.000
3970	4429	1	405	1	125.391
3971	5348	2	372	1	168.000
3972	4430	1	406	1	123.624
3973	5351	2	375	1	168.000
3974	4431	1	407	1	121.857
3975	5354	2	378	1	168.000
3976	4432	1	408	1	120.091
3977	5357	2	381	1	168.000
3978	4433	1	409	1	118.324
3979	5360	2	384	1	168.000
3980	4434	1	410	1	116.557
3981	5363	2	387	1	168.000
3982	4435	1	411	1	114.791
3983	5366	2	390	1	168.000
3984	5367	2	391	1	168.000
3985	5365	2	389	1	168.000
3986	5364	2	388	1	168.000
3987	5362	2	386	1	168.000
3988	5361	2	385	1	168.000
3989	5359	2	383	1	168.000
3990	5358	2	382	1	168.000
3991	5356	2	380	1	168.000
3992	5355	2	379	1	168.000
3993	5353	2	377	1	168.000
3994	5352	2	376	1	168.000
3995	5350	2	374	1	168.000
3996	5349	2	373	1	168.000
3997	5347	2	371	1	168.000
3998	5346	2	370	1	168.000
3999	5344	2	368	1	168.000
4000	5343	2	367	1	168.000
4001	5341	2	365	1	168.000
4002	5340	2	364	1	168.000
4003	5338	2	362	1	168.000
4004	5337	2	361	1	168.000
4005	5335	2	359	1	168.000
4006	5334	2	358	1	168.000
4007	5332	2	356	1	168.000
4008	5331	2	355	1	168.000
4009	5329	2	353	1	168.000
4010	5328	2	352	1	168.000
4011	5326	2	350	1	168.000
4012	5325	2	349	1	168.000
4013	5323	2	347	1	168.000
4014	5322	2	346	1	168.000
4015	5320	2	344	1	168.000
4016	4420	1	396	1	141.291
4017	5321	2	345	1	168.000
4018	4421	1	397	1	139.524
4019	5324	2	348	1	168.000
4020	4422	1	398	1	137.758
4021	5327	2	351	1	168.000
4022	4423	1	399	1	135.991
4023	5330	2	354	1	168.000
4024	4424	1	400	1	134.224
4025	5333	2	357	1	168.000
4026	4425	1	401	1	132.458
4027	5336	2	360	1	168.000
4028	4426	1	402	1	130.691
4029	5339	2	363	1	168.000
4030	4427	1	403	1	128.924
4031	5342	2	366	1	168.000
4032	4412	1	388	1	155.425
4033	5297	2	321	1	168.000
4034	4413	1	389	1	153.658
4035	5300	2	324	1	168.000
4036	4414	1	390	1	151.891
4037	5303	2	327	1	168.000
4038	4415	1	391	1	150.125
4039	5306	2	330	1	168.000
4040	4416	1	392	1	148.358
4041	5309	2	333	1	168.000
4042	4417	1	393	1	146.591
4043	5312	2	336	1	168.000
4044	4418	1	394	1	144.824
4045	5315	2	339	1	168.000
4046	4419	1	395	1	143.058
4047	5318	2	342	1	168.000
4048	5319	2	343	1	168.000
4049	5317	2	341	1	168.000
4050	5316	2	340	1	168.000
4051	5314	2	338	1	168.000
4052	5313	2	337	1	168.000
4053	5311	2	335	1	168.000
4054	5310	2	334	1	168.000
4055	5308	2	332	1	168.000
4056	5307	2	331	1	168.000
4057	5305	2	329	1	168.000
4058	5304	2	328	1	168.000
4059	5302	2	326	1	168.000
4060	5301	2	325	1	168.000
4061	5299	2	323	1	168.000
4062	5298	2	322	1	168.000
4063	5296	2	320	1	168.000
4064	5295	2	319	1	168.000
4065	5293	2	317	1	168.000
4066	5292	2	316	1	168.000
4067	5290	2	314	1	168.000
4068	5289	2	313	1	168.000
4069	5287	2	311	1	168.000
4070	5286	2	310	1	168.000
4071	5284	2	308	1	168.000
4072	5283	2	307	1	168.000
4073	5281	2	305	1	168.000
4074	5280	2	304	1	168.000
4075	5278	2	302	1	168.000
4076	5277	2	301	1	168.000
4077	5275	2	299	1	168.000
4078	5274	2	298	1	168.000
4079	5272	2	296	1	168.000
4080	4404	1	380	1	169.558
4081	5273	2	297	1	168.000
4082	4405	1	381	1	167.791
4083	5276	2	300	1	168.000
4084	4406	1	382	1	166.025
4085	5279	2	303	1	168.000
4086	4407	1	383	1	164.258
4087	5282	2	306	1	168.000
4088	4408	1	384	1	162.491
4089	5285	2	309	1	168.000
4090	4409	1	385	1	160.725
4091	5288	2	312	1	168.000
4092	4410	1	386	1	158.958
4093	5291	2	315	1	168.000
4094	4411	1	387	1	157.191
4095	5294	2	318	1	168.000
4096	4539	1	515	1	70.738
4097	5678	2	702	1	168.000
4098	4538	1	514	1	68.971
4099	5675	2	699	1	168.000
4100	4537	1	513	1	67.205
4101	5672	2	696	1	168.000
4102	4536	1	512	1	65.438
4103	5669	2	693	1	168.000
4104	4535	1	511	1	63.671
4105	5666	2	690	1	168.000
4106	4534	1	510	1	61.905
4107	5663	2	687	1	168.000
4108	4533	1	509	1	60.138
4109	5660	2	684	1	168.000
4110	4532	1	508	1	58.371
4111	5657	2	681	1	168.000
4112	5656	2	680	1	168.000
4113	5658	2	682	1	168.000
4114	5659	2	683	1	168.000
4115	5661	2	685	1	168.000
4116	5662	2	686	1	168.000
4117	5664	2	688	1	168.000
4118	5665	2	689	1	168.000
4119	5667	2	691	1	168.000
4120	5668	2	692	1	168.000
4121	5670	2	694	1	168.000
4122	5671	2	695	1	168.000
4123	5673	2	697	1	168.000
4124	5674	2	698	1	168.000
4125	5676	2	700	1	168.000
4126	5677	2	701	1	168.000
4127	5679	2	703	1	168.000
4128	5680	2	704	1	168.000
4129	5682	2	706	1	168.000
4130	5683	2	707	1	168.000
4131	5685	2	709	1	168.000
4132	5686	2	710	1	168.000
4133	5688	2	712	1	168.000
4134	5689	2	713	1	168.000
4135	5691	2	715	1	168.000
4136	5692	2	716	1	168.000
4137	5694	2	718	1	168.000
4138	5695	2	719	1	168.000
4139	5697	2	721	1	168.000
4140	5698	2	722	1	168.000
4141	5700	2	724	1	168.000
4142	5701	2	725	1	168.000
4143	5703	2	727	1	168.000
4144	4547	1	523	1	84.872
4145	5702	2	726	1	168.000
4146	4546	1	522	1	83.105
4147	5699	2	723	1	168.000
4148	4545	1	521	1	81.338
4149	5696	2	720	1	168.000
4150	4544	1	520	1	79.572
4151	5693	2	717	1	168.000
4152	4543	1	519	1	77.805
4153	5690	2	714	1	168.000
4154	4542	1	518	1	76.038
4155	5687	2	711	1	168.000
4156	4541	1	517	1	74.271
4157	5684	2	708	1	168.000
4158	4540	1	516	1	72.505
4159	5681	2	705	1	168.000
4160	4555	1	531	1	99.005
4161	5726	2	750	1	168.000
4162	4554	1	530	1	97.238
4163	5723	2	747	1	168.000
4164	4553	1	529	1	95.472
4165	5720	2	744	1	168.000
4166	4552	1	528	1	93.705
4167	5717	2	741	1	168.000
4168	4551	1	527	1	91.938
4169	5714	2	738	1	168.000
4170	4550	1	526	1	90.172
4171	5711	2	735	1	168.000
4172	4549	1	525	1	88.405
4173	5708	2	732	1	168.000
4174	4548	1	524	1	86.638
4175	5705	2	729	1	168.000
4176	5704	2	728	1	168.000
4177	5706	2	730	1	168.000
4178	5707	2	731	1	168.000
4179	5709	2	733	1	168.000
4180	5710	2	734	1	168.000
4181	5712	2	736	1	168.000
4182	5713	2	737	1	168.000
4183	5715	2	739	1	168.000
4184	5716	2	740	1	168.000
4185	5718	2	742	1	168.000
4186	5719	2	743	1	168.000
4187	5721	2	745	1	168.000
4188	5722	2	746	1	168.000
4189	5724	2	748	1	168.000
4190	5725	2	749	1	168.000
4191	5727	2	751	1	168.000
4192	5728	2	752	1	168.000
4193	5730	2	754	1	168.000
4194	5731	2	755	1	168.000
4195	5733	2	757	1	168.000
4196	5734	2	758	1	168.000
4197	5736	2	760	1	168.000
4198	5737	2	761	1	168.000
4199	5739	2	763	1	168.000
4200	5740	2	764	1	168.000
4201	5742	2	766	1	168.000
4202	5743	2	767	1	168.000
4203	5745	2	769	1	168.000
4204	5746	2	770	1	168.000
4205	5748	2	772	1	168.000
4206	5749	2	773	1	168.000
4207	5751	2	775	1	168.000
4208	4563	1	539	1	113.139
4209	5750	2	774	1	168.000
4210	4562	1	538	1	111.372
4211	5747	2	771	1	168.000
4212	4561	1	537	1	109.605
4213	5744	2	768	1	168.000
4214	4560	1	536	1	107.839
4215	5741	2	765	1	168.000
4216	4559	1	535	1	106.072
4217	5738	2	762	1	168.000
4218	4558	1	534	1	104.305
4219	5735	2	759	1	168.000
4220	4557	1	533	1	102.539
4221	5732	2	756	1	168.000
4222	4556	1	532	1	100.772
4223	5729	2	753	1	168.000
4224	4507	1	483	1	14.204
4225	5582	2	606	1	168.000
4226	4506	1	482	1	12.437
4227	5579	2	603	1	168.000
4228	4505	1	481	1	10.671
4229	5576	2	600	1	168.000
4230	4504	1	480	1	8.904
4231	5573	2	597	1	168.000
4232	4503	1	479	1	7.137
4233	5570	2	594	1	168.000
4234	4502	1	478	1	5.371
4235	5567	2	591	1	168.000
4236	4501	1	477	1	3.604
4237	5564	2	588	1	168.000
4238	4500	1	476	1	1.837
4239	5561	2	585	1	168.000
4240	5560	2	584	1	168.000
4241	5562	2	586	1	168.000
4242	5563	2	587	1	168.000
4243	5565	2	589	1	168.000
4244	5566	2	590	1	168.000
4245	5568	2	592	1	168.000
4246	5569	2	593	1	168.000
4247	5571	2	595	1	168.000
4248	5572	2	596	1	168.000
4249	5574	2	598	1	168.000
4250	5575	2	599	1	168.000
4251	5577	2	601	1	168.000
4252	5578	2	602	1	168.000
4253	5580	2	604	1	168.000
4254	5581	2	605	1	168.000
4255	5583	2	607	1	168.000
4256	5584	2	608	1	168.000
4257	5586	2	610	1	168.000
4258	5587	2	611	1	168.000
4259	5589	2	613	1	168.000
4260	5590	2	614	1	168.000
4261	5592	2	616	1	168.000
4262	5593	2	617	1	168.000
4263	5595	2	619	1	168.000
4264	5596	2	620	1	168.000
4265	5598	2	622	1	168.000
4266	5599	2	623	1	168.000
4267	5601	2	625	1	168.000
4268	5602	2	626	1	168.000
4269	5604	2	628	1	168.000
4270	5605	2	629	1	168.000
4271	5607	2	631	1	168.000
4272	4515	1	491	1	28.338
4273	5606	2	630	1	168.000
4274	4514	1	490	1	26.571
4275	5603	2	627	1	168.000
4276	4513	1	489	1	24.804
4277	5600	2	624	1	168.000
4278	4512	1	488	1	23.037
4279	5597	2	621	1	168.000
4280	4511	1	487	1	21.271
4281	5594	2	618	1	168.000
4282	4510	1	486	1	19.504
4283	5591	2	615	1	168.000
4284	4509	1	485	1	17.737
4285	5588	2	612	1	168.000
4286	4508	1	484	1	15.971
4287	5585	2	609	1	168.000
4288	4523	1	499	1	42.471
4289	5630	2	654	1	168.000
4290	4522	1	498	1	40.704
4291	5627	2	651	1	168.000
4292	4521	1	497	1	38.938
4293	5624	2	648	1	168.000
4294	4520	1	496	1	37.171
4295	5621	2	645	1	168.000
4296	4519	1	495	1	35.404
4297	5618	2	642	1	168.000
4298	4518	1	494	1	33.638
4299	5615	2	639	1	168.000
4300	4517	1	493	1	31.871
4301	5612	2	636	1	168.000
4302	4516	1	492	1	30.104
4303	5609	2	633	1	168.000
4304	5608	2	632	1	168.000
4305	5610	2	634	1	168.000
4306	5611	2	635	1	168.000
4307	5613	2	637	1	168.000
4308	5614	2	638	1	168.000
4309	5616	2	640	1	168.000
4310	5617	2	641	1	168.000
4311	5619	2	643	1	168.000
4312	5620	2	644	1	168.000
4313	5622	2	646	1	168.000
4314	5623	2	647	1	168.000
4315	5625	2	649	1	168.000
4316	5626	2	650	1	168.000
4317	5628	2	652	1	168.000
4318	5629	2	653	1	168.000
4319	5631	2	655	1	168.000
4320	5632	2	656	1	168.000
4321	5634	2	658	1	168.000
4322	5635	2	659	1	168.000
4323	5637	2	661	1	168.000
4324	5638	2	662	1	168.000
4325	5640	2	664	1	168.000
4326	5641	2	665	1	168.000
4327	5643	2	667	1	168.000
4328	5644	2	668	1	168.000
4329	5646	2	670	1	168.000
4330	5647	2	671	1	168.000
4331	5649	2	673	1	168.000
4332	5650	2	674	1	168.000
4333	5652	2	676	1	168.000
4334	5653	2	677	1	168.000
4335	5655	2	679	1	168.000
4336	4531	1	507	1	56.605
4337	5654	2	678	1	168.000
4338	4530	1	506	1	54.838
4339	5651	2	675	1	168.000
4340	4529	1	505	1	53.071
4341	5648	2	672	1	168.000
4342	4528	1	504	1	51.304
4343	5645	2	669	1	168.000
4344	4527	1	503	1	49.538
4345	5642	2	666	1	168.000
4346	4526	1	502	1	47.771
4347	5639	2	663	1	168.000
4348	4525	1	501	1	46.004
4349	5636	2	660	1	168.000
4350	4524	1	500	1	44.238
4351	5633	2	657	1	168.000
4352	3160	0	88	1	157.306
4353	5002	2	26	1	168.000
4354	3161	0	89	1	159.073
4355	4999	2	23	1	168.000
4356	3162	0	90	1	160.839
4357	4996	2	20	1	168.000
4358	3163	0	91	1	162.606
4359	4993	2	17	1	168.000
4360	3164	0	92	1	164.373
4361	4990	2	14	1	168.000
4362	3165	0	93	1	166.139
4363	4987	2	11	1	168.000
4364	3166	0	94	1	167.906
4365	4984	2	8	1	168.000
4366	3167	0	95	1	169.673
4367	4981	2	5	1	168.000
4368	4980	2	4	1	168.000
4369	4982	2	6	1	168.000
4370	4983	2	7	1	168.000
4371	4985	2	9	1	168.000
4372	4986	2	10	1	168.000
4373	4988	2	12	1	168.000
4374	4989	2	13	1	168.000
4375	4991	2	15	1	168.000
4376	4992	2	16	1	168.000
4377	4994	2	18	1	168.000
4378	4995	2	19	1	168.000
4379	4997	2	21	1	168.000
4380	4998	2	22	1	168.000
4381	5000	2	24	1	168.000
4382	5001	2	25	1	168.000
4383	5003	2	27	1	168.000
4384	5004	2	28	1	168.000
4385	5006	2	30	1	168.000
4386	5007	2	31	1	168.000
4387	5009	2	33	1	168.000
4388	5010	2	34	1	168.000
4389	5012	2	36	1	168.000
4390	5013	2	37	1	168.000
4391	5015	2	39	1	168.000
4392	5016	2	40	1	168.000
4393	5018	2	42	1	168.000
4394	5019	2	43	1	168.000
4395	5021	2	45	1	168.000
4396	5022	2	46	1	168.000
4397	5024	2	48	1	168.000
4398	5025	2	49	1	168.000
4399	5027	2	51	1	168.000
4400	3152	0	80	1	143.172
4401	5026	2	50	1	168.000
4402	3153	0	81	1	144.939
4403	5023	2	47	1	168.000
4404	3154	0	82	1	146.706
4405	5020	2	44	1	168.000
4406	3155	0	83	1	148.473
4407	5017	2	41	1	168.000
4408	3156	0	84	1	150.239
4409	5014	2	38	1	168.000
4410	3157	0	85	1	152.006
4411	5011	2	35	1	168.000
4412	3158	0	86	1	153.773
4413	5008	2	32	1	168.000
4414	3159	0	87	1	155.539
4415	5005	2	29	1	168.000
4416	3144	0	72	1	129.039
4417	5050	2	74	1	168.000
4418	3145	0	73	1	130.806
4419	5047	2	71	1	168.000
4420	3146	0	74	1	132.572
4421	5044	2	68	1	168.000
4422	3147	0	75	1	134.339
4423	5041	2	65	1	168.000
4424	3148	0	76	1	136.106
4425	5038	2	62	1	168.000
4426	3149	0	77	1	137.872
4427	5035	2	59	1	168.000
4428	3150	0	78	1	139.639
4429	5032	2	56	1	168.000
4430	3151	0	79	1	141.406
4431	5029	2	53	1	168.000
4432	5028	2	52	1	168.000
4433	5030	2	54	1	168.000
4434	5031	2	55	1	168.000
4435	5033	2	57	1	168.000
4436	5034	2	58	1	168.000
4437	5036	2	60	1	168.000
4438	5037	2	61	1	168.000
4439	5039	2	63	1	168.000
4440	5040	2	64	1	168.000
4441	5042	2	66	1	168.000
4442	5043	2	67	1	168.000
4443	5045	2	69	1	168.000
4444	5046	2	70	1	168.000
4445	5048	2	72	1	168.000
4446	5049	2	73	1	168.000
4447	5051	2	75	1	168.000
4448	5052	2	76	1	168.000
4449	5054	2	78	1	168.000
4450	5055	2	79	1	168.000
4451	5057	2	81	1	168.000
4452	5058	2	82	1	168.000
4453	5060	2	84	1	168.000
4454	5061	2	85	1	168.000
4455	5063	2	87	1	168.000
4456	5064	2	88	1	168.000
4457	5066	2	90	1	168.000
4458	5067	2	91	1	168.000
4459	5069	2	93	1	168.000
4460	5070	2	94	1	168.000
4461	5072	2	96	1	168.000
4462	5073	2	97	1	168.000
4463	5075	2	99	1	168.000
4464	3136	0	64	1	114.905
4465	5074	2	98	1	168.000
4466	3137	0	65	1	116.672
4467	5071	2	95	1	168.000
4468	3138	0	66	1	118.439
4469	5068	2	92	1	168.000
4470	3139	0	67	1	120.205
4471	5065	2	89	1	168.000
4472	3140	0	68	1	121.972
4473	5062	2	86	1	168.000
4474	3141	0	69	1	123.739
4475	5059	2	83	1	168.000
4476	3142	0	70	1	125.506
4477	5056	2	80	1	168.000
4478	3143	0	71	1	127.272
4479	5053	2	77	1	168.000
4480	3214	0	142	1	171.993
4481	3215	0	143	1	171.993
4482	4073	1	49	1	89.260
4483	3217	0	145	1	171.993
4484	4075	1	51	1	92.793
4485	3219	0	147	1	171.993
4486	4077	1	53	1	96.326
4487	3221	0	149	1	171.993
4488	4079	1	55	1	99.860
4489	3223	0	151	1	171.993
4490	4081	1	57	1	103.393
4491	3225	0	153	1	171.993
4492	4083	1	59	1	106.926
4493	3227	0	155	1	171.993
4494	3228	0	156	1	171.993
4495	3229	0	157	1	171.993
4496	4085	1	61	1	110.460
4497	4084	1	60	1	108.693
4498	3226	0	154	1	171.993
4499	4082	1	58	1	105.160
4500	3224	0	152	1	171.993
4501	4080	1	56	1	101.626
4502	3222	0	150	1	171.993
4503	4078	1	54	1	98.093
4504	3220	0	148	1	171.993
4505	4076	1	52	1	94.560
4506	3218	0	146	1	171.993
4507	4074	1	50	1	91.026
4508	3216	0	144	1	171.993
4509	4072	1	48	1	87.493
4510	4071	1	47	1	85.726
4511	4070	1	46	1	83.959
4512	3212	0	140	1	171.993
4513	4068	1	44	1	80.426
4514	3210	0	138	1	171.993
4515	4066	1	42	1	76.893
4516	3208	0	136	1	171.993
4517	4064	1	40	1	73.359
4518	3206	0	134	1	171.993
4519	4062	1	38	1	69.826
4520	3204	0	132	1	171.993
4521	4060	1	36	1	66.293
4522	3202	0	130	1	171.993
4523	4058	1	34	1	62.759
4524	3200	0	128	1	171.993
4525	4056	1	32	1	59.226
4526	3198	0	126	1	171.993
4527	4054	1	30	1	55.692
4528	4055	1	31	1	57.459
4529	3199	0	127	1	171.993
4530	4057	1	33	1	60.992
4531	3201	0	129	1	171.993
4532	4059	1	35	1	64.526
4533	3203	0	131	1	171.993
4534	4061	1	37	1	68.059
4535	3205	0	133	1	171.993
4536	4063	1	39	1	71.593
4537	3207	0	135	1	171.993
4538	4065	1	41	1	75.126
4539	3209	0	137	1	171.993
4540	4067	1	43	1	78.659
4541	3211	0	139	1	171.993
4542	4069	1	45	1	82.193
4543	3213	0	141	1	171.993
4544	4039	1	15	1	29.192
4545	3183	0	111	1	171.993
4546	4041	1	17	1	32.725
4547	3185	0	113	1	171.993
4548	4043	1	19	1	36.259
4549	3187	0	115	1	171.993
4550	4045	1	21	1	39.792
4551	3189	0	117	1	171.993
4552	4047	1	23	1	43.326
4553	3191	0	119	1	171.993
4554	4049	1	25	1	46.859
4555	3193	0	121	1	171.993
4556	4051	1	27	1	50.392
4557	3195	0	123	1	171.993
4558	4053	1	29	1	53.926
4559	3197	0	125	1	171.993
4560	3196	0	124	1	171.993
4561	4052	1	28	1	52.159
4562	3194	0	122	1	171.993
4563	4050	1	26	1	48.626
4564	3192	0	120	1	171.993
4565	4048	1	24	1	45.092
4566	3190	0	118	1	171.993
4567	4046	1	22	1	41.559
4568	3188	0	116	1	171.993
4569	4044	1	20	1	38.025
4570	3186	0	114	1	171.993
4571	4042	1	18	1	34.492
4572	3184	0	112	1	171.993
4573	4040	1	16	1	30.959
4574	3182	0	110	1	171.993
4575	4038	1	14	1	27.425
4576	3180	0	108	1	171.993
4577	4036	1	12	1	23.892
4578	3178	0	106	1	171.993
4579	4034	1	10	1	20.359
4580	3176	0	104	1	171.993
4581	4032	1	8	1	16.825
4582	3174	0	102	1	171.993
4583	4030	1	6	1	13.292
4584	3172	0	100	1	171.993
4585	4028	1	4	1	9.758
4586	3170	0	98	1	171.993
4587	4026	1	2	1	6.225
4588	3168	0	96	1	171.440
4589	4024	1	0	1	2.692
4590	4976	2	0	1	168.000
4591	4978	2	2	1	168.000
4592	4979	2	3	1	168.000
4593	4977	2	1	1	168.000
4594	4025	1	1	1	4.458
4595	3169	0	97	1	171.993
4596	4027	1	3	1	7.992
4597	3171	0	99	1	171.993
4598	4029	1	5	1	11.525
4599	3173	0	101	1	171.993
4600	4031	1	7	1	15.058
4601	3175	0	103	1	171.993
4602	4033	1	9	1	18.592
4603	3177	0	105	1	171.993
4604	4035	1	11	1	22.125
4605	3179	0	107	1	171.993
4606	4037	1	13	1	25.659
4607	3181	0	109	1	171.993
4608	4609	1	585	1	171.993
4609	4608	1	584	1	171.993
4610	4607	1	583	1	171.993
4611	4606	1	582	1	171.993
4612	4605	1	581	1	171.993
4613	4604	1	580	1	171.993
4614	4603	1	579	1	171.993
4615	4602	1	578	1	171.993
4616	4601	1	577	1	171.993
4617	4600	1	576	1	171.993
4618	4599	1	575	1	171.993
4619	4598	1	574	1	171.993
4620	4597	1	573	1	171.993
4621	4596	1	572	1	171.440
4622	5851	2	875	1	168.000
4623	5849	2	873	1	168.000
4624	5848	2	872	1	168.000
4625	5850	2	874	1	168.000
4626	3548	0	476	1	2.692
4627	3549	0	477	1	4.458
4628	3550	0	478	1	6.225
4629	3551	0	479	1	7.992
4630	3552	0	480	1	9.758
4631	3553	0	481	1	11.525
4632	3554	0	482	1	13.292
4633	3555	0	483	1	15.058
4634	3556	0	484	1	16.825
4635	3557	0	485	1	18.592
4636	3558	0	486	1	20.359
4637	3559	0	487	1	22.125
4638	3560	0	488	1	23.892
4639	3561	0	489	1	25.659
4640	3562	0	490	1	27.425
4641	3563	0	491	1	29.192
4642	3564	0	492	1	30.959
4643	3565	0	493	1	32.725
4644	3566	0	494	1	34.492
4645	3567	0	495	1	36.259
4646	3568	0	496	1	38.025
4647	3569	0	497	1	39.792
4648	3570	0	498	1	41.559
4649	3571	0	499	1	43.326
4650	3572	0	500	1	45.092
4651	3573	0	501	1	46.859
4652	3574	0	502	1	48.626
4653	3575	0	503	1	50.392
4654	3576	0	504	1	52.159
4655	3577	0	505	1	53.926
4656	4625	1	601	1	171.993
4657	4624	1	600	1	171.993
4658	4623	1	599	1	171.993
4659	4622	1	598	1	171.993
4660	4621	1	597	1	171.993
4661	4620	1	596	1	171.993
4662	4619	1	595	1	171.993
4663	4618	1	594	1	171.993
4664	4617	1	593	1	171.993
4665	4616	1	592	1	171.993
4666	4615	1	591	1	171.993
4667	4614	1	590	1	171.993
4668	4613	1	589	1	171.993
4669	4612	1	588	1	171.993
4670	4611	1	587	1	171.993
4671	4610	1	586	1	171.993
4672	4641	1	617	1	171.993
4673	4640	1	616	1	171.993
4674	4639	1	615	1	171.993
4675	4638	1	614	1	171.993
4676	4637	1	613	1	171.993
4677	4636	1	612	1	171.993
4678	4635	1	611	1	171.993
4679	4634	1	610	1	171.993
4680	4633	1	609	1	171.993
4681	4632	1	608	1	171.993
4682	4631	1	607	1	171.993
4683	4630	1	606	1	171.993
4684	4629	1	605	1	171.993
4685	4628	1	604	1	171.993
4686	4627	1	603	1	171.993
4687	4626	1	602	1	171.993
4688	3578	0	506	1	55.692
4689	3579	0	507	1	57.459
4690	3580	0	508	1	59.226
4691	3581	0	509	1	60.992
4692	3582	0	510	1	62.759
4693	3583	0	511	1	64.526
4694	3584	0	512	1	66.293
4695	3585	0	513	1	68.059
4696	3586	0	514	1	69.826
4697	3587	0	515	1	71.593
4698	3588	0	516	1	73.359
4699	3589	0	517	1	75.126
4700	3590	0	518	1	76.893
4701	3591	0	519	1	78.659
4702	3592	0	520	1	80.426
4703	3593	0	521	1	82.193
4704	3594	0	522	1	83.959
4705	3595	0	523	1	85.726
4706	3596	0	524	1	87.493
4707	3597	0	525	1	89.260
4708	3598	0	526	1	91.026
4709	3599	0	527	1	92.793
4710	3600	0	528	1	94.560
4711	3601	0	529	1	96.326
4712	3602	0	530	1	98.093
4713	3603	0	531	1	99.860
4714	3604	0	532	1	101.626
4715	3605	0	533	1	103.393
4716	3606	0	534	1	105.160
4717	3607	0	535	1	106.926
4718	3608	0	536	1	108.693
4719	3609	0	537	1	110.460
4720	4657	1	633	1	171.993
4721	4656	1	632	1	171.993
4722	4655	1	631	1	171.993
4723	4654	1	630	1	171.993
4724	4653	1	629	1	171.993
4725	4652	1	628	1	171.993
4726	4651	1	627	1	171.993
4727	4650	1	626	1	171.993
4728	4649	1	625	1	171.993
4729	4648	1	624	1	171.993
4730	4647	1	623	1	171.993
4731	4646	1	622	1	171.993
4732	4645	1	621	1	171.993
4733	4644	1	620	1	171.993
4734	4643	1	619	1	171.993
4735	4642	1	618	1	171.993
4736	4571	1	547	1	127.272
4737	5774	2	798	1	168.000
4738	4570	1	546	1	125.506
4739	5771	2	795	1	168.000
4740	4569	1	545	1	123.739
4741	5768	2	792	1	168.000
4742	4568	1	544	1	121.972
4743	5765	2	789	1	168.000
4744	4567	1	543	1	120.205
4745	5762	2	786	1	168.000
4746	4566	1	542	1	118.439
4747	5759	2	783	1	168.000
4748	4565	1	541	1	116.672
4749	5756	2	780	1	168.000
4750	4564	1	540	1	114.905
4751	5753	2	777	1	168.000
4752	5752	2	776	1	168.000
4753	5754	2	778	1	168.000
4754	5755	2	779	1	168.000
4755	5757	2	781	1	168.000
4756	5758	2	782	1	168.000
4757	5760	2	784	1	168.000
4758	5761	2	785	1	168.000
4759	5763	2	787	1	168.000
4760	5764	2	788	1	168.000
4761	5766	2	790	1	168.000
4762	5767	2	791	1	168.000
4763	5769	2	793	1	168.000
4764	5770	2	794	1	168.000
4765	5772	2	796	1	168.000
4766	5773	2	797	1	168.000
4767	5775	2	799	1	168.000
4768	5776	2	800	1	168.000
4769	5778	2	802	1	168.000
4770	5779	2	803	1	168.000
4771	5781	2	805	1	168.000
4772	5782	2	806	1	168.000
4773	5784	2	808	1	168.000
4774	5785	2	809	1	168.000
4775	5787	2	811	1	168.000
4776	5788	2	812	1	168.000
4777	5790	2	814	1	168.000
4778	5791	2	815	1	168.000
4779	5793	2	817	1	168.000
4780	5794	2	818	1	168.000
4781	5796	2	820	1	168.000
4782	5797	2	821	1	168.000
4783	5799	2	823	1	168.000
4784	4579	1	555	1	141.406
4785	5798	2	822	1	168.000
4786	4578	1	554	1	139.639
4787	5795	2	819	1	168.000
4788	4577	1	553	1	137.872
4789	5792	2	816	1	168.000
4790	4576	1	552	1	136.106
4791	5789	2	813	1	168.000
4792	4575	1	551	1	134.339
4793	5786	2	810	1	168.000
4794	4574	1	550	1	132.572
4795	5783	2	807	1	168.000
4796	4573	1	549	1	130.806
4797	5780	2	804	1	168.000
4798	4572	1	548	1	129.039
4799	5777	2	801	1	168.000
4800	4587	1	563	1	155.539
4801	5822	2	846	1	168.000
4802	4586	1	562	1	153.773
4803	5819	2	843	1	168.000
4804	4585	1	561	1	152.006
4805	5816	2	840	1	168.000
4806	4584	1	560	1	150.239
4807	5813	2	837	1	168.000
4808	4583	1	559	1	148.473
4809	5810	2	834	1	168.000
4810	4582	1	558	1	146.706
4811	5807	2	831	1	168.000
4812	4581	1	557	1	144.939
4813	5804	2	828	1	168.000
4814	4580	1	556	1	143.172
4815	5801	2	825	1	168.000
4816	5800	2	824	1	168.000
4817	5802	2	826	1	168.000
4818	5803	2	827	1	168.000
4819	5805	2	829	1	168.000
4820	5806	2	830	1	168.000
4821	5808	2	832	1	168.000
4822	5809	2	833	1	168.000
4823	5811	2	835	1	168.000
4824	5812	2	836	1	168.000
4825	5814	2	838	1	168.000
4826	5815	2	839	1	168.000
4827	5817	2	841	1	168.000
4828	5818	2	842	1	168.000
4829	5820	2	844	1	168.000
4830	5821	2	845	1	168.000
4831	5823	2	847	1	168.000
4832	5824	2	848	1	168.000
4833	5826	2	850	1	168.000
4834	5827	2	851	1	168.000
4835	5829	2	853	1	168.000
4836	5830	2	854	1	168.000
4837	5832	2	856	1	168.000
4838	5833	2	857	1	168.000
4839	5835	2	859	1	168.000
4840	5836	2	860	1	168.000
4841	5838	2	862	1	168.000
4842	5839	2	863	1	168.000
4843	5841	2	865	1	168.000
4844	5842	2	866	1	168.000
4845	5844	2	868	1	168.000
4846	5845	2	869	1	168.000
4847	5847	2	871	1	168.000
4848	4595	1	571	1	169.673
4849	5846	2	870	1	168.000
4850	4594	1	570	1	167.906
4851	5843	2	867	1	168.000
4852	4593	1	569	1	166.139
4853	5840	2	864	1	168.000
4854	4592	1	568	1	164.373
4855	5837	2	861	1	168.000
4856	4591	1	567	1	162.606
4857	5834	2	858	1	168.000
4858	4590	1	566	1	160.839
4859	5831	2	855	1	168.000
4860	4589	1	565	1	159.073
4861	5828	2	852	1	168.000
4862	4588	1	564	1	157.306
4863	5825	2	849	1	168.000
4864	3096	0	24	1	44.238
4865	5194	2	218	1	168.000
4866	3097	0	25	1	46.004
4867	5191	2	215	1	168.000
4868	3098	0	26	1	47.771
4869	5188	2	212	1	168.000
4870	3099	0	27	1	49.538
4871	5185	2	209	1	168.000
4872	3100	0	28	1	51.304
4873	5182	2	206	1	168.000
4874	3101	0	29	1	53.071
4875	5179	2	203	1	168.000
4876	3102	0	30	1	54.838
4877	5176	2	200	1	168.000
4878	3103	0	31	1	56.605
4879	5173	2	197	1	168.000
4880	5172	2	196	1	168.000
4881	5174	2	198	1	168.000
4882	5175	2	199	1	168.000
4883	5177	2	201	1	168.000
4884	5178	2	202	1	168.000
4885	5180	2	204	1	168.000
4886	5181	2	205	1	168.000
4887	5183	2	207	1	168.000
4888	5184	2	208	1	168.000
4889	5186	2	210	1	168.000
4890	5187	2	211	1	168.000
4891	5189	2	213	1	168.000
4892	5190	2	214	1	168.000
4893	5192	2	216	1	168.000
4894	5193	2	217	1	168.000
4895	5195	2	219	1	168.000
4896	5196	2	220	1	168.000
4897	5198	2	222	1	168.000
4898	5199	2	223	1	168.000
4899	5201	2	225	1	168.000
4900	5202	2	226	1	168.000
4901	5204	2	228	1	168.000
4902	5205	2	229	1	168.000
4903	5207	2	231	1	168.000
4904	5208	2	232	1	168.000
4905	5210	2	234	1	168.000
4906	5211	2	235	1	168.000
4907	5213	2	237	1	168.000
4908	5214	2	238	1	168.000
4909	5216	2	240	1	168.000
4910	5217	2	241	1	168.000
4911	5219	2	243	1	168.000
4912	3088	0	16	1	30.104
4913	5218	2	242	1	168.000
4914	3089	0	17	1	31.871
4915	5215	2	239	1	168.000
4916	3090	0	18	1	33.638
4917	5212	2	236	1	168.000
4918	3091	0	19	1	35.404
4919	5209	2	233	1	168.000
4920	3092	0	20	1	37.171
4921	5206	2	230	1	168.000
4922	3093	0	21	1	38.938
4923	5203	2	227	1	168.000
4924	3094	0	22	1	40.704
4925	5200	2	224	1	168.000
4926	3095	0	23	1	42.471
4927	5197	2	221	1	168.000
4928	3080	0	8	1	15.971
4929	5242	2	266	1	168.000
4930	3081	0	9	1	17.737
4931	5239	2	263	1	168.000
4932	3082	0	10	1	19.504
4933	5236	2	260	1	168.000
4934	3083	0	11	1	21.271
4935	5233	2	257	1	168.000
4936	3084	0	12	1	23.037
4937	5230	2	254	1	168.000
4938	3085	0	13	1	24.804
4939	5227	2	251	1	168.000
4940	3086	0	14	1	26.571
4941	5224	2	248	1	168.000
4942	3087	0	15	1	28.338
4943	5221	2	245	1	168.000
4944	5220	2	244	1	168.000
4945	5222	2	246	1	168.000
4946	5223	2	247	1	168.000
4947	5225	2	249	1	168.000
4948	5226	2	250	1	168.000
4949	5228	2	252	1	168.000
4950	5229	2	253	1	168.000
4951	5231	2	255	1	168.000
4952	5232	2	256	1	168.000
4953	5234	2	258	1	168.000
4954	5235	2	259	1	168.000
4955	5237	2	261	1	168.000
4956	5238	2	262	1	168.000
4957	5240	2	264	1	168.000
4958	5241	2	265	1	168.000
4959	5243	2	267	1	168.000
4960	5244	2	268	1	168.000
4961	5246	2	270	1	168.000
4962	5247	2	271	1	168.000
4963	5249	2	273	1	168.000
4964	5250	2	274	1	168.000
4965	5252	2	276	1	168.000
4966	5253	2	277	1	168.000
4967	5255	2	279	1	168.000
4968	5256	2	280	1	168.000
4969	5258	2	282	1	168.000
4970	5259	2	283	1	168.000
4971	5261	2	285	1	168.000
4972	5262	2	286	1	168.000
4973	5264	2	288	1	168.000
4974	5265	2	289	1	168.000
4975	5267	2	291	1	168.000
4976	3072	0	0	1	1.837
4977	5266	2	290	1	168.000
4978	3073	0	1	1	3.604
4979	5263	2	287	1	168.000
4980	3074	0	2	1	5.371
4981	5260	2	284	1	168.000
4982	3075	0	3	1	7.137
4983	5257	2	281	1	168.000
4984	3076	0	4	1	8.904
4985	5254	2	278	1	168.000
4986	3077	0	5	1	10.671
4987	5251	2	275	1	168.000
4988	3078	0	6	1	12.437
4989	5248	2	272	1	168.000
4990	3079	0	7	1	14.204
4991	5245	2	269	1	168.000
4992	3128	0	56	1	100.772
4993	5098	2	122	1	168.000
4994	3129	0	57	1	102.539
4995	5095	2	119	1	168.000
4996	3130	0	58	1	104.305
4997	5092	2	116	1	168.000
4998	3131	0	59	1	106.072
4999	5089	2	113	1	168.000
5000	3132	0	60	1	107.839
5001	5086	2	110	1	168.000
5002	3133	0	61	1	109.605
5003	5083	2	107	1	168.000
5004	3134	0	62	1	111.372
5005	5080	2	104	1	168.000
5006	3135	0	63	1	113.139
5007	5077	2	101	1	168.000
5008	5076	2	100	1	168.000
5009	5078	2	102	1	168.000
5010	5079	2	103	1	168.000
5011	5081	2	105	1	168.000
5012	5082	2	106	1	168.000
5013	5084	2	108	1	168.000
5014	5085	2	109	1	168.000
5015	5087	2	111	1	168.000
5016	5088	2	112	1	168.000
5017	5090	2	114	1	168.000
5018	5091	2	115	1	168.000
5019	5093	2	117	1	168.000
5020	5094	2	118	1	168.000
5021	5096	2	120	1	168.000
5022	5097	2	121	1	168.000
5023	5099	2	123	1	168.000
5024	5100	2	124	1	168.000
5025	5102	2	126	1	168.000
5026	5103	2	127	1	168.000
5027	5105	2	129	1	168.000
5028	5106	2	130	1	168.000
5029	5108	2	132	1	168.000
5030	5109	2	133	1	168.000
5031	5111	2	135	1	168.000
5032	5112	2	136	1	168.000
5033	5114	2	138	1	168.000
5034	5115	2	139	1	168.000
5035	5117	2	141	1	168.000
5036	5118	2	142	1	168.000
5037	5120	2	144	1	168.000
5038	5121	2	145	1	168.000
5039	5123	2	147	1	168.000
5040	3120	0	48	1	86.638
5041	5122	2	146	1	168.000
5042	3121	0	49	1	88.405
5043	5119	2	143	1	168.000
5044	3122	0	50	1	90.172
5045	5116	2	140	1	168.000
5046	3123	0	51	1	91.938
5047	5113	2	137	1	168.000
5048	3124	0	52	1	93.705
5049	5110	2	134	1	168.000
5050	3125	0	53	1	95.472
5051	5107	2	131	1	168.000
5052	3126	0	54	1	97.238
5053	5104	2	128	1	168.000
5054	3127	0	55	1	99.005
5055	5101	2	125	1	168.000
5056	3112	0	40	1	72.505
5057	5146	2	170	1	168.000
5058	3113	0	41	1	74.271
5059	5143	2	167	1	168.000
5060	3114	0	42	1	76.038
5061	5140	2	164	1	168.000
5062	3115	0	43	1	77.805
5063	5137	2	161	1	168.000
5064	3116	0	44	1	79.572
5065	5134	2	158	1	168.000
5066	3117	0	45	1	81.338
5067	5131	2	155	1	168.000
5068	3118	0	46	1	83.105
5069	5128	2	152	1	168.000
5070	3119	0	47	1	84.872
5071	5125	2	149	1	168.000
5072	5124	2	148	1	168.000
5073	5126	2	150	1	168.000
5074	5127	2	151	1	168.000
5075	5129	2	153	1	168.000
5076	5130	2	154	1	168.000
5077	5132	2	156	1	168.000
5078	5133	2	157	1	168.000
5079	5135	2	159	1	168.000
5080	5136	2	160	1	168.000
5081	5138	2	162	1	168.000
5082	5139	2	163	1	168.000
5083	5141	2	165	1	168.000
5084	5142	2	166	1	168.000
5085	5144	2	168	1	168.000
5086	5145	2	169	1	168.000
5087	5147	2	171	1	168.000
5088	5148	2	172	1	168.000
5089	5150	2	174	1	168.000
5090	5151	2	175	1	168.000
5091	5153	2	177	1	168.000
5092	5154	2	178	1	168.000
5093	5156	2	180	1	168.000
5094	5157	2	181	1	168.000
5095	5159	2	183	1	168.000
5096	5160	2	184	1	168.000
5097	5162	2	186	1	168.000
5098	5163	2	187	1	168.000
5099	5165	2	189	1	168.000
5100	5166	2	190	1	168.000
5101	5168	2	192	1	168.000
5102	5169	2	193	1	168.000
5103	5171	2	195	1	168.000
5104	3104	0	32	1	58.371
5105	5170	2	194	1	168.000
5106	3105	0	33	1	60.138
5107	5167	2	191	1	168.000
5108	3106	0	34	1	61.905
5109	5164	2	188	1	168.000
5110	3107	0	35	1	63.671
5111	5161	2	185	1	168.000
5112	3108	0	36	1	65.438
5113	5158	2	182	1	168.000
5114	3109	0	37	1	67.205
5115	5155	2	179	1	168.000
5116	3110	0	38	1	68.971
5117	5152	2	176	1	168.000
5118	3111	0	39	1	70.738
5119	5149	2	173	1	168.000
5120	3935	0	863	1	157.191
5121	6117	2	1141	1	168.000
5122	3934	0	862	1	158.958
5123	6120	2	1144	1	168.000
5124	3933	0	861	1	160.725
5125	6123	2	1147	1	168.000
5126	3932	0	860	1	162.491
5127	6126	2	1150	1	168.000
5128	3931	0	859	1	164.258
5129	6129	2	1153	1	168.000
5130	3930	0	858	1	166.025
5131	6132	2	1156	1	168.000
5132	3929	0	857	1	167.791
5133	6135	2	1159	1	168.000
5134	3928	0	856	1	169.558
5135	6138	2	1162	1	168.000
5136	6139	2	1163	1	168.000
5137	6137	2	1161	1	168.000
5138	6136	2	1160	1	168.000
5139	6134	2	1158	1	168.000
5140	6133	2	1157	1	168.000
5141	6131	2	1155	1	168.000
5142	6130	2	1154	1	168.000
5143	6128	2	1152	1	168.000
5144	6127	2	1151	1	168.000
5145	6125	2	1149	1	168.000
5146	6124	2	1148	1	168.000
5147	6122	2	1146	1	168.000
5148	6121	2	1145	1	168.000
5149	6119	2	1143	1	168.000
5150	6118	2	1142	1	168.000
5151	6116	2	1140	1	168.000
5152	6115	2	1139	1	168.000
5153	6113	2	1137	1	168.000
5154	6112	2	1136	1	168.000
5155	6110	2	1134	1	168.000
5156	6109	2	1133	1	168.000
5157	6107	2	1131	1	168.000
5158	6106	2	1130	1	168.000
5159	6104	2	1128	1	168.000
5160	6103	2	1127	1	168.000
5161	6101	2	1125	1	168.000
5162	6100	2	1124	1	168.000
5163	6098	2	1122	1	168.000
5164	6097	2	1121	1	168.000
5165	6095	2	1119	1	168.000
5166	6094	2	1118	1	168.000
5167	6092	2	1116	1	168.000
5168	3943	0	871	1	143.058
5169	6093	2	1117	1	168.000
5170	3942	0	870	1	144.824
5171	6096	2	1120	1	168.000
5172	3941	0	869	1	146.591
5173	6099	2	1123	1	168.000
5174	3940	0	868	1	148.358
5175	6102	2	1126	1	168.000
5176	3939	0	867	1	150.125
5177	6105	2	1129	1	168.000
5178	3938	0	866	1	151.891
5179	6108	2	1132	1	168.000
5180	3937	0	865	1	153.658
5181	6111	2	1135	1	168.000
5182	3936	0	864	1	155.425
5183	6114	2	1138	1	168.000
5184	3951	0	879	1	128.924
5185	6069	2	1093	1	168.000
5186	3950	0	878	1	130.691
5187	6072	2	1096	1	168.000
5188	3949	0	877	1	132.458
5189	6075	2	1099	1	168.000
5190	3948	0	876	1	134.224
5191	6078	2	1102	1	168.000
5192	3947	0	875	1	135.991
5193	6081	2	1105	1	168.000
5194	3946	0	874	1	137.758
5195	6084	2	1108	1	168.000
5196	3945	0	873	1	139.524
5197	6087	2	1111	1	168.000
5198	3944	0	872	1	141.291
5199	6090	2	1114	1	168.000
5200	6091	2	1115	1	168.000
5201	6089	2	1113	1	168.000
5202	6088	2	1112	1	168.000
5203	6086	2	1110	1	168.000
5204	6085	2	1109	1	168.000
5205	6083	2	1107	1	168.000
5206	6082	2	1106	1	168.000
5207	6080	2	1104	1	168.000
5208	6079	2	1103	1	168.000
5209	6077	2	1101	1	168.000
5210	6076	2	1100	1	168.000
5211	6074	2	1098	1	168.000
5212	6073	2	1097	1	168.000
5213	6071	2	1095	1	168.000
5214	6070	2	1094	1	168.000
5215	6068	2	1092	1	168.000
5216	6067	2	1091	1	168.000
5217	6065	2	1089	1	168.000
5218	6064	2	1088	1	168.000
5219	6062	2	1086	1	168.000
5220	6061	2	1085	1	168.000
5221	6059	2	1083	1	168.000
5222	6058	2	1082	1	168.000
5223	6056	2	1080	1	168.000
5224	6055	2	1079	1	168.000
5225	6053	2	1077	1	168.000
5226	6052	2	1076	1	168.000
5227	6050	2	1074	1	168.000
5228	6049	2	1073	1	168.000
5229	6047	2	1071	1	168.000
5230	6046	2	1070	1	168.000
5231	6044	2	1068	1	168.000
5232	3959	0	887	1	114.791
5233	6045	2	1069	1	168.000
5234	3958	0	886	1	116.557
5235	6048	2	1072	1	168.000
5236	3957	0	885	1	118.324
5237	6051	2	1075	1	168.000
5238	3956	0	884	1	120.091
5239	6054	2	1078	1	168.000
5240	3955	0	883	1	121.857
5241	6057	2	1081	1	168.000
5242	3954	0	882	1	123.624
5243	6060	2	1084	1	168.000
5244	3953	0	881	1	125.391
5245	6063	2	1087	1	168.000
5246	3952	0	880	1	127.158
5247	6066	2	1090	1	168.000
5248	3881	0	809	1	171.993
5249	3880	0	808	1	171.993
5250	4926	1	902	1	89.145
5251	3878	0	806	1	171.993
5252	4924	1	900	1	92.678
5253	3876	0	804	1	171.993
5254	4922	1	898	1	96.212
5255	3874	0	802	1	171.993
5256	4920	1	896	1	99.745
5257	3872	0	800	1	171.993
5258	4918	1	894	1	103.278
5259	3870	0	798	1	171.993
5260	4916	1	892	1	106.812
5261	3868	0	796	1	171.993
5262	3867	0	795	1	171.993
5263	3866	0	794	1	171.993
5264	4914	1	890	1	110.345
5265	4915	1	891	1	108.578
5266	3869	0	797	1	171.993
5267	4917	1	893	1	105.045
5268	3871	0	799	1	171.993
5269	4919	1	895	1	101.512
5270	3873	0	801	1	171.993
5271	4921	1	897	1	97.978
5272	3875	0	803	1	171.993
5273	4923	1	899	1	94.445
5274	3877	0	805	1	171.993
5275	4925	1	901	1	90.911
5276	3879	0	807	1	171.993
5277	4927	1	903	1	87.378
5278	4928	1	904	1	85.611
5279	4929	1	905	1	83.845
5280	3883	0	811	1	171.993
5281	4931	1	907	1	80.311
5282	3885	0	813	1	171.993
5283	4933	1	909	1	76.778
5284	3887	0	815	1	171.993
5285	4935	1	911	1	73.245
5286	3889	0	817	1	171.993
5287	4937	1	913	1	69.711
5288	3891	0	819	1	171.993
5289	4939	1	915	1	66.178
5290	3893	0	821	1	171.993
5291	4941	1	917	1	62.644
5292	3895	0	823	1	171.993
5293	4943	1	919	1	59.111
5294	3897	0	825	1	171.993
5295	4945	1	921	1	55.578
5296	4944	1	920	1	57.344
5297	3896	0	824	1	171.993
5298	4942	1	918	1	60.878
5299	3894	0	822	1	171.993
5300	4940	1	916	1	64.411
5301	3892	0	820	1	171.993
5302	4938	1	914	1	67.944
5303	3890	0	818	1	171.993
5304	4936	1	912	1	71.478
5305	3888	0	816	1	171.993
5306	4934	1	910	1	75.011
5307	3886	0	814	1	171.993
5308	4932	1	908	1	78.545
5309	3884	0	812	1	171.993
5310	4930	1	906	1	82.078
5311	3882	0	810	1	171.993
5312	4960	1	936	1	29.077
5313	3912	0	840	1	171.993
5314	4958	1	934	1	32.611
5315	3910	0	838	1	171.993
5316	4956	1	932	1	36.144
5317	3908	0	836	1	171.993
5318	4954	1	930	1	39.677
5319	3906	0	834	1	171.993
5320	4952	1	928	1	43.211
5321	3904	0	832	1	171.993
5322	4950	1	926	1	46.744
5323	3902	0	830	1	171.993
5324	4948	1	924	1	50.278
5325	3900	0	828	1	171.993
5326	4946	1	922	1	53.811
5327	3898	0	826	1	171.993
5328	3899	0	827	1	171.993
5329	4947	1	923	1	52.044
5330	3901	0	829	1	171.993
5331	4949	1	925	1	48.511
5332	3903	0	831	1	171.993
5333	4951	1	927	1	44.978
5334	3905	0	833	1	171.993
5335	4953	1	929	1	41.444
5336	3907	0	835	1	171.993
5337	4955	1	931	1	37.911
5338	3909	0	837	1	171.993
5339	4957	1	933	1	34.377
5340	3911	0	839	1	171.993
5341	4959	1	935	1	30.844
5342	3913	0	841	1	171.993
5343	4961	1	937	1	27.311
5344	3915	0	843	1	171.993
5345	4963	1	939	1	23.777
5346	3917	0	845	1	171.993
5347	4965	1	941	1	20.244
5348	3919	0	847	1	171.993
5349	4967	1	943	1	16.710
5350	3921	0	849	1	171.993
5351	4969	1	945	1	13.177
5352	3923	0	851	1	171.993
5353	4971	1	947	1	9.644
5354	3925	0	853	1	171.993
5355	4973	1	949	1	6.110
5356	3927	0	855	1	171.325
5357	4975	1	951	1	2.577
5358	6143	2	1167	1	168.000
5359	6141	2	1165	1	168.000
5360	6140	2	1164	1	168.000
5361	6142	2	1166	1	168.000
5362	4974	1	950	1	4.344
5363	3926	0	854	1	171.993
5364	4972	1	948	1	7.877
5365	3924	0	852	1	171.993
5366	4970	1	946	1	11.410
5367	3922	0	850	1	171.993
5368	4968	1	944	1	14.944
5369	3920	0	848	1	171.993
5370	4966	1	942	1	18.477
5371	3918	0	846	1	171.993
5372	4964	1	940	1	22.011
5373	3916	0	844	1	171.993
5374	4962	1	938	1	25.544
5375	3914	0	842	1	171.993
5376	3689	0	617	1	171.993
5377	3688	0	616	1	171.993
5378	3687	0	615	1	171.993
5379	3686	0	614	1	171.993
5380	3685	0	613	1	171.993
5381	3684	0	612	1	171.993
5382	3683	0	611	1	171.993
5383	3682	0	610	1	171.993
5384	3681	0	609	1	171.993
5385	3680	0	608	1	171.993
5386	3679	0	607	1	171.993
5387	3678	0	606	1	171.993
5388	3677	0	605	1	171.993
5389	3676	0	604	1	171.993
5390	3675	0	603	1	171.993
5391	3674	0	602	1	171.993
5392	4722	1	698	1	171.993
5393	4723	1	699	1	171.993
5394	4724	1	700	1	171.993
5395	4725	1	701	1	171.993
5396	4726	1	702	1	171.993
5397	4727	1	703	1	171.993
5398	4728	1	704	1	171.993
5399	4729	1	705	1	171.993
5400	4730	1	706	1	171.993
5401	4731	1	707	1	171.993
5402	4732	1	708	1	171.993
5403	4733	1	709	1	171.993
5404	4734	1	710	1	171.993
5405	4735	1	711	1	171.993
5406	4736	1	712	1	171.993
5407	4737	1	713	1	171.993
5408	4738	1	714	1	171.993
5409	4739	1	715	1	171.993
5410	4740	1	716	1	171.993
5411	4741	1	717	1	171.993
5412	4742	1	718	1	171.993
5413	4743	1	719	1	171.993
5414	4744	1	720	1	171.993
5415	4745	1	721	1	171.993
5416	4746	1	722	1	171.993
5417	4747	1	723	1	171.993
5418	4748	1	724	1	171.993
5419	4749	1	725	1	171.993
5420	4750	1	726	1	171.993
5421	4751	1	727	1	171.993
5422	4752	1	728	1	171.993
5423	4753	1	729	1	171.993
5424	3705	0	633	1	171.993
5425	3704	0	632	1	171.993
5426	3703	0	631	1	171.993
5427	3702	0	630	1	171.993
5428	3701	0	629	1	171.993
5429	3700	0	628	1	171.993
5430	3699	0	627	1	171.993
5431	3698	0	626	1	171.993
5432	3697	0	625	1	171.993
5433	3696	0	624	1	171.993
5434	3695	0	623	1	171.993
5435	3694	0	622	1	171.993
5436	3693	0	621	1	171.993
5437	3692	0	620	1	171.993
5438	3691	0	619	1	171.993
5439	3690	0	618	1	171.993
5440	3721	0	649	1	171.993
5441	3720	0	648	1	171.993
5442	3719	0	647	1	171.993
5443	3718	0	646	1	171.993
5444	3717	0	645	1	171.993
5445	3716	0	644	1	171.993
5446	3715	0	643	1	171.993
5447	3714	0	642	1	171.993
5448	3713	0	641	1	171.993
5449	3712	0	640	1	171.993
5450	3711	0	639	1	171.993
5451	3710	0	638	1	171.993
5452	3709	0	637	1	171.993
5453	3708	0	636	1	171.993
5454	3707	0	635	1	171.993
5455	3706	0	634	1	171.993
5456	4754	1	730	1	171.993
5457	4755	1	731	1	171.993
5458	4756	1	732	1	171.993
5459	4757	1	733	1	171.993
5460	4758	1	734	1	171.993
5461	4759	1	735	1	171.993
5462	4760	1	736	1	171.993
5463	4761	1	737	1	171.993
5464	4762	1	738	1	171.993
5465	4763	1	739	1	171.993
5466	4764	1	740	1	171.993
5467	4765	1	741	1	171.993
5468	4766	1	742	1	171.993
5469	4767	1	743	1	171.993
5470	4768	1	744	1	171.993
5471	4769	1	745	1	171.993
5472	4770	1	746	1	171.993
5473	4771	1	747	1	171.993
5474	4772	1	748	1	171.993
5475	4773	1	749	1	171.993
5476	4774	1	750	1	171.993
5477	4775	1	751	1	171.993
5478	4776	1	752	1	171.993
5479	4777	1	753	1	171.993
5480	4778	1	754	1	171.993
5481	4779	1	755	1	171.993
5482	4780	1	756	1	171.993
5483	4781	1	757	1	171.993
5484	4782	1	758	1	171.993
5485	4783	1	759	1	171.993
5486	4784	1	760	1	171.993
5487	4785	1	761	1	171.993
5488	3737	0	665	1	171.993
5489	3736	0	664	1	171.993
5490	3735	0	663	1	171.993
5491	3734	0	662	1	171.993
5492	3733	0	661	1	171.993
5493	3732	0	660	1	171.993
5494	3731	0	659	1	171.993
5495	3730	0	658	1	171.993
5496	3729	0	657	1	171.993
5497	3728	0	656	1	171.993
5498	3727	0	655	1	171.993
5499	3726	0	654	1	171.993
5500	3725	0	653	1	171.993
5501	3724	0	652	1	171.993
5502	3723	0	651	1	171.993
5503	3722	0	650	1	171.993
5504	3625	0	553	1	138.727
5505	3624	0	552	1	136.960
5506	3623	0	551	1	135.193
5507	3622	0	550	1	133.427
5508	3621	0	549	1	131.660
5509	3620	0	548	1	129.893
5510	3619	0	547	1	128.127
5511	3618	0	546	1	126.360
5512	3617	0	545	1	124.593
5513	3616	0	544	1	122.827
5514	3615	0	543	1	121.060
5515	3614	0	542	1	119.293
5516	3613	0	541	1	117.527
5517	3612	0	540	1	115.760
5518	3611	0	539	1	113.993
5519	3610	0	538	1	112.227
5520	4658	1	634	1	171.993
5521	4659	1	635	1	171.993
5522	4660	1	636	1	171.993
5523	4661	1	637	1	171.993
5524	4662	1	638	1	171.993
5525	4663	1	639	1	171.993
5526	4664	1	640	1	171.993
5527	4665	1	641	1	171.993
5528	4666	1	642	1	171.993
5529	4667	1	643	1	171.993
5530	4668	1	644	1	171.993
5531	4669	1	645	1	171.993
5532	4670	1	646	1	171.993
5533	4671	1	647	1	171.993
5534	4672	1	648	1	171.993
5535	4673	1	649	1	171.993
5536	4674	1	650	1	171.993
5537	4675	1	651	1	171.993
5538	4676	1	652	1	171.993
5539	4677	1	653	1	171.993
5540	4678	1	654	1	171.993
5541	4679	1	655	1	171.993
5542	4680	1	656	1	171.993
5543	4681	1	657	1	171.993
5544	4682	1	658	1	171.993
5545	4683	1	659	1	171.993
5546	4684	1	660	1	171.993
5547	4685	1	661	1	171.993
5548	4686	1	662	1	171.993
5549	4687	1	663	1	171.993
5550	4688	1	664	1	171.993
5551	4689	1	665	1	171.993
5552	3641	0	569	1	166.994
5553	3640	0	568	1	165.227
5554	3639	0	567	1	163.461
5555	3638	0	566	1	161.694
5556	3637	0	565	1	159.927
5557	3636	0	564	1	158.160
5558	3635	0	563	1	156.394
5559	3634	0	562	1	154.627
5560	3633	0	561	1	152.860
5561	3632	0	560	1	151.094
5562	3631	0	559	1	149.327
5563	3630	0	558	1	147.560
5564	3629	0	557	1	145.794
5565	3628	0	556	1	144.027
5566	3627	0	555	1	142.260
5567	3626	0	554	1	140.494
5568	3657	0	585	1	171.993
5569	3656	0	584	1	171.993
5570	3655	0	583	1	171.993
5571	3654	0	582	1	171.993
5572	3653	0	581	1	171.993
5573	3652	0	580	1	171.993
5574	3651	0	579	1	171.993
5575	3650	0	578	1	171.993
5576	3649	0	577	1	171.993
5577	3648	0	576	1	171.993
5578	3647	0	575	1	171.993
5579	3646	0	574	1	171.993
5580	3645	0	573	1	171.993
5581	3644	0	572	1	171.993
5582	3643	0	571	1	170.527
5583	3642	0	570	1	168.761
5584	4690	1	666	1	171.993
5585	4691	1	667	1	171.993
5586	4692	1	668	1	171.993
5587	4693	1	669	1	171.993
5588	4694	1	670	1	171.993
5589	4695	1	671	1	171.993
5590	4696	1	672	1	171.993
5591	4697	1	673	1	171.993
5592	4698	1	674	1	171.993
5593	4699	1	675	1	171.993
5594	4700	1	676	1	171.993
5595	4701	1	677	1	171.993
5596	4702	1	678	1	171.993
5597	4703	1	679	1	171.993
5598	4704	1	680	1	171.993
5599	4705	1	681	1	171.993
5600	4706	1	682	1	171.993
5601	4707	1	683	1	171.993
5602	4708	1	684	1	171.993
5603	4709	1	685	1	171.993
5604	4710	1	686	1	171.993
5605	4711	1	687	1	171.993
5606	4712	1	688	1	171.993
5607	4713	1	689	1	171.993
5608	4714	1	690	1	171.993
5609	4715	1	691	1	171.993
5610	4716	1	692	1	171.993
5611	4717	1	693	1	171.993
5612	4718	1	694	1	171.993
5613	4719	1	695	1	171.993
5614	4720	1	696	1	171.993
5615	4721	1	697	1	171.993
5616	3673	0	601	1	171.993
5617	3672	0	600	1	171.993
5618	3671	0	599	1	171.993
5619	3670	0	598	1	171.993
5620	3669	0	597	1	171.993
5621	3668	0	596	1	171.993
5622	3667	0	595	1	171.993
5623	3666	0	594	1	171.993
5624	3665	0	593	1	171.993
5625	3664	0	592	1	171.993
5626	3663	0	591	1	171.993
5627	3662	0	590	1	171.993
5628	3661	0	589	1	171.993
5629	3660	0	588	1	171.993
5630	3659	0	587	1	171.993
5631	3658	0	586	1	171.993
5632	3999	0	927	1	44.123
5633	5925	2	949	1	168.000
5634	3998	0	926	1	45.890
5635	5928	2	952	1	168.000
5636	3997	0	925	1	47.656
5637	5931	2	955	1	168.000
5638	3996	0	924	1	49.423
5639	5934	2	958	1	168.000
5640	3995	0	923	1	51.190
5641	5937	2	961	1	168.000
5642	3994	0	922	1	52.956
5643	5940	2	964	1	168.000
5644	3993	0	921	1	54.723
5645	5943	2	967	1	168.000
5646	3992	0	920	1	56.490
5647	5946	2	970	1	168.000
5648	5947	2	971	1	168.000
5649	5945	2	969	1	168.000
5650	5944	2	968	1	168.000
5651	5942	2	966	1	168.000
5652	5941	2	965	1	168.000
5653	5939	2	963	1	168.000
5654	5938	2	962	1	168.000
5655	5936	2	960	1	168.000
5656	5935	2	959	1	168.000
5657	5933	2	957	1	168.000
5658	5932	2	956	1	168.000
5659	5930	2	954	1	168.000
5660	5929	2	953	1	168.000
5661	5927	2	951	1	168.000
5662	5926	2	950	1	168.000
5663	5924	2	948	1	168.000
5664	5923	2	947	1	168.000
5665	5921	2	945	1	168.000
5666	5920	2	944	1	168.000
5667	5918	2	942	1	168.000
5668	5917	2	941	1	168.000
5669	5915	2	939	1	168.000
5670	5914	2	938	1	168.000
5671	5912	2	936	1	168.000
5672	5911	2	935	1	168.000
5673	5909	2	933	1	168.000
5674	5908	2	932	1	168.000
5675	5906	2	930	1	168.000
5676	5905	2	929	1	168.000
5677	5903	2	927	1	168.000
5678	5902	2	926	1	168.000
5679	5900	2	924	1	168.000
5680	4007	0	935	1	29.989
5681	5901	2	925	1	168.000
5682	4006	0	934	1	31.756
5683	5904	2	928	1	168.000
5684	4005	0	933	1	33.523
5685	5907	2	931	1	168.000
5686	4004	0	932	1	35.290
5687	5910	2	934	1	168.000
5688	4003	0	931	1	37.056
5689	5913	2	937	1	168.000
5690	4002	0	930	1	38.823
5691	5916	2	940	1	168.000
5692	4001	0	929	1	40.590
5693	5919	2	943	1	168.000
5694	4000	0	928	1	42.356
5695	5922	2	946	1	168.000
5696	4015	0	943	1	15.856
5697	5877	2	901	1	168.000
5698	4014	0	942	1	17.623
5699	5880	2	904	1	168.000
5700	4013	0	941	1	19.389
5701	5883	2	907	1	168.000
5702	4012	0	940	1	21.156
5703	5886	2	910	1	168.000
5704	4011	0	939	1	22.923
5705	5889	2	913	1	168.000
5706	4010	0	938	1	24.689
5707	5892	2	916	1	168.000
5708	4009	0	937	1	26.456
5709	5895	2	919	1	168.000
5710	4008	0	936	1	28.223
5711	5898	2	922	1	168.000
5712	5899	2	923	1	168.000
5713	5897	2	921	1	168.000
5714	5896	2	920	1	168.000
5715	5894	2	918	1	168.000
5716	5893	2	917	1	168.000
5717	5891	2	915	1	168.000
5718	5890	2	914	1	168.000
5719	5888	2	912	1	168.000
5720	5887	2	911	1	168.000
5721	5885	2	909	1	168.000
5722	5884	2	908	1	168.000
5723	5882	2	906	1	168.000
5724	5881	2	905	1	168.000
5725	5879	2	903	1	168.000
5726	5878	2	902	1	168.000
5727	5876	2	900	1	168.000
5728	5875	2	899	1	168.000
5729	5873	2	897	1	168.000
5730	5872	2	896	1	168.000
5731	5870	2	894	1	168.000
5732	5869	2	893	1	168.000
5733	5867	2	891	1	168.000
5734	5866	2	890	1	168.000
5735	5864	2	888	1	168.000
5736	5863	2	887	1	168.000
5737	5861	2	885	1	168.000
5738	5860	2	884	1	168.000
5739	5858	2	882	1	168.000
5740	5857	2	881	1	168.000
5741	5855	2	879	1	168.000
5742	5854	2	878	1	168.000
5743	5852	2	876	1	168.000
5744	4023	0	951	1	1.722
5745	5853	2	877	1	168.000
5746	4022	0	950	1	3.489
5747	5856	2	880	1	168.000
5748	4021	0	949	1	5.256
5749	5859	2	883	1	168.000
5750	4020	0	948	1	7.022
5751	5862	2	886	1	168.000
5752	4019	0	947	1	8.789
5753	5865	2	889	1	168.000
5754	4018	0	946	1	10.556
5755	5868	2	892	1	168.000
5756	4017	0	945	1	12.323
5757	5871	2	895	1	168.000
5758	4016	0	944	1	14.089
5759	5874	2	898	1	168.000
5760	3967	0	895	1	100.657
5761	6021	2	1045	1	168.000
5762	3966	0	894	1	102.424
5763	6024	2	1048	1	168.000
5764	3965	0	893	1	104.191
5765	6027	2	1051	1	168.000
5766	3964	0	892	1	105.957
5767	6030	2	1054	1	168.000
5768	3963	0	891	1	107.724
5769	6033	2	1057	1	168.000
5770	3962	0	890	1	109.491
5771	6036	2	1060	1	168.000
5772	3961	0	889	1	111.257
5773	6039	2	1063	1	168.000
5774	3960	0	888	1	113.024
5775	6042	2	1066	1	168.000
5776	6043	2	1067	1	168.000
5777	6041	2	1065	1	168.000
5778	6040	2	1064	1	168.000
5779	6038	2	1062	1	168.000
5780	6037	2	1061	1	168.000
5781	6035	2	1059	1	168.000
5782	6034	2	1058	1	168.000
5783	6032	2	1056	1	168.000
5784	6031	2	1055	1	168.000
5785	6029	2	1053	1	168.000
5786	6028	2	1052	1	168.000
5787	6026	2	1050	1	168.000
5788	6025	2	1049	1	168.000
5789	6023	2	1047	1	168.000
5790	6022	2	1046	1	168.000
5791	6020	2	1044	1	168.000
5792	6019	2	1043	1	168.000
5793	6017	2	1041	1	168.000
5794	6016	2	1040	1	168.000
5795	6014	2	1038	1	168.000
5796	6013	2	1037	1	168.000
5797	6011	2	1035	1	168.000
5798	6010	2	1034	1	168.000
5799	6008	2	1032	1	168.000
5800	6007	2	1031	1	168.000
5801	6005	2	1029	1	168.000
5802	6004	2	1028	1	168.000
5803	6002	2	1026	1	168.000
5804	6001	2	1025	1	168.000
5805	5999	2	1023	1	168.000
5806	5998	2	1022	1	168.000
5807	5996	2	1020	1	168.000
5808	3975	0	903	1	86.524
5809	5997	2	1021	1	168.000
5810	3974	0	902	1	88.290
5811	6000	2	1024	1	168.000
5812	3973	0	901	1	90.057
5813	6003	2	1027	1	168.000
5814	3972	0	900	1	91.824
5815	6006	2	1030	1	168.000
5816	3971	0	899	1	93.590
5817	6009	2	1033	1	168.000
5818	3970	0	898	1	95.357
5819	6012	2	1036	1	168.000
5820	3969	0	897	1	97.124
5821	6015	2	1039	1	168.000
5822	3968	0	896	1	98.890
5823	6018	2	1042	1	168.000
5824	3983	0	911	1	72.390
5825	5973	2	997	1	168.000
5826	3982	0	910	1	74.157
5827	5976	2	1000	1	168.000
5828	3981	0	909	1	75.923
5829	5979	2	1003	1	168.000
5830	3980	0	908	1	77.690
5831	5982	2	1006	1	168.000
5832	3979	0	907	1	79.457
5833	5985	2	1009	1	168.000
5834	3978	0	906	1	81.224
5835	5988	2	1012	1	168.000
5836	3977	0	905	1	82.990
5837	5991	2	1015	1	168.000
5838	3976	0	904	1	84.757
5839	5994	2	1018	1	168.000
5840	5995	2	1019	1	168.000
5841	5993	2	1017	1	168.000
5842	5992	2	1016	1	168.000
5843	5990	2	1014	1	168.000
5844	5989	2	1013	1	168.000
5845	5987	2	1011	1	168.000
5846	5986	2	1010	1	168.000
5847	5984	2	1008	1	168.000
5848	5983	2	1007	1	168.000
5849	5981	2	1005	1	168.000
5850	5980	2	1004	1	168.000
5851	5978	2	1002	1	168.000
5852	5977	2	1001	1	168.000
5853	5975	2	999	1	168.000
5854	5974	2	998	1	168.000
5855	5972	2	996	1	168.000
5856	5971	2	995	1	168.000
5857	5969	2	993	1	168.000
5858	5968	2	992	1	168.000
5859	5966	2	990	1	168.000
5860	5965	2	989	1	168.000
5861	5963	2	987	1	168.000
5862	5962	2	986	1	168.000
5863	5960	2	984	1	168.000
5864	5959	2	983	1	168.000
5865	5957	2	981	1	168.000
5866	5956	2	980	1	168.000
5867	5954	2	978	1	168.000
5868	5953	2	977	1	168.000
5869	5951	2	975	1	168.000
5870	5950	2	974	1	168.000
5871	5948	2	972	1	168.000
5872	3991	0	919	1	58.257
5873	5949	2	973	1	168.000
5874	3990	0	918	1	60.023
5875	5952	2	976	1	168.000
5876	3989	0	917	1	61.790
5877	5955	2	979	1	168.000
5878	3988	0	916	1	63.557
5879	5958	2	982	1	168.000
5880	3987	0	915	1	65.323
5881	5961	2	985	1	168.000
5882	3986	0	914	1	67.090
5883	5964	2	988	1	168.000
5884	3985	0	913	1	68.857
5885	5967	2	991	1	168.000
5886	3984	0	912	1	70.623
5887	5970	2	994	1	168.000
5888	3817	0	745	1	171.993
5889	3816	0	744	1	171.993
5890	3815	0	743	1	171.993
5891	3814	0	742	1	171.993
5892	3813	0	741	1	171.993
5893	3812	0	740	1	171.993
5894	3811	0	739	1	171.993
5895	3810	0	738	1	171.993
5896	3809	0	737	1	171.993
5897	3808	0	736	1	171.993
5898	3807	0	735	1	171.993
5899	3806	0	734	1	171.993
5900	3805	0	733	1	171.993
5901	3804	0	732	1	171.993
5902	3803	0	731	1	171.993
5903	3802	0	730	1	171.993
5904	4850	1	826	1	171.993
5905	4851	1	827	1	171.993
5906	4852	1	828	1	171.993
5907	4853	1	829	1	171.993
5908	4854	1	830	1	171.993
5909	4855	1	831	1	171.993
5910	4856	1	832	1	171.993
5911	4857	1	833	1	171.993
5912	4858	1	834	1	171.993
5913	4859	1	835	1	171.993
5914	4860	1	836	1	171.993
5915	4861	1	837	1	171.993
5916	4862	1	838	1	171.993
5917	4863	1	839	1	171.993
5918	4864	1	840	1	171.993
5919	4865	1	841	1	171.993
5920	4866	1	842	1	171.993
5921	4867	1	843	1	171.993
5922	4868	1	844	1	171.993
5923	4869	1	845	1	171.993
5924	4870	1	846	1	171.993
5925	4871	1	847	1	171.993
5926	4872	1	848	1	171.993
5927	4873	1	849	1	171.993
5928	4874	1	850	1	171.993
5929	4875	1	851	1	171.993
5930	4876	1	852	1	171.993
5931	4877	1	853	1	171.993
5932	4878	1	854	1	171.993
5933	4879	1	855	1	171.993
5934	4880	1	856	1	170.413
5935	4881	1	857	1	168.646
5936	3833	0	761	1	171.993
5937	3832	0	760	1	171.993
5938	3831	0	759	1	171.993
5939	3830	0	758	1	171.993
5940	3829	0	757	1	171.993
5941	3828	0	756	1	171.993
5942	3827	0	755	1	171.993
5943	3826	0	754	1	171.993
5944	3825	0	753	1	171.993
5945	3824	0	752	1	171.993
5946	3823	0	751	1	171.993
5947	3822	0	750	1	171.993
5948	3821	0	749	1	171.993
5949	3820	0	748	1	171.993
5950	3819	0	747	1	171.993
5951	3818	0	746	1	171.993
5952	3849	0	777	1	171.993
5953	3848	0	776	1	171.993
5954	3847	0	775	1	171.993
5955	3846	0	774	1	171.993
5956	3845	0	773	1	171.993
5957	3844	0	772	1	171.993
5958	3843	0	771	1	171.993
5959	3842	0	770	1	171.993
5960	3841	0	769	1	171.993
5961	3840	0	768	1	171.993
5962	3839	0	767	1	171.993
5963	3838	0	766	1	171.993
5964	3837	0	765	1	171.993
5965	3836	0	764	1	171.993
5966	3835	0	763	1	171.993
5967	3834	0	762	1	171.993
5968	4882	1	858	1	166.879
5969	4883	1	859	1	165.113
5970	4884	1	860	1	163.346
5971	4885	1	861	1	161.579
5972	4886	1	862	1	159.812
5973	4887	1	863	1	158.046
5974	4888	1	864	1	156.279
5975	4889	1	865	1	154.512
5976	4890	1	866	1	152.746
5977	4891	1	867	1	150.979
5978	4892	1	868	1	149.212
5979	4893	1	869	1	147.446
5980	4894	1	870	1	145.679
5981	4895	1	871	1	143.912
5982	4896	1	872	1	142.146
5983	4897	1	873	1	140.379
5984	4898	1	874	1	138.612
5985	4899	1	875	1	136.845
5986	4900	1	876	1	135.079
5987	4901	1	877	1	133.312
5988	4902	1	878	1	131.545
5989	4903	1	879	1	129.779
5990	4904	1	880	1	128.012
5991	4905	1	881	1	126.245
5992	4906	1	882	1	124.479
5993	4907	1	883	1	122.712
5994	4908	1	884	1	120.945
5995	4909	1	885	1	119.179
5996	4910	1	886	1	117.412
5997	4911	1	887	1	115.645
5998	4912	1	888	1	113.878
5999	4913	1	889	1	112.112
6000	3865	0	793	1	171.993
6001	3864	0	792	1	171.993
6002	3863	0	791	1	171.993
6003	3862	0	790	1	171.993
6004	3861	0	789	1	171.993
6005	3860	0	788	1	171.993
6006	3859	0	787	1	171.993
6007	3858	0	786	1	171.993
6008	3857	0	785	1	171.993
6009	3856	0	784	1	171.993
6010	3855	0	783	1	171.993
6011	3854	0	782	1	171.993
6012	3853	0	781	1	171.993
6013	3852	0	780	1	171.993
6014	3851	0	779	1	171.993
6015	3850	0	778	1	171.993
6016	3753	0	681	1	171.993
6017	3752	0	680	1	171.993
6018	3751	0	679	1	171.993
6019	3750	0	678	1	171.993
6020	3749	0	677	1	171.993
6021	3748	0	676	1	171.993
6022	3747	0	675	1	171.993
6023	3746	0	674	1	171.993
6024	3745	0	673	1	171.993
6025	3744	0	672	1	171.993
6026	3743	0	671	1	171.993
6027	3742	0	670	1	171.993
6028	3741	0	669	1	171.993
6029	3740	0	668	1	171.993
6030	3739	0	667	1	171.993
6031	3738	0	666	1	171.993
6032	4786	1	762	1	171.993
6033	4787	1	763	1	171.993
6034	4788	1	764	1	171.993
6035	4789	1	765	1	171.993
6036	4790	1	766	1	171.993
6037	4791	1	767	1	171.993
6038	4792	1	768	1	171.993
6039	4793	1	769	1	171.993
6040	4794	1	770	1	171.993
6041	4795	1	771	1	171.993
6042	4796	1	772	1	171.993
6043	4797	1	773	1	171.993
6044	4798	1	774	1	171.993
6045	4799	1	775	1	171.993
6046	4800	1	776	1	171.993
6047	4801	1	777	1	171.993
6048	4802	1	778	1	171.993
6049	4803	1	779	1	171.993
6050	4804	1	780	1	171.993
6051	4805	1	781	1	171.993
6052	4806	1	782	1	171.993
6053	4807	1	783	1	171.993
6054	4808	1	784	1	171.993
6055	4809	1	785	1	171.993
6056	4810	1	786	1	171.993
6057	4811	1	787	1	171.993
6058	4812	1	788	1	171.993
6059	4813	1	789	1	171.993
6060	4814	1	790	1	171.993
6061	4815	1	791	1	171.993
6062	4816	1	792	1	171.993
6063	4817	1	793	1	171.993
6064	3769	0	697	1	171.993
6065	3768	0	696	1	171.993
6066	3767	0	695	1	171.993
6067	3766	0	694	1	171.993
6068	3765	0	693	1	171.993
6069	3764	0	692	1	171.993
6070	3763	0	691	1	171.993
6071	3762	0	690	1	171.993
6072	3761	0	689	1	171.993
6073	3760	0	688	1	171.993
6074	3759	0	687	1	171.993
6075	3758	0	686	1	171.993
6076	3757	0	685	1	171.993
6077	3756	0	684	1	171.993
6078	3755	0	683	1	171.993
6079	3754	0	682	1	171.993
6080	3785	0	713	1	171.993
6081	3784	0	712	1	171.993
6082	3783	0	711	1	171.993
6083	3782	0	710	1	171.993
6084	3781	0	709	1	171.993
6085	3780	0	708	1	171.993
6086	3779	0	707	1	171.993
6087	3778	0	706	1	171.993
6088	3777	0	705	1	171.993
6089	3776	0	704	1	171.993
6090	3775	0	703	1	171.993
6091	3774	0	702	1	171.993
6092	3773	0	701	1	171.993
6093	3772	0	700	1	171.993
6094	3771	0	699	1	171.993
6095	3770	0	698	1	171.993
6096	4818	1	794	1	171.993
6097	4819	1	795	1	171.993
6098	4820	1	796	1	171.993
6099	4821	1	797	1	171.993
6100	4822	1	798	1	171.993
6101	4823	1	799	1	171.993
6102	4824	1	800	1	171.993
6103	4825	1	801	1	171.993
6104	4826	1	802	1	171.993
6105	4827	1	803	1	171.993
6106	4828	1	804	1	171.993
6107	4829	1	805	1	171.993
6108	4830	1	806	1	171.993
6109	4831	1	807	1	171.993
6110	4832	1	808	1	171.993
6111	4833	1	809	1	171.993
6112	4834	1	810	1	171.993
6113	4835	1	811	1	171.993
6114	4836	1	812	1	171.993
6115	4837	1	813	1	171.993
6116	4838	1	814	1	171.993
6117	4839	1	815	1	171.993
6118	4840	1	816	1	171.993
6119	4841	1	817	1	171.993
6120	4842	1	818	1	171.993
6121	4843	1	819	1	171.993
6122	4844	1	820	1	171.993
6123	4845	1	821	1	171.993
6124	4846	1	822	1	171.993
6125	4847	1	823	1	171.993
6126	4848	1	824	1	171.993
6127	4849	1	825	1	171.993
6128	3801	0	729	1	171.993
6129	3800	0	728	1	171.993
6130	3799	0	727	1	171.993
6131	3798	0	726	1	171.993
6132	3797	0	725	1	171.993
6133	3796	0	724	1	171.993
6134	3795	0	723	1	171.993
6135	3794	0	722	1	171.993
6136	3793	0	721	1	171.993
6137	3792	0	720	1	171.993
6138	3791	0	719	1	171.993
6139	3790	0	718	1	171.993
6140	3789	0	717	1	171.993
6141	3788	0	716	1	171.993
6142	3787	0	715	1	171.993
6143	3786	0	714	1	171.993
6144	8464	2	416	2	168.000
6145	8465	2	417	2	168.000
6146	8466	2	418	2	168.000
6147	8467	2	419	2	168.000
6148	8468	2	420	2	168.000
6149	8469	2	421	2	168.000
6150	8470	2	422	2	168.000
6151	8471	2	423	2	168.000
6152	8456	2	408	2	168.000
6153	8457	2	409	2	168.000
6154	8458	2	410	2	168.000
6155	8459	2	411	2	168.000
6156	8460	2	412	2	168.000
6157	8461	2	413	2	168.000
6158	8462	2	414	2	168.000
6159	8463	2	415	2	168.000
6160	8448	2	400	2	168.000
6161	8449	2	401	2	168.000
6162	8450	2	402	2	168.000
6163	8451	2	403	2	168.000
6164	8452	2	404	2	168.000
6165	8453	2	405	2	168.000
6166	8454	2	406	2	168.000
6167	8455	2	407	2	168.000
6168	8440	2	392	2	168.000
6169	8441	2	393	2	168.000
6170	8442	2	394	2	168.000
6171	8443	2	395	2	168.000
6172	8444	2	396	2	168.000
6173	8445	2	397	2	168.000
6174	8446	2	398	2	168.000
6175	8447	2	399	2	168.000
6176	6580	0	436	2	70.618
6177	6581	0	437	2	68.852
6178	6582	0	438	2	67.085
6179	6583	0	439	2	65.318
6180	6584	0	440	2	63.552
6181	6585	0	441	2	61.785
6182	6586	0	442	2	60.018
6183	6587	0	443	2	58.252
6184	6572	0	428	2	84.752
6185	6573	0	429	2	82.985
6186	6574	0	430	2	81.219
6187	6575	0	431	2	79.452
6188	6576	0	432	2	77.685
6189	6577	0	433	2	75.918
6190	6578	0	434	2	74.152
6191	6579	0	435	2	72.385
6192	6564	0	420	2	98.885
6193	6565	0	421	2	97.119
6194	6566	0	422	2	95.352
6195	6567	0	423	2	93.585
6196	6568	0	424	2	91.819
6197	6569	0	425	2	90.052
6198	6570	0	426	2	88.285
6199	6571	0	427	2	86.519
6200	6556	0	412	2	113.019
6201	6557	0	413	2	111.252
6202	6558	0	414	2	109.486
6203	6559	0	415	2	107.719
6204	6560	0	416	2	105.952
6205	6561	0	417	2	104.186
6206	6562	0	418	2	102.419
6207	6563	0	419	2	100.652
6208	8560	2	512	2	168.000
6209	8561	2	513	2	168.000
6210	8562	2	514	2	168.000
6211	8563	2	515	2	168.000
6212	8564	2	516	2	168.000
6213	8565	2	517	2	168.000
6214	8566	2	518	2	168.000
6215	8567	2	519	2	168.000
6216	8552	2	504	2	168.000
6217	8553	2	505	2	168.000
6218	8554	2	506	2	168.000
6219	8555	2	507	2	168.000
6220	8556	2	508	2	168.000
6221	8557	2	509	2	168.000
6222	8558	2	510	2	168.000
6223	8559	2	511	2	168.000
6224	8544	2	496	2	168.000
6225	8545	2	497	2	168.000
6226	8546	2	498	2	168.000
6227	8547	2	499	2	168.000
6228	8548	2	500	2	168.000
6229	8549	2	501	2	168.000
6230	8550	2	502	2	168.000
6231	8551	2	503	2	168.000
6232	8536	2	488	2	168.000
6233	8537	2	489	2	168.000
6234	8538	2	490	2	168.000
6235	8539	2	491	2	168.000
6236	8540	2	492	2	168.000
6237	8541	2	493	2	168.000
6238	8542	2	494	2	168.000
6239	8543	2	495	2	168.000
6240	6612	0	468	2	14.084
6241	6613	0	469	2	12.318
6242	6614	0	470	2	10.551
6243	6615	0	471	2	8.784
6244	6616	0	472	2	7.017
6245	6617	0	473	2	5.251
6246	6618	0	474	2	3.484
6247	6619	0	475	2	1.717
6248	6604	0	460	2	28.218
6249	6605	0	461	2	26.451
6250	6606	0	462	2	24.684
6251	6607	0	463	2	22.918
6252	6608	0	464	2	21.151
6253	6609	0	465	2	19.384
6254	6610	0	466	2	17.618
6255	6611	0	467	2	15.851
6256	6596	0	452	2	42.351
6257	6597	0	453	2	40.585
6258	6598	0	454	2	38.818
6259	6599	0	455	2	37.051
6260	6600	0	456	2	35.285
6261	6601	0	457	2	33.518
6262	6602	0	458	2	31.751
6263	6603	0	459	2	29.984
6264	6588	0	444	2	56.485
6265	6589	0	445	2	54.718
6266	6590	0	446	2	52.951
6267	6591	0	447	2	51.185
6268	6592	0	448	2	49.418
6269	6593	0	449	2	47.651
6270	6594	0	450	2	45.885
6271	6595	0	451	2	44.118
6272	8400	2	352	2	168.000
6273	8401	2	353	2	168.000
6274	8402	2	354	2	168.000
6275	8403	2	355	2	168.000
6276	8404	2	356	2	168.000
6277	8405	2	357	2	168.000
6278	8406	2	358	2	168.000
6279	8407	2	359	2	168.000
6280	8392	2	344	2	168.000
6281	8393	2	345	2	168.000
6282	8394	2	346	2	168.000
6283	8395	2	347	2	168.000
6284	8396	2	348	2	168.000
6285	8397	2	349	2	168.000
6286	8398	2	350	2	168.000
6287	8399	2	351	2	168.000
6288	8384	2	336	2	168.000
6289	8385	2	337	2	168.000
6290	8386	2	338	2	168.000
6291	8387	2	339	2	168.000
6292	8388	2	340	2	168.000
6293	8389	2	341	2	168.000
6294	8390	2	342	2	168.000
6295	8391	2	343	2	168.000
6296	8376	2	328	2	168.000
6297	8377	2	329	2	168.000
6298	8378	2	330	2	168.000
6299	8379	2	331	2	168.000
6300	8380	2	332	2	168.000
6301	8381	2	333	2	168.000
6302	8382	2	334	2	168.000
6303	8383	2	335	2	168.000
6304	8432	2	384	2	168.000
6305	8433	2	385	2	168.000
6306	8434	2	386	2	168.000
6307	8435	2	387	2	168.000
6308	8436	2	388	2	168.000
6309	8437	2	389	2	168.000
6310	8438	2	390	2	168.000
6311	8439	2	391	2	168.000
6312	8424	2	376	2	168.000
6313	8425	2	377	2	168.000
6314	8426	2	378	2	168.000
6315	8427	2	379	2	168.000
6316	8428	2	380	2	168.000
6317	8429	2	381	2	168.000
6318	8430	2	382	2	168.000
6319	8431	2	383	2	168.000
6320	8416	2	368	2	168.000
6321	8417	2	369	2	168.000
6322	8418	2	370	2	168.000
6323	8419	2	371	2	168.000
6324	8420	2	372	2	168.000
6325	8421	2	373	2	168.000
6326	8422	2	374	2	168.000
6327	8423	2	375	2	168.000
6328	8408	2	360	2	168.000
6329	8409	2	361	2	168.000
6330	8410	2	362	2	168.000
6331	8411	2	363	2	168.000
6332	8412	2	364	2	168.000
6333	8413	2	365	2	168.000
6334	8414	2	366	2	168.000
6335	8415	2	367	2	168.000
6336	8496	2	448	2	168.000
6337	8497	2	449	2	168.000
6338	8498	2	450	2	168.000
6339	8499	2	451	2	168.000
6340	8500	2	452	2	168.000
6341	8501	2	453	2	168.000
6342	8502	2	454	2	168.000
6343	8503	2	455	2	168.000
6344	8488	2	440	2	168.000
6345	8489	2	441	2	168.000
6346	8490	2	442	2	168.000
6347	8491	2	443	2	168.000
6348	8492	2	444	2	168.000
6349	8493	2	445	2	168.000
6350	8494	2	446	2	168.000
6351	8495	2	447	2	168.000
6352	8480	2	432	2	168.000
6353	8481	2	433	2	168.000
6354	8482	2	434	2	168.000
6355	8483	2	435	2	168.000
6356	8484	2	436	2	168.000
6357	8485	2	437	2	168.000
6358	8486	2	438	2	168.000
6359	8487	2	439	2	168.000
6360	8472	2	424	2	168.000
6361	8473	2	425	2	168.000
6362	8474	2	426	2	168.000
6363	8475	2	427	2	168.000
6364	8476	2	428	2	168.000
6365	8477	2	429	2	168.000
6366	8478	2	430	2	168.000
6367	8479	2	431	2	168.000
6368	8528	2	480	2	168.000
6369	8529	2	481	2	168.000
6370	8530	2	482	2	168.000
6371	8531	2	483	2	168.000
6372	8532	2	484	2	168.000
6373	8533	2	485	2	168.000
6374	8534	2	486	2	168.000
6375	8535	2	487	2	168.000
6376	8520	2	472	2	168.000
6377	8521	2	473	2	168.000
6378	8522	2	474	2	168.000
6379	8523	2	475	2	168.000
6380	8524	2	476	2	168.000
6381	8525	2	477	2	168.000
6382	8526	2	478	2	168.000
6383	8527	2	479	2	168.000
6384	8512	2	464	2	168.000
6385	8513	2	465	2	168.000
6386	8514	2	466	2	168.000
6387	8515	2	467	2	168.000
6388	8516	2	468	2	168.000
6389	8517	2	469	2	168.000
6390	8518	2	470	2	168.000
6391	8519	2	471	2	168.000
6392	8504	2	456	2	168.000
6393	8505	2	457	2	168.000
6394	8506	2	458	2	168.000
6395	8507	2	459	2	168.000
6396	8508	2	460	2	168.000
6397	8509	2	461	2	168.000
6398	8510	2	462	2	168.000
6399	8511	2	463	2	168.000
6400	8592	2	544	2	168.000
6401	8593	2	545	2	168.000
6402	8594	2	546	2	168.000
6403	8595	2	547	2	168.000
6404	8596	2	548	2	168.000
6405	8597	2	549	2	168.000
6406	8598	2	550	2	168.000
6407	8599	2	551	2	168.000
6408	8584	2	536	2	168.000
6409	8585	2	537	2	168.000
6410	8586	2	538	2	168.000
6411	8587	2	539	2	168.000
6412	8588	2	540	2	168.000
6413	8589	2	541	2	168.000
6414	8590	2	542	2	168.000
6415	8591	2	543	2	168.000
6416	8576	2	528	2	168.000
6417	8577	2	529	2	168.000
6418	8578	2	530	2	168.000
6419	8579	2	531	2	168.000
6420	8580	2	532	2	168.000
6421	8581	2	533	2	168.000
6422	8582	2	534	2	168.000
6423	8583	2	535	2	168.000
6424	8568	2	520	2	168.000
6425	8569	2	521	2	168.000
6426	8570	2	522	2	168.000
6427	8571	2	523	2	168.000
6428	8572	2	524	2	168.000
6429	8573	2	525	2	168.000
6430	8574	2	526	2	168.000
6431	8575	2	527	2	168.000
6432	8624	2	576	2	168.000
6433	8625	2	577	2	168.000
6434	8626	2	578	2	168.000
6435	8627	2	579	2	168.000
6436	8628	2	580	2	168.000
6437	8629	2	581	2	168.000
6438	8630	2	582	2	168.000
6439	8631	2	583	2	168.000
6440	8616	2	568	2	168.000
6441	8617	2	569	2	168.000
6442	8618	2	570	2	168.000
6443	8619	2	571	2	168.000
6444	8620	2	572	2	168.000
6445	8621	2	573	2	168.000
6446	8622	2	574	2	168.000
6447	8623	2	575	2	168.000
6448	8608	2	560	2	168.000
6449	8609	2	561	2	168.000
6450	8610	2	562	2	168.000
6451	8611	2	563	2	168.000
6452	8612	2	564	2	168.000
6453	8613	2	565	2	168.000
6454	8614	2	566	2	168.000
6455	8615	2	567	2	168.000
6456	8600	2	552	2	168.000
6457	8601	2	553	2	168.000
6458	8602	2	554	2	168.000
6459	8603	2	555	2	168.000
6460	8604	2	556	2	168.000
6461	8605	2	557	2	168.000
6462	8606	2	558	2	168.000
6463	8607	2	559	2	168.000
6464	7490	1	394	2	145.679
6465	6442	0	298	2	171.993
6466	7491	1	395	2	143.912
6467	6443	0	299	2	171.993
6468	7492	1	396	2	142.146
6469	6444	0	300	2	171.993
6470	7493	1	397	2	140.379
6471	6445	0	301	2	171.993
6472	7486	1	390	2	152.746
6473	6438	0	294	2	171.993
6474	7487	1	391	2	150.979
6475	6439	0	295	2	171.993
6476	7488	1	392	2	149.212
6477	6440	0	296	2	171.993
6478	7489	1	393	2	147.446
6479	6441	0	297	2	171.993
6480	7482	1	386	2	159.812
6481	6434	0	290	2	171.993
6482	7483	1	387	2	158.046
6483	6435	0	291	2	171.993
6484	7484	1	388	2	156.279
6485	6436	0	292	2	171.993
6486	7485	1	389	2	154.512
6487	6437	0	293	2	171.993
6488	7478	1	382	2	166.879
6489	6430	0	286	2	171.993
6490	7479	1	383	2	165.113
6491	6431	0	287	2	171.993
6492	7480	1	384	2	163.346
6493	6432	0	288	2	171.993
6494	7481	1	385	2	161.579
6495	6433	0	289	2	171.993
6496	7506	1	410	2	117.412
6497	6458	0	314	2	171.993
6498	7507	1	411	2	115.645
6499	6459	0	315	2	171.993
6500	7508	1	412	2	113.878
6501	6460	0	316	2	171.993
6502	7509	1	413	2	112.112
6503	6461	0	317	2	171.993
6504	7502	1	406	2	124.479
6505	6454	0	310	2	171.993
6506	7503	1	407	2	122.712
6507	6455	0	311	2	171.993
6508	7504	1	408	2	120.945
6509	6456	0	312	2	171.993
6510	7505	1	409	2	119.179
6511	6457	0	313	2	171.993
6512	7498	1	402	2	131.545
6513	6450	0	306	2	171.993
6514	7499	1	403	2	129.779
6515	6451	0	307	2	171.993
6516	7500	1	404	2	128.012
6517	6452	0	308	2	171.993
6518	7501	1	405	2	126.245
6519	6453	0	309	2	171.993
6520	7494	1	398	2	138.612
6521	6446	0	302	2	171.993
6522	7495	1	399	2	136.845
6523	6447	0	303	2	171.993
6524	7496	1	400	2	135.079
6525	6448	0	304	2	171.993
6526	7497	1	401	2	133.312
6527	6449	0	305	2	171.993
6528	6474	0	330	2	171.993
6529	7522	1	426	2	89.145
6530	6475	0	331	2	171.993
6531	7523	1	427	2	87.378
6532	6476	0	332	2	171.993
6533	7524	1	428	2	85.611
6534	6477	0	333	2	171.993
6535	7525	1	429	2	83.845
6536	6470	0	326	2	171.993
6537	7518	1	422	2	96.212
6538	6471	0	327	2	171.993
6539	7519	1	423	2	94.445
6540	6472	0	328	2	171.993
6541	7520	1	424	2	92.678
6542	6473	0	329	2	171.993
6543	7521	1	425	2	90.911
6544	6466	0	322	2	171.993
6545	7514	1	418	2	103.278
6546	6467	0	323	2	171.993
6547	7515	1	419	2	101.512
6548	6468	0	324	2	171.993
6549	7516	1	420	2	99.745
6550	6469	0	325	2	171.993
6551	7517	1	421	2	97.978
6552	6462	0	318	2	171.993
6553	7510	1	414	2	110.345
6554	6463	0	319	2	171.993
6555	7511	1	415	2	108.578
6556	6464	0	320	2	171.993
6557	7512	1	416	2	106.812
6558	6465	0	321	2	171.993
6559	7513	1	417	2	105.045
6560	6490	0	346	2	171.993
6561	7538	1	442	2	60.878
6562	6491	0	347	2	171.993
6563	7539	1	443	2	59.111
6564	6492	0	348	2	171.993
6565	7540	1	444	2	57.344
6566	6493	0	349	2	171.993
6567	7541	1	445	2	55.578
6568	6486	0	342	2	171.993
6569	7534	1	438	2	67.944
6570	6487	0	343	2	171.993
6571	7535	1	439	2	66.178
6572	6488	0	344	2	171.993
6573	7536	1	440	2	64.411
6574	6489	0	345	2	171.993
6575	7537	1	441	2	62.644
6576	6482	0	338	2	171.993
6577	7530	1	434	2	75.011
6578	6483	0	339	2	171.993
6579	7531	1	435	2	73.245
6580	6484	0	340	2	171.993
6581	7532	1	436	2	71.478
6582	6485	0	341	2	171.993
6583	7533	1	437	2	69.711
6584	6478	0	334	2	171.993
6585	7526	1	430	2	82.078
6586	6479	0	335	2	171.993
6587	7527	1	431	2	80.311
6588	6480	0	336	2	171.993
6589	7528	1	432	2	78.545
6590	6481	0	337	2	171.993
6591	7529	1	433	2	76.778
6592	6506	0	362	2	171.993
6593	7554	1	458	2	32.611
6594	6507	0	363	2	171.993
6595	7555	1	459	2	30.844
6596	6508	0	364	2	171.993
6597	7556	1	460	2	29.077
6598	6509	0	365	2	171.993
6599	7557	1	461	2	27.311
6600	6502	0	358	2	171.993
6601	7550	1	454	2	39.677
6602	6503	0	359	2	171.993
6603	7551	1	455	2	37.911
6604	6504	0	360	2	171.993
6605	7552	1	456	2	36.144
6606	6505	0	361	2	171.993
6607	7553	1	457	2	34.377
6608	6498	0	354	2	171.993
6609	7546	1	450	2	46.744
6610	6499	0	355	2	171.993
6611	7547	1	451	2	44.978
6612	6500	0	356	2	171.993
6613	7548	1	452	2	43.211
6614	6501	0	357	2	171.993
6615	7549	1	453	2	41.444
6616	6494	0	350	2	171.993
6617	7542	1	446	2	53.811
6618	6495	0	351	2	171.993
6619	7543	1	447	2	52.044
6620	6496	0	352	2	171.993
6621	7544	1	448	2	50.278
6622	6497	0	353	2	171.993
6623	7545	1	449	2	48.511
6624	6522	0	378	2	171.993
6625	7570	1	474	2	4.344
6626	6523	0	379	2	171.320
6627	7571	1	475	2	2.577
6628	8340	2	292	2	168.000
6629	8341	2	293	2	168.000
6630	8342	2	294	2	168.000
6631	8343	2	295	2	168.000
6632	6518	0	374	2	171.993
6633	7566	1	470	2	11.410
6634	6519	0	375	2	171.993
6635	7567	1	471	2	9.644
6636	6520	0	376	2	171.993
6637	7568	1	472	2	7.877
6638	6521	0	377	2	171.993
6639	7569	1	473	2	6.110
6640	6514	0	370	2	171.993
6641	7562	1	466	2	18.477
6642	6515	0	371	2	171.993
6643	7563	1	467	2	16.710
6644	6516	0	372	2	171.993
6645	7564	1	468	2	14.944
6646	6517	0	373	2	171.993
6647	7565	1	469	2	13.177
6648	6510	0	366	2	171.993
6649	7558	1	462	2	25.544
6650	6511	0	367	2	171.993
6651	7559	1	463	2	23.777
6652	6512	0	368	2	171.993
6653	7560	1	464	2	22.011
6654	6513	0	369	2	171.993
6655	7561	1	465	2	20.244
6656	8368	2	320	2	168.000
6657	8369	2	321	2	168.000
6658	8370	2	322	2	168.000
6659	8371	2	323	2	168.000
6660	8372	2	324	2	168.000
6661	8373	2	325	2	168.000
6662	8374	2	326	2	168.000
6663	8375	2	327	2	168.000
6664	8360	2	312	2	168.000
6665	8361	2	313	2	168.000
6666	8362	2	314	2	168.000
6667	8363	2	315	2	168.000
6668	8364	2	316	2	168.000
6669	8365	2	317	2	168.000
6670	8366	2	318	2	168.000
6671	8367	2	319	2	168.000
6672	8352	2	304	2	168.000
6673	8353	2	305	2	168.000
6674	8354	2	306	2	168.000
6675	8355	2	307	2	168.000
6676	8356	2	308	2	168.000
6677	8357	2	309	2	168.000
6678	8358	2	310	2	168.000
6679	8359	2	311	2	168.000
6680	8344	2	296	2	168.000
6681	8345	2	297	2	168.000
6682	8346	2	298	2	168.000
6683	8347	2	299	2	168.000
6684	8348	2	300	2	168.000
6685	8349	2	301	2	168.000
6686	8350	2	302	2	168.000
6687	8351	2	303	2	168.000
6688	6548	0	404	2	127.152
6689	6549	0	405	2	125.386
6690	6550	0	406	2	123.619
6691	6551	0	407	2	121.852
6692	6552	0	408	2	120.086
6693	6553	0	409	2	118.319
6694	6554	0	410	2	116.552
6695	6555	0	411	2	114.786
6696	6540	0	396	2	141.286
6697	6541	0	397	2	139.519
6698	6542	0	398	2	137.753
6699	6543	0	399	2	135.986
6700	6544	0	400	2	134.219
6701	6545	0	401	2	132.453
6702	6546	0	402	2	130.686
6703	6547	0	403	2	128.919
6704	6532	0	388	2	155.420
6705	6533	0	389	2	153.653
6706	6534	0	390	2	151.886
6707	6535	0	391	2	150.119
6708	6536	0	392	2	148.353
6709	6537	0	393	2	146.586
6710	6538	0	394	2	144.819
6711	6539	0	395	2	143.053
6712	6524	0	380	2	169.553
6713	6525	0	381	2	167.786
6714	6526	0	382	2	166.020
6715	6527	0	383	2	164.253
6716	6528	0	384	2	162.486
6717	6529	0	385	2	160.720
6718	6530	0	386	2	158.953
6719	6531	0	387	2	157.186
6720	7330	1	234	2	171.993
6721	6282	0	138	2	171.993
6722	7331	1	235	2	171.993
6723	6283	0	139	2	171.993
6724	7332	1	236	2	171.993
6725	6284	0	140	2	171.993
6726	7333	1	237	2	171.993
6727	6285	0	141	2	171.993
6728	7326	1	230	2	171.993
6729	6278	0	134	2	171.993
6730	7327	1	231	2	171.993
6731	6279	0	135	2	171.993
6732	7328	1	232	2	171.993
6733	6280	0	136	2	171.993
6734	7329	1	233	2	171.993
6735	6281	0	137	2	171.993
6736	7322	1	226	2	171.993
6737	6274	0	130	2	171.993
6738	7323	1	227	2	171.993
6739	6275	0	131	2	171.993
6740	7324	1	228	2	171.993
6741	6276	0	132	2	171.993
6742	7325	1	229	2	171.993
6743	6277	0	133	2	171.993
6744	7318	1	222	2	171.993
6745	6270	0	126	2	171.993
6746	7319	1	223	2	171.993
6747	6271	0	127	2	171.993
6748	7320	1	224	2	171.993
6749	6272	0	128	2	171.993
6750	7321	1	225	2	171.993
6751	6273	0	129	2	171.993
6752	7346	1	250	2	171.993
6753	6298	0	154	2	171.993
6754	7347	1	251	2	171.993
6755	6299	0	155	2	171.993
6756	7348	1	252	2	171.993
6757	6300	0	156	2	171.993
6758	7349	1	253	2	171.993
6759	6301	0	157	2	171.993
6760	7342	1	246	2	171.993
6761	6294	0	150	2	171.993
6762	7343	1	247	2	171.993
6763	6295	0	151	2	171.993
6764	7344	1	248	2	171.993
6765	6296	0	152	2	171.993
6766	7345	1	249	2	171.993
6767	6297	0	153	2	171.993
6768	7338	1	242	2	171.993
6769	6290	0	146	2	171.993
6770	7339	1	243	2	171.993
6771	6291	0	147	2	171.993
6772	7340	1	244	2	171.993
6773	6292	0	148	2	171.993
6774	7341	1	245	2	171.993
6775	6293	0	149	2	171.993
6776	7334	1	238	2	171.993
6777	6286	0	142	2	171.993
6778	7335	1	239	2	171.993
6779	6287	0	143	2	171.993
6780	7336	1	240	2	171.993
6781	6288	0	144	2	171.993
6782	7337	1	241	2	171.993
6783	6289	0	145	2	171.993
6784	7362	1	266	2	171.993
6785	6314	0	170	2	171.993
6786	7363	1	267	2	171.993
6787	6315	0	171	2	171.993
6788	7364	1	268	2	171.993
6789	6316	0	172	2	171.993
6790	7365	1	269	2	171.993
6791	6317	0	173	2	171.993
6792	7358	1	262	2	171.993
6793	6310	0	166	2	171.993
6794	7359	1	263	2	171.993
6795	6311	0	167	2	171.993
6796	7360	1	264	2	171.993
6797	6312	0	168	2	171.993
6798	7361	1	265	2	171.993
6799	6313	0	169	2	171.993
6800	7354	1	258	2	171.993
6801	6306	0	162	2	171.993
6802	7355	1	259	2	171.993
6803	6307	0	163	2	171.993
6804	7356	1	260	2	171.993
6805	6308	0	164	2	171.993
6806	7357	1	261	2	171.993
6807	6309	0	165	2	171.993
6808	7350	1	254	2	171.993
6809	6302	0	158	2	171.993
6810	7351	1	255	2	171.993
6811	6303	0	159	2	171.993
6812	7352	1	256	2	171.993
6813	6304	0	160	2	171.993
6814	7353	1	257	2	171.993
6815	6305	0	161	2	171.993
6816	7378	1	282	2	171.993
6817	6330	0	186	2	171.993
6818	7379	1	283	2	171.993
6819	6331	0	187	2	171.993
6820	7380	1	284	2	171.993
6821	6332	0	188	2	171.993
6822	7381	1	285	2	171.993
6823	6333	0	189	2	171.993
6824	7374	1	278	2	171.993
6825	6326	0	182	2	171.993
6826	7375	1	279	2	171.993
6827	6327	0	183	2	171.993
6828	7376	1	280	2	171.993
6829	6328	0	184	2	171.993
6830	7377	1	281	2	171.993
6831	6329	0	185	2	171.993
6832	7370	1	274	2	171.993
6833	6322	0	178	2	171.993
6834	7371	1	275	2	171.993
6835	6323	0	179	2	171.993
6836	7372	1	276	2	171.993
6837	6324	0	180	2	171.993
6838	7373	1	277	2	171.993
6839	6325	0	181	2	171.993
6840	7366	1	270	2	171.993
6841	6318	0	174	2	171.993
6842	7367	1	271	2	171.993
6843	6319	0	175	2	171.993
6844	7368	1	272	2	171.993
6845	6320	0	176	2	171.993
6846	7369	1	273	2	171.993
6847	6321	0	177	2	171.993
6848	7394	1	298	2	171.993
6849	6346	0	202	2	171.993
6850	7395	1	299	2	171.993
6851	6347	0	203	2	171.993
6852	7396	1	300	2	171.993
6853	6348	0	204	2	171.993
6854	7397	1	301	2	171.993
6855	6349	0	205	2	171.993
6856	7390	1	294	2	171.993
6857	6342	0	198	2	171.993
6858	7391	1	295	2	171.993
6859	6343	0	199	2	171.993
6860	7392	1	296	2	171.993
6861	6344	0	200	2	171.993
6862	7393	1	297	2	171.993
6863	6345	0	201	2	171.993
6864	7386	1	290	2	171.993
6865	6338	0	194	2	171.993
6866	7387	1	291	2	171.993
6867	6339	0	195	2	171.993
6868	7388	1	292	2	171.993
6869	6340	0	196	2	171.993
6870	7389	1	293	2	171.993
6871	6341	0	197	2	171.993
6872	7382	1	286	2	171.993
6873	6334	0	190	2	171.993
6874	7383	1	287	2	171.993
6875	6335	0	191	2	171.993
6876	7384	1	288	2	171.993
6877	6336	0	192	2	171.993
6878	7385	1	289	2	171.993
6879	6337	0	193	2	171.993
6880	7410	1	314	2	171.993
6881	6362	0	218	2	171.993
6882	7411	1	315	2	171.993
6883	6363	0	219	2	171.993
6884	7412	1	316	2	171.993
6885	6364	0	220	2	171.993
6886	7413	1	317	2	171.993
6887	6365	0	221	2	171.993
6888	7406	1	310	2	171.993
6889	6358	0	214	2	171.993
6890	7407	1	311	2	171.993
6891	6359	0	215	2	171.993
6892	7408	1	312	2	171.993
6893	6360	0	216	2	171.993
6894	7409	1	313	2	171.993
6895	6361	0	217	2	171.993
6896	7402	1	306	2	171.993
6897	6354	0	210	2	171.993
6898	7403	1	307	2	171.993
6899	6355	0	211	2	171.993
6900	7404	1	308	2	171.993
6901	6356	0	212	2	171.993
6902	7405	1	309	2	171.993
6903	6357	0	213	2	171.993
6904	7398	1	302	2	171.993
6905	6350	0	206	2	171.993
6906	7399	1	303	2	171.993
6907	6351	0	207	2	171.993
6908	7400	1	304	2	171.993
6909	6352	0	208	2	171.993
6910	7401	1	305	2	171.993
6911	6353	0	209	2	171.993
6912	7426	1	330	2	171.993
6913	6378	0	234	2	171.993
6914	7427	1	331	2	171.993
6915	6379	0	235	2	171.993
6916	7428	1	332	2	171.993
6917	6380	0	236	2	171.993
6918	7429	1	333	2	171.993
6919	6381	0	237	2	171.993
6920	7422	1	326	2	171.993
6921	6374	0	230	2	171.993
6922	7423	1	327	2	171.993
6923	6375	0	231	2	171.993
6924	7424	1	328	2	171.993
6925	6376	0	232	2	171.993
6926	7425	1	329	2	171.993
6927	6377	0	233	2	171.993
6928	7418	1	322	2	171.993
6929	6370	0	226	2	171.993
6930	7419	1	323	2	171.993
6931	6371	0	227	2	171.993
6932	7420	1	324	2	171.993
6933	6372	0	228	2	171.993
6934	7421	1	325	2	171.993
6935	6373	0	229	2	171.993
6936	7414	1	318	2	171.993
6937	6366	0	222	2	171.993
6938	7415	1	319	2	171.993
6939	6367	0	223	2	171.993
6940	7416	1	320	2	171.993
6941	6368	0	224	2	171.993
6942	7417	1	321	2	171.993
6943	6369	0	225	2	171.993
6944	7442	1	346	2	171.993
6945	6394	0	250	2	171.993
6946	7443	1	347	2	171.993
6947	6395	0	251	2	171.993
6948	7444	1	348	2	171.993
6949	6396	0	252	2	171.993
6950	7445	1	349	2	171.993
6951	6397	0	253	2	171.993
6952	7438	1	342	2	171.993
6953	6390	0	246	2	171.993
6954	7439	1	343	2	171.993
6955	6391	0	247	2	171.993
6956	7440	1	344	2	171.993
6957	6392	0	248	2	171.993
6958	7441	1	345	2	171.993
6959	6393	0	249	2	171.993
6960	7434	1	338	2	171.993
6961	6386	0	242	2	171.993
6962	7435	1	339	2	171.993
6963	6387	0	243	2	171.993
6964	7436	1	340	2	171.993
6965	6388	0	244	2	171.993
6966	7437	1	341	2	171.993
6967	6389	0	245	2	171.993
6968	7430	1	334	2	171.993
6969	6382	0	238	2	171.993
6970	7431	1	335	2	171.993
6971	6383	0	239	2	171.993
6972	7432	1	336	2	171.993
6973	6384	0	240	2	171.993
6974	7433	1	337	2	171.993
6975	6385	0	241	2	171.993
6976	7458	1	362	2	171.993
6977	6410	0	266	2	171.993
6978	7459	1	363	2	171.993
6979	6411	0	267	2	171.993
6980	7460	1	364	2	171.993
6981	6412	0	268	2	171.993
6982	7461	1	365	2	171.993
6983	6413	0	269	2	171.993
6984	7454	1	358	2	171.993
6985	6406	0	262	2	171.993
6986	7455	1	359	2	171.993
6987	6407	0	263	2	171.993
6988	7456	1	360	2	171.993
6989	6408	0	264	2	171.993
6990	7457	1	361	2	171.993
6991	6409	0	265	2	171.993
6992	7450	1	354	2	171.993
6993	6402	0	258	2	171.993
6994	7451	1	355	2	171.993
6995	6403	0	259	2	171.993
6996	7452	1	356	2	171.993
6997	6404	0	260	2	171.993
6998	7453	1	357	2	171.993
6999	6405	0	261	2	171.993
7000	7446	1	350	2	171.993
7001	6398	0	254	2	171.993
7002	7447	1	351	2	171.993
7003	6399	0	255	2	171.993
7004	7448	1	352	2	171.993
7005	6400	0	256	2	171.993
7006	7449	1	353	2	171.993
7007	6401	0	257	2	171.993
7008	7474	1	378	2	171.993
7009	6426	0	282	2	171.993
7010	7475	1	379	2	171.993
7011	6427	0	283	2	171.993
7012	7476	1	380	2	170.413
7013	6428	0	284	2	171.993
7014	7477	1	381	2	168.646
7015	6429	0	285	2	171.993
7016	7470	1	374	2	171.993
7017	6422	0	278	2	171.993
7018	7471	1	375	2	171.993
7019	6423	0	279	2	171.993
7020	7472	1	376	2	171.993
7021	6424	0	280	2	171.993
7022	7473	1	377	2	171.993
7023	6425	0	281	2	171.993
7024	7466	1	370	2	171.993
7025	6418	0	274	2	171.993
7026	7467	1	371	2	171.993
7027	6419	0	275	2	171.993
7028	7468	1	372	2	171.993
7029	6420	0	276	2	171.993
7030	7469	1	373	2	171.993
7031	6421	0	277	2	171.993
7032	7462	1	366	2	171.993
7033	6414	0	270	2	171.993
7034	7463	1	367	2	171.993
7035	6415	0	271	2	171.993
7036	7464	1	368	2	171.993
7037	6416	0	272	2	171.993
7038	7465	1	369	2	171.993
7039	6417	0	273	2	171.993
7040	7717	1	621	2	171.993
7041	6861	0	717	2	171.993
7042	7716	1	620	2	171.993
7043	6860	0	716	2	171.993
7044	7715	1	619	2	171.993
7045	6859	0	715	2	171.993
7046	7714	1	618	2	171.993
7047	6858	0	714	2	171.993
7048	7721	1	625	2	171.993
7049	6865	0	721	2	171.993
7050	7720	1	624	2	171.993
7051	6864	0	720	2	171.993
7052	7719	1	623	2	171.993
7053	6863	0	719	2	171.993
7054	7718	1	622	2	171.993
7055	6862	0	718	2	171.993
7056	7725	1	629	2	171.993
7057	6869	0	725	2	171.993
7058	7724	1	628	2	171.993
7059	6868	0	724	2	171.993
7060	7723	1	627	2	171.993
7061	6867	0	723	2	171.993
7062	7722	1	626	2	171.993
7063	6866	0	722	2	171.993
7064	7729	1	633	2	171.993
7065	6873	0	729	2	171.993
7066	7728	1	632	2	171.993
7067	6872	0	728	2	171.993
7068	7727	1	631	2	171.993
7069	6871	0	727	2	171.993
7070	7726	1	630	2	171.993
7071	6870	0	726	2	171.993
7072	7701	1	605	2	171.993
7073	6845	0	701	2	171.993
7074	7700	1	604	2	171.993
7075	6844	0	700	2	171.993
7076	7699	1	603	2	171.993
7077	6843	0	699	2	171.993
7078	7698	1	602	2	171.993
7079	6842	0	698	2	171.993
7080	7705	1	609	2	171.993
7081	6849	0	705	2	171.993
7082	7704	1	608	2	171.993
7083	6848	0	704	2	171.993
7084	7703	1	607	2	171.993
7085	6847	0	703	2	171.993
7086	7702	1	606	2	171.993
7087	6846	0	702	2	171.993
7088	7709	1	613	2	171.993
7089	6853	0	709	2	171.993
7090	7708	1	612	2	171.993
7091	6852	0	708	2	171.993
7092	7707	1	611	2	171.993
7093	6851	0	707	2	171.993
7094	7706	1	610	2	171.993
7095	6850	0	706	2	171.993
7096	7713	1	617	2	171.993
7097	6857	0	713	2	171.993
7098	7712	1	616	2	171.993
7099	6856	0	712	2	171.993
7100	7711	1	615	2	171.993
7101	6855	0	711	2	171.993
7102	7710	1	614	2	171.993
7103	6854	0	710	2	171.993
7104	7749	1	653	2	171.993
7105	6893	0	749	2	171.993
7106	7748	1	652	2	171.993
7107	6892	0	748	2	171.993
7108	7747	1	651	2	171.993
7109	6891	0	747	2	171.993
7110	7746	1	650	2	171.993
7111	6890	0	746	2	171.993
7112	7753	1	657	2	171.993
7113	6897	0	753	2	171.993
7114	7752	1	656	2	171.993
7115	6896	0	752	2	171.993
7116	7751	1	655	2	171.993
7117	6895	0	751	2	171.993
7118	7750	1	654	2	171.993
7119	6894	0	750	2	171.993
7120	7757	1	661	2	171.993
7121	6901	0	757	2	171.993
7122	7756	1	660	2	171.993
7123	6900	0	756	2	171.993
7124	7755	1	659	2	171.993
7125	6899	0	755	2	171.993
7126	7754	1	658	2	171.993
7127	6898	0	754	2	171.993
7128	7761	1	665	2	171.993
7129	6905	0	761	2	171.993
7130	7760	1	664	2	171.993
7131	6904	0	760	2	171.993
7132	7759	1	663	2	171.993
7133	6903	0	759	2	171.993
7134	7758	1	662	2	171.993
7135	6902	0	758	2	171.993
7136	7733	1	637	2	171.993
7137	6877	0	733	2	171.993
7138	7732	1	636	2	171.993
7139	6876	0	732	2	171.993
7140	7731	1	635	2	171.993
7141	6875	0	731	2	171.993
7142	7730	1	634	2	171.993
7143	6874	0	730	2	171.993
7144	7737	1	641	2	171.993
7145	6881	0	737	2	171.993
7146	7736	1	640	2	171.993
7147	6880	0	736	2	171.993
7148	7735	1	639	2	171.993
7149	6879	0	735	2	171.993
7150	7734	1	638	2	171.993
7151	6878	0	734	2	171.993
7152	7741	1	645	2	171.993
7153	6885	0	741	2	171.993
7154	7740	1	644	2	171.993
7155	6884	0	740	2	171.993
7156	7739	1	643	2	171.993
7157	6883	0	739	2	171.993
7158	7738	1	642	2	171.993
7159	6882	0	738	2	171.993
7160	7745	1	649	2	171.993
7161	6889	0	745	2	171.993
7162	7744	1	648	2	171.993
7163	6888	0	744	2	171.993
7164	7743	1	647	2	171.993
7165	6887	0	743	2	171.993
7166	7742	1	646	2	171.993
7167	6886	0	742	2	171.993
7168	7781	1	685	2	171.993
7169	6925	0	781	2	171.993
7170	7780	1	684	2	171.993
7171	6924	0	780	2	171.993
7172	7779	1	683	2	171.993
7173	6923	0	779	2	171.993
7174	7778	1	682	2	171.993
7175	6922	0	778	2	171.993
7176	7785	1	689	2	171.993
7177	6929	0	785	2	171.993
7178	7784	1	688	2	171.993
7179	6928	0	784	2	171.993
7180	7783	1	687	2	171.993
7181	6927	0	783	2	171.993
7182	7782	1	686	2	171.993
7183	6926	0	782	2	171.993
7184	7789	1	693	2	171.993
7185	6933	0	789	2	171.993
7186	7788	1	692	2	171.993
7187	6932	0	788	2	171.993
7188	7787	1	691	2	171.993
7189	6931	0	787	2	171.993
7190	7786	1	690	2	171.993
7191	6930	0	786	2	171.993
7192	7793	1	697	2	171.993
7193	6937	0	793	2	171.993
7194	7792	1	696	2	171.993
7195	6936	0	792	2	171.993
7196	7791	1	695	2	171.993
7197	6935	0	791	2	171.993
7198	7790	1	694	2	171.993
7199	6934	0	790	2	171.993
7200	7765	1	669	2	171.993
7201	6909	0	765	2	171.993
7202	7764	1	668	2	171.993
7203	6908	0	764	2	171.993
7204	7763	1	667	2	171.993
7205	6907	0	763	2	171.993
7206	7762	1	666	2	171.993
7207	6906	0	762	2	171.993
7208	7769	1	673	2	171.993
7209	6913	0	769	2	171.993
7210	7768	1	672	2	171.993
7211	6912	0	768	2	171.993
7212	7767	1	671	2	171.993
7213	6911	0	767	2	171.993
7214	7766	1	670	2	171.993
7215	6910	0	766	2	171.993
7216	7773	1	677	2	171.993
7217	6917	0	773	2	171.993
7218	7772	1	676	2	171.993
7219	6916	0	772	2	171.993
7220	7771	1	675	2	171.993
7221	6915	0	771	2	171.993
7222	7770	1	674	2	171.993
7223	6914	0	770	2	171.993
7224	7777	1	681	2	171.993
7225	6921	0	777	2	171.993
7226	7776	1	680	2	171.993
7227	6920	0	776	2	171.993
7228	7775	1	679	2	171.993
7229	6919	0	775	2	171.993
7230	7774	1	678	2	171.993
7231	6918	0	774	2	171.993
7232	7813	1	717	2	171.993
7233	6957	0	813	2	171.993
7234	7812	1	716	2	171.993
7235	6956	0	812	2	171.993
7236	7811	1	715	2	171.993
7237	6955	0	811	2	171.993
7238	7810	1	714	2	171.993
7239	6954	0	810	2	171.993
7240	7817	1	721	2	171.993
7241	6961	0	817	2	171.993
7242	7816	1	720	2	171.993
7243	6960	0	816	2	171.993
7244	7815	1	719	2	171.993
7245	6959	0	815	2	171.993
7246	7814	1	718	2	171.993
7247	6958	0	814	2	171.993
7248	7821	1	725	2	171.993
7249	6965	0	821	2	171.993
7250	7820	1	724	2	171.993
7251	6964	0	820	2	171.993
7252	7819	1	723	2	171.993
7253	6963	0	819	2	171.993
7254	7818	1	722	2	171.993
7255	6962	0	818	2	171.993
7256	7825	1	729	2	171.993
7257	6969	0	825	2	171.993
7258	7824	1	728	2	171.993
7259	6968	0	824	2	171.993
7260	7823	1	727	2	171.993
7261	6967	0	823	2	171.993
7262	7822	1	726	2	171.993
7263	6966	0	822	2	171.993
7264	7797	1	701	2	171.993
7265	6941	0	797	2	171.993
7266	7796	1	700	2	171.993
7267	6940	0	796	2	171.993
7268	7795	1	699	2	171.993
7269	6939	0	795	2	171.993
7270	7794	1	698	2	171.993
7271	6938	0	794	2	171.993
7272	7801	1	705	2	171.993
7273	6945	0	801	2	171.993
7274	7800	1	704	2	171.993
7275	6944	0	800	2	171.993
7276	7799	1	703	2	171.993
7277	6943	0	799	2	171.993
7278	7798	1	702	2	171.993
7279	6942	0	798	2	171.993
7280	7805	1	709	2	171.993
7281	6949	0	805	2	171.993
7282	7804	1	708	2	171.993
7283	6948	0	804	2	171.993
7284	7803	1	707	2	171.993
7285	6947	0	803	2	171.993
7286	7802	1	706	2	171.993
7287	6946	0	802	2	171.993
7288	7809	1	713	2	171.993
7289	6953	0	809	2	171.993
7290	7808	1	712	2	171.993
7291	6952	0	808	2	171.993
7292	7807	1	711	2	171.993
7293	6951	0	807	2	171.993
7294	7806	1	710	2	171.993
7295	6950	0	806	2	171.993
7296	7845	1	749	2	171.993
7297	6989	0	845	2	171.993
7298	7844	1	748	2	171.993
7299	6988	0	844	2	171.993
7300	7843	1	747	2	171.993
7301	6987	0	843	2	171.993
7302	7842	1	746	2	171.993
7303	6986	0	842	2	171.993
7304	7849	1	753	2	171.993
7305	6993	0	849	2	171.993
7306	7848	1	752	2	171.993
7307	6992	0	848	2	171.993
7308	7847	1	751	2	171.993
7309	6991	0	847	2	171.993
7310	7846	1	750	2	171.993
7311	6990	0	846	2	171.993
7312	7853	1	757	2	171.993
7313	6997	0	853	2	171.993
7314	7852	1	756	2	171.993
7315	6996	0	852	2	171.993
7316	7851	1	755	2	171.993
7317	6995	0	851	2	171.993
7318	7850	1	754	2	171.993
7319	6994	0	850	2	171.993
7320	7857	1	761	2	171.993
7321	7001	0	857	2	168.646
7322	7856	1	760	2	171.993
7323	7000	0	856	2	170.413
7324	7855	1	759	2	171.993
7325	6999	0	855	2	171.993
7326	7854	1	758	2	171.993
7327	6998	0	854	2	171.993
7328	7829	1	733	2	171.993
7329	6973	0	829	2	171.993
7330	7828	1	732	2	171.993
7331	6972	0	828	2	171.993
7332	7827	1	731	2	171.993
7333	6971	0	827	2	171.993
7334	7826	1	730	2	171.993
7335	6970	0	826	2	171.993
7336	7833	1	737	2	171.993
7337	6977	0	833	2	171.993
7338	7832	1	736	2	171.993
7339	6976	0	832	2	171.993
7340	7831	1	735	2	171.993
7341	6975	0	831	2	171.993
7342	7830	1	734	2	171.993
7343	6974	0	830	2	171.993
7344	7837	1	741	2	171.993
7345	6981	0	837	2	171.993
7346	7836	1	740	2	171.993
7347	6980	0	836	2	171.993
7348	7835	1	739	2	171.993
7349	6979	0	835	2	171.993
7350	7834	1	738	2	171.993
7351	6978	0	834	2	171.993
7352	7841	1	745	2	171.993
7353	6985	0	841	2	171.993
7354	7840	1	744	2	171.993
7355	6984	0	840	2	171.993
7356	7839	1	743	2	171.993
7357	6983	0	839	2	171.993
7358	7838	1	742	2	171.993
7359	6982	0	838	2	171.993
7360	7266	1	170	2	171.993
7361	6218	0	74	2	133.432
7362	7267	1	171	2	171.993
7363	6219	0	75	2	135.199
7364	7268	1	172	2	171.993
7365	6220	0	76	2	136.965
7366	7269	1	173	2	171.993
7367	6221	0	77	2	138.732
7368	7262	1	166	2	171.993
7369	6214	0	70	2	126.365
7370	7263	1	167	2	171.993
7371	6215	0	71	2	128.132
7372	7264	1	168	2	171.993
7373	6216	0	72	2	129.898
7374	7265	1	169	2	171.993
7375	6217	0	73	2	131.665
7376	7258	1	162	2	171.993
7377	6210	0	66	2	119.298
7378	7259	1	163	2	171.993
7379	6211	0	67	2	121.065
7380	7260	1	164	2	171.993
7381	6212	0	68	2	122.832
7382	7261	1	165	2	171.993
7383	6213	0	69	2	124.598
7384	7254	1	158	2	171.993
7385	6206	0	62	2	112.232
7386	7255	1	159	2	171.993
7387	6207	0	63	2	113.998
7388	7256	1	160	2	171.993
7389	6208	0	64	2	115.765
7390	7257	1	161	2	171.993
7391	6209	0	65	2	117.532
7392	7282	1	186	2	171.993
7393	6234	0	90	2	161.699
7394	7283	1	187	2	171.993
7395	6235	0	91	2	163.466
7396	7284	1	188	2	171.993
7397	6236	0	92	2	165.232
7398	7285	1	189	2	171.993
7399	6237	0	93	2	166.999
7400	7278	1	182	2	171.993
7401	6230	0	86	2	154.632
7402	7279	1	183	2	171.993
7403	6231	0	87	2	156.399
7404	7280	1	184	2	171.993
7405	6232	0	88	2	158.166
7406	7281	1	185	2	171.993
7407	6233	0	89	2	159.932
7408	7274	1	178	2	171.993
7409	6226	0	82	2	147.565
7410	7275	1	179	2	171.993
7411	6227	0	83	2	149.332
7412	7276	1	180	2	171.993
7413	6228	0	84	2	151.099
7414	7277	1	181	2	171.993
7415	6229	0	85	2	152.865
7416	7270	1	174	2	171.993
7417	6222	0	78	2	140.499
7418	7271	1	175	2	171.993
7419	6223	0	79	2	142.265
7420	7272	1	176	2	171.993
7421	6224	0	80	2	144.032
7422	7273	1	177	2	171.993
7423	6225	0	81	2	145.799
7424	7298	1	202	2	171.993
7425	6250	0	106	2	171.993
7426	7299	1	203	2	171.993
7427	6251	0	107	2	171.993
7428	7300	1	204	2	171.993
7429	6252	0	108	2	171.993
7430	7301	1	205	2	171.993
7431	6253	0	109	2	171.993
7432	7294	1	198	2	171.993
7433	6246	0	102	2	171.993
7434	7295	1	199	2	171.993
7435	6247	0	103	2	171.993
7436	7296	1	200	2	171.993
7437	6248	0	104	2	171.993
7438	7297	1	201	2	171.993
7439	6249	0	105	2	171.993
7440	7290	1	194	2	171.993
7441	6242	0	98	2	171.993
7442	7291	1	195	2	171.993
7443	6243	0	99	2	171.993
7444	7292	1	196	2	171.993
7445	6244	0	100	2	171.993
7446	7293	1	197	2	171.993
7447	6245	0	101	2	171.993
7448	7286	1	190	2	171.993
7449	6238	0	94	2	168.766
7450	7287	1	191	2	171.993
7451	6239	0	95	2	170.532
7452	7288	1	192	2	171.993
7453	6240	0	96	2	171.993
7454	7289	1	193	2	171.993
7455	6241	0	97	2	171.993
7456	7314	1	218	2	171.993
7457	6266	0	122	2	171.993
7458	7315	1	219	2	171.993
7459	6267	0	123	2	171.993
7460	7316	1	220	2	171.993
7461	6268	0	124	2	171.993
7462	7317	1	221	2	171.993
7463	6269	0	125	2	171.993
7464	7310	1	214	2	171.993
7465	6262	0	118	2	171.993
7466	7311	1	215	2	171.993
7467	6263	0	119	2	171.993
7468	7312	1	216	2	171.993
7469	6264	0	120	2	171.993
7470	7313	1	217	2	171.993
7471	6265	0	121	2	171.993
7472	7306	1	210	2	171.993
7473	6258	0	114	2	171.993
7474	7307	1	211	2	171.993
7475	6259	0	115	2	171.993
7476	7308	1	212	2	171.993
7477	6260	0	116	2	171.993
7478	7309	1	213	2	171.993
7479	6261	0	117	2	171.993
7480	7302	1	206	2	171.993
7481	6254	0	110	2	171.993
7482	7303	1	207	2	171.993
7483	6255	0	111	2	171.993
7484	7304	1	208	2	171.993
7485	6256	0	112	2	171.993
7486	7305	1	209	2	171.993
7487	6257	0	113	2	171.993
7488	8703	2	655	2	168.000
7489	8702	2	654	2	168.000
7490	8701	2	653	2	168.000
7491	8700	2	652	2	168.000
7492	8699	2	651	2	168.000
7493	8698	2	650	2	168.000
7494	8697	2	649	2	168.000
7495	8696	2	648	2	168.000
7496	8711	2	663	2	168.000
7497	8710	2	662	2	168.000
7498	8709	2	661	2	168.000
7499	8708	2	660	2	168.000
7500	8707	2	659	2	168.000
7501	8706	2	658	2	168.000
7502	8705	2	657	2	168.000
7503	8704	2	656	2	168.000
7504	8719	2	671	2	168.000
7505	8718	2	670	2	168.000
7506	8717	2	669	2	168.000
7507	8716	2	668	2	168.000
7508	8715	2	667	2	168.000
7509	8714	2	666	2	168.000
7510	8713	2	665	2	168.000
7511	8712	2	664	2	168.000
7512	8727	2	679	2	168.000
7513	8726	2	678	2	168.000
7514	8725	2	677	2	168.000
7515	8724	2	676	2	168.000
7516	8723	2	675	2	168.000
7517	8722	2	674	2	168.000
7518	8721	2	673	2	168.000
7519	8720	2	672	2	168.000
7520	6627	0	483	2	14.204
7521	6626	0	482	2	12.437
7522	6625	0	481	2	10.671
7523	6624	0	480	2	8.904
7524	6623	0	479	2	7.137
7525	6622	0	478	2	5.371
7526	6621	0	477	2	3.604
7527	6620	0	476	2	1.837
7528	6635	0	491	2	28.338
7529	6634	0	490	2	26.571
7530	6633	0	489	2	24.804
7531	6632	0	488	2	23.037
7532	6631	0	487	2	21.271
7533	6630	0	486	2	19.504
7534	6629	0	485	2	17.737
7535	6628	0	484	2	15.971
7536	6643	0	499	2	42.471
7537	6642	0	498	2	40.704
7538	6641	0	497	2	38.938
7539	6640	0	496	2	37.171
7540	6639	0	495	2	35.404
7541	6638	0	494	2	33.638
7542	6637	0	493	2	31.871
7543	6636	0	492	2	30.104
7544	6651	0	507	2	56.605
7545	6650	0	506	2	54.838
7546	6649	0	505	2	53.071
7547	6648	0	504	2	51.304
7548	6647	0	503	2	49.538
7549	6646	0	502	2	47.771
7550	6645	0	501	2	46.004
7551	6644	0	500	2	44.238
7552	7653	1	557	2	145.794
7553	6797	0	653	2	171.993
7554	7652	1	556	2	144.027
7555	6796	0	652	2	171.993
7556	7651	1	555	2	142.260
7557	6795	0	651	2	171.993
7558	7650	1	554	2	140.494
7559	6794	0	650	2	171.993
7560	7657	1	561	2	152.860
7561	6801	0	657	2	171.993
7562	7656	1	560	2	151.094
7563	6800	0	656	2	171.993
7564	7655	1	559	2	149.327
7565	6799	0	655	2	171.993
7566	7654	1	558	2	147.560
7567	6798	0	654	2	171.993
7568	7661	1	565	2	159.927
7569	6805	0	661	2	171.993
7570	7660	1	564	2	158.160
7571	6804	0	660	2	171.993
7572	7659	1	563	2	156.394
7573	6803	0	659	2	171.993
7574	7658	1	562	2	154.627
7575	6802	0	658	2	171.993
7576	7665	1	569	2	166.994
7577	6809	0	665	2	171.993
7578	7664	1	568	2	165.227
7579	6808	0	664	2	171.993
7580	7663	1	567	2	163.461
7581	6807	0	663	2	171.993
7582	7662	1	566	2	161.694
7583	6806	0	662	2	171.993
7584	7637	1	541	2	117.527
7585	6781	0	637	2	171.993
7586	7636	1	540	2	115.760
7587	6780	0	636	2	171.993
7588	7635	1	539	2	113.993
7589	6779	0	635	2	171.993
7590	7634	1	538	2	112.227
7591	6778	0	634	2	171.993
7592	7641	1	545	2	124.593
7593	6785	0	641	2	171.993
7594	7640	1	544	2	122.827
7595	6784	0	640	2	171.993
7596	7639	1	543	2	121.060
7597	6783	0	639	2	171.993
7598	7638	1	542	2	119.293
7599	6782	0	638	2	171.993
7600	7645	1	549	2	131.660
7601	6789	0	645	2	171.993
7602	7644	1	548	2	129.893
7603	6788	0	644	2	171.993
7604	7643	1	547	2	128.127
7605	6787	0	643	2	171.993
7606	7642	1	546	2	126.360
7607	6786	0	642	2	171.993
7608	7649	1	553	2	138.727
7609	6793	0	649	2	171.993
7610	7648	1	552	2	136.960
7611	6792	0	648	2	171.993
7612	7647	1	551	2	135.193
7613	6791	0	647	2	171.993
7614	7646	1	550	2	133.427
7615	6790	0	646	2	171.993
7616	7685	1	589	2	171.993
7617	6829	0	685	2	171.993
7618	7684	1	588	2	171.993
7619	6828	0	684	2	171.993
7620	7683	1	587	2	171.993
7621	6827	0	683	2	171.993
7622	7682	1	586	2	171.993
7623	6826	0	682	2	171.993
7624	7689	1	593	2	171.993
7625	6833	0	689	2	171.993
7626	7688	1	592	2	171.993
7627	6832	0	688	2	171.993
7628	7687	1	591	2	171.993
7629	6831	0	687	2	171.993
7630	7686	1	590	2	171.993
7631	6830	0	686	2	171.993
7632	7693	1	597	2	171.993
7633	6837	0	693	2	171.993
7634	7692	1	596	2	171.993
7635	6836	0	692	2	171.993
7636	7691	1	595	2	171.993
7637	6835	0	691	2	171.993
7638	7690	1	594	2	171.993
7639	6834	0	690	2	171.993
7640	7697	1	601	2	171.993
7641	6841	0	697	2	171.993
7642	7696	1	600	2	171.993
7643	6840	0	696	2	171.993
7644	7695	1	599	2	171.993
7645	6839	0	695	2	171.993
7646	7694	1	598	2	171.993
7647	6838	0	694	2	171.993
7648	7669	1	573	2	171.993
7649	6813	0	669	2	171.993
7650	7668	1	572	2	171.993
7651	6812	0	668	2	171.993
7652	7667	1	571	2	170.527
7653	6811	0	667	2	171.993
7654	7666	1	570	2	168.761
7655	6810	0	666	2	171.993
7656	7673	1	577	2	171.993
7657	6817	0	673	2	171.993
7658	7672	1	576	2	171.993
7659	6816	0	672	2	171.993
7660	7671	1	575	2	171.993
7661	6815	0	671	2	171.993
7662	7670	1	574	2	171.993
7663	6814	0	670	2	171.993
7664	7677	1	581	2	171.993
7665	6821	0	677	2	171.993
7666	7676	1	580	2	171.993
7667	6820	0	676	2	171.993
7668	7675	1	579	2	171.993
7669	6819	0	675	2	171.993
7670	7674	1	578	2	171.993
7671	6818	0	674	2	171.993
7672	7681	1	585	2	171.993
7673	6825	0	681	2	171.993
7674	7680	1	584	2	171.993
7675	6824	0	680	2	171.993
7676	7679	1	583	2	171.993
7677	6823	0	679	2	171.993
7678	7678	1	582	2	171.993
7679	6822	0	678	2	171.993
7680	8315	2	267	2	168.000
7681	8314	2	266	2	168.000
7682	8313	2	265	2	168.000
7683	8312	2	264	2	168.000
7684	8311	2	263	2	168.000
7685	8310	2	262	2	168.000
7686	8309	2	261	2	168.000
7687	8308	2	260	2	168.000
7688	8323	2	275	2	168.000
7689	8322	2	274	2	168.000
7690	8321	2	273	2	168.000
7691	8320	2	272	2	168.000
7692	8319	2	271	2	168.000
7693	8318	2	270	2	168.000
7694	8317	2	269	2	168.000
7695	8316	2	268	2	168.000
7696	8331	2	283	2	168.000
7697	8330	2	282	2	168.000
7698	8329	2	281	2	168.000
7699	8328	2	280	2	168.000
7700	8327	2	279	2	168.000
7701	8326	2	278	2	168.000
7702	8325	2	277	2	168.000
7703	8324	2	276	2	168.000
7704	8339	2	291	2	168.000
7705	8338	2	290	2	168.000
7706	8337	2	289	2	168.000
7707	8336	2	288	2	168.000
7708	8335	2	287	2	168.000
7709	8334	2	286	2	168.000
7710	8333	2	285	2	168.000
7711	8332	2	284	2	168.000
7712	7120	1	24	2	44.238
7713	7121	1	25	2	46.004
7714	7122	1	26	2	47.771
7715	7123	1	27	2	49.538
7716	7124	1	28	2	51.304
7717	7125	1	29	2	53.071
7718	7126	1	30	2	54.838
7719	7127	1	31	2	56.605
7720	7112	1	16	2	30.104
7721	7113	1	17	2	31.871
7722	7114	1	18	2	33.638
7723	7115	1	19	2	35.404
7724	7116	1	20	2	37.171
7725	7117	1	21	2	38.938
7726	7118	1	22	2	40.704
7727	7119	1	23	2	42.471
7728	7104	1	8	2	15.971
7729	7105	1	9	2	17.737
7730	7106	1	10	2	19.504
7731	7107	1	11	2	21.271
7732	7108	1	12	2	23.037
7733	7109	1	13	2	24.804
7734	7110	1	14	2	26.571
7735	7111	1	15	2	28.338
7736	7096	1	0	2	1.837
7737	7097	1	1	2	3.604
7738	7098	1	2	2	5.371
7739	7099	1	3	2	7.137
7740	7100	1	4	2	8.904
7741	7101	1	5	2	10.671
7742	7102	1	6	2	12.437
7743	7103	1	7	2	14.204
7744	8219	2	171	2	168.000
7745	8218	2	170	2	168.000
7746	8217	2	169	2	168.000
7747	8216	2	168	2	168.000
7748	8215	2	167	2	168.000
7749	8214	2	166	2	168.000
7750	8213	2	165	2	168.000
7751	8212	2	164	2	168.000
7752	8227	2	179	2	168.000
7753	8226	2	178	2	168.000
7754	8225	2	177	2	168.000
7755	8224	2	176	2	168.000
7756	8223	2	175	2	168.000
7757	8222	2	174	2	168.000
7758	8221	2	173	2	168.000
7759	8220	2	172	2	168.000
7760	8235	2	187	2	168.000
7761	8234	2	186	2	168.000
7762	8233	2	185	2	168.000
7763	8232	2	184	2	168.000
7764	8231	2	183	2	168.000
7765	8230	2	182	2	168.000
7766	8229	2	181	2	168.000
7767	8228	2	180	2	168.000
7768	8243	2	195	2	168.000
7769	8242	2	194	2	168.000
7770	8241	2	193	2	168.000
7771	8240	2	192	2	168.000
7772	8239	2	191	2	168.000
7773	8238	2	190	2	168.000
7774	8237	2	189	2	168.000
7775	8236	2	188	2	168.000
7776	7152	1	56	2	100.772
7777	7153	1	57	2	102.539
7778	7154	1	58	2	104.305
7779	7155	1	59	2	106.072
7780	7156	1	60	2	107.839
7781	7157	1	61	2	109.605
7782	7158	1	62	2	111.372
7783	7159	1	63	2	113.139
7784	7144	1	48	2	86.638
7785	7145	1	49	2	88.405
7786	7146	1	50	2	90.172
7787	7147	1	51	2	91.938
7788	7148	1	52	2	93.705
7789	7149	1	53	2	95.472
7790	7150	1	54	2	97.238
7791	7151	1	55	2	99.005
7792	7136	1	40	2	72.505
7793	7137	1	41	2	74.271
7794	7138	1	42	2	76.038
7795	7139	1	43	2	77.805
7796	7140	1	44	2	79.572
7797	7141	1	45	2	81.338
7798	7142	1	46	2	83.105
7799	7143	1	47	2	84.872
7800	7128	1	32	2	58.371
7801	7129	1	33	2	60.138
7802	7130	1	34	2	61.905
7803	7131	1	35	2	63.671
7804	7132	1	36	2	65.438
7805	7133	1	37	2	67.205
7806	7134	1	38	2	68.971
7807	7135	1	39	2	70.738
7808	8283	2	235	2	168.000
7809	8282	2	234	2	168.000
7810	8281	2	233	2	168.000
7811	8280	2	232	2	168.000
7812	8279	2	231	2	168.000
7813	8278	2	230	2	168.000
7814	8277	2	229	2	168.000
7815	8276	2	228	2	168.000
7816	8291	2	243	2	168.000
7817	8290	2	242	2	168.000
7818	8289	2	241	2	168.000
7819	8288	2	240	2	168.000
7820	8287	2	239	2	168.000
7821	8286	2	238	2	168.000
7822	8285	2	237	2	168.000
7823	8284	2	236	2	168.000
7824	8299	2	251	2	168.000
7825	8298	2	250	2	168.000
7826	8297	2	249	2	168.000
7827	8296	2	248	2	168.000
7828	8295	2	247	2	168.000
7829	8294	2	246	2	168.000
7830	8293	2	245	2	168.000
7831	8292	2	244	2	168.000
7832	8307	2	259	2	168.000
7833	8306	2	258	2	168.000
7834	8305	2	257	2	168.000
7835	8304	2	256	2	168.000
7836	8303	2	255	2	168.000
7837	8302	2	254	2	168.000
7838	8301	2	253	2	168.000
7839	8300	2	252	2	168.000
7840	8251	2	203	2	168.000
7841	8250	2	202	2	168.000
7842	8249	2	201	2	168.000
7843	8248	2	200	2	168.000
7844	8247	2	199	2	168.000
7845	8246	2	198	2	168.000
7846	8245	2	197	2	168.000
7847	8244	2	196	2	168.000
7848	8259	2	211	2	168.000
7849	8258	2	210	2	168.000
7850	8257	2	209	2	168.000
7851	8256	2	208	2	168.000
7852	8255	2	207	2	168.000
7853	8254	2	206	2	168.000
7854	8253	2	205	2	168.000
7855	8252	2	204	2	168.000
7856	8267	2	219	2	168.000
7857	8266	2	218	2	168.000
7858	8265	2	217	2	168.000
7859	8264	2	216	2	168.000
7860	8263	2	215	2	168.000
7861	8262	2	214	2	168.000
7862	8261	2	213	2	168.000
7863	8260	2	212	2	168.000
7864	8275	2	227	2	168.000
7865	8274	2	226	2	168.000
7866	8273	2	225	2	168.000
7867	8272	2	224	2	168.000
7868	8271	2	223	2	168.000
7869	8270	2	222	2	168.000
7870	8269	2	221	2	168.000
7871	8268	2	220	2	168.000
7872	8671	2	623	2	168.000
7873	8670	2	622	2	168.000
7874	8669	2	621	2	168.000
7875	8668	2	620	2	168.000
7876	8667	2	619	2	168.000
7877	8666	2	618	2	168.000
7878	8665	2	617	2	168.000
7879	8664	2	616	2	168.000
7880	8679	2	631	2	168.000
7881	8678	2	630	2	168.000
7882	8677	2	629	2	168.000
7883	8676	2	628	2	168.000
7884	8675	2	627	2	168.000
7885	8674	2	626	2	168.000
7886	8673	2	625	2	168.000
7887	8672	2	624	2	168.000
7888	8687	2	639	2	168.000
7889	8686	2	638	2	168.000
7890	8685	2	637	2	168.000
7891	8684	2	636	2	168.000
7892	8683	2	635	2	168.000
7893	8682	2	634	2	168.000
7894	8681	2	633	2	168.000
7895	8680	2	632	2	168.000
7896	8695	2	647	2	168.000
7897	8694	2	646	2	168.000
7898	8693	2	645	2	168.000
7899	8692	2	644	2	168.000
7900	8691	2	643	2	168.000
7901	8690	2	642	2	168.000
7902	8689	2	641	2	168.000
7903	8688	2	640	2	168.000
7904	8639	2	591	2	168.000
7905	8638	2	590	2	168.000
7906	8637	2	589	2	168.000
7907	8636	2	588	2	168.000
7908	8635	2	587	2	168.000
7909	8634	2	586	2	168.000
7910	8633	2	585	2	168.000
7911	8632	2	584	2	168.000
7912	8647	2	599	2	168.000
7913	8646	2	598	2	168.000
7914	8645	2	597	2	168.000
7915	8644	2	596	2	168.000
7916	8643	2	595	2	168.000
7917	8642	2	594	2	168.000
7918	8641	2	593	2	168.000
7919	8640	2	592	2	168.000
7920	8655	2	607	2	168.000
7921	8654	2	606	2	168.000
7922	8653	2	605	2	168.000
7923	8652	2	604	2	168.000
7924	8651	2	603	2	168.000
7925	8650	2	602	2	168.000
7926	8649	2	601	2	168.000
7927	8648	2	600	2	168.000
7928	8663	2	615	2	168.000
7929	8662	2	614	2	168.000
7930	8661	2	613	2	168.000
7931	8660	2	612	2	168.000
7932	8659	2	611	2	168.000
7933	8658	2	610	2	168.000
7934	8657	2	609	2	168.000
7935	8656	2	608	2	168.000
7936	8767	2	719	2	168.000
7937	8766	2	718	2	168.000
7938	8765	2	717	2	168.000
7939	8764	2	716	2	168.000
7940	8763	2	715	2	168.000
7941	8762	2	714	2	168.000
7942	8761	2	713	2	168.000
7943	8760	2	712	2	168.000
7944	8775	2	727	2	168.000
7945	8774	2	726	2	168.000
7946	8773	2	725	2	168.000
7947	8772	2	724	2	168.000
7948	8771	2	723	2	168.000
7949	8770	2	722	2	168.000
7950	8769	2	721	2	168.000
7951	8768	2	720	2	168.000
7952	8783	2	735	2	168.000
7953	8782	2	734	2	168.000
7954	8781	2	733	2	168.000
7955	8780	2	732	2	168.000
7956	8779	2	731	2	168.000
7957	8778	2	730	2	168.000
7958	8777	2	729	2	168.000
7959	8776	2	728	2	168.000
7960	8791	2	743	2	168.000
7961	8790	2	742	2	168.000
7962	8789	2	741	2	168.000
7963	8788	2	740	2	168.000
7964	8787	2	739	2	168.000
7965	8786	2	738	2	168.000
7966	8785	2	737	2	168.000
7967	8784	2	736	2	168.000
7968	8735	2	687	2	168.000
7969	8734	2	686	2	168.000
7970	8733	2	685	2	168.000
7971	8732	2	684	2	168.000
7972	8731	2	683	2	168.000
7973	8730	2	682	2	168.000
7974	8729	2	681	2	168.000
7975	8728	2	680	2	168.000
7976	8743	2	695	2	168.000
7977	8742	2	694	2	168.000
7978	8741	2	693	2	168.000
7979	8740	2	692	2	168.000
7980	8739	2	691	2	168.000
7981	8738	2	690	2	168.000
7982	8737	2	689	2	168.000
7983	8736	2	688	2	168.000
7984	8751	2	703	2	168.000
7985	8750	2	702	2	168.000
7986	8749	2	701	2	168.000
7987	8748	2	700	2	168.000
7988	8747	2	699	2	168.000
7989	8746	2	698	2	168.000
7990	8745	2	697	2	168.000
7991	8744	2	696	2	168.000
7992	8759	2	711	2	168.000
7993	8758	2	710	2	168.000
7994	8757	2	709	2	168.000
7995	8756	2	708	2	168.000
7996	8755	2	707	2	168.000
7997	8754	2	706	2	168.000
7998	8753	2	705	2	168.000
7999	8752	2	704	2	168.000
8000	6154	0	10	2	20.364
8001	7202	1	106	2	171.993
8002	6155	0	11	2	22.130
8003	7203	1	107	2	171.993
8004	6156	0	12	2	23.897
8005	7204	1	108	2	171.993
8006	6157	0	13	2	25.664
8007	7205	1	109	2	171.993
8008	6150	0	6	2	13.297
8009	7198	1	102	2	171.993
8010	6151	0	7	2	15.063
8011	7199	1	103	2	171.993
8012	6152	0	8	2	16.830
8013	7200	1	104	2	171.993
8014	6153	0	9	2	18.597
8015	7201	1	105	2	171.993
8016	6146	0	2	2	6.230
8017	7194	1	98	2	171.993
8018	6147	0	3	2	7.997
8019	7195	1	99	2	171.993
8020	6148	0	4	2	9.763
8021	7196	1	100	2	171.993
8022	6149	0	5	2	11.530
8023	7197	1	101	2	171.993
8024	8051	2	3	2	168.000
8025	8050	2	2	2	168.000
8026	8049	2	1	2	168.000
8027	8048	2	0	2	168.000
8028	6144	0	0	2	2.697
8029	7192	1	96	2	171.440
8030	6145	0	1	2	4.463
8031	7193	1	97	2	171.993
8032	6170	0	26	2	48.631
8033	7218	1	122	2	171.993
8034	6171	0	27	2	50.397
8035	7219	1	123	2	171.993
8036	6172	0	28	2	52.164
8037	7220	1	124	2	171.993
8038	6173	0	29	2	53.931
8039	7221	1	125	2	171.993
8040	6166	0	22	2	41.564
8041	7214	1	118	2	171.993
8042	6167	0	23	2	43.331
8043	7215	1	119	2	171.993
8044	6168	0	24	2	45.097
8045	7216	1	120	2	171.993
8046	6169	0	25	2	46.864
8047	7217	1	121	2	171.993
8048	6162	0	18	2	34.497
8049	7210	1	114	2	171.993
8050	6163	0	19	2	36.264
8051	7211	1	115	2	171.993
8052	6164	0	20	2	38.030
8053	7212	1	116	2	171.993
8054	6165	0	21	2	39.797
8055	7213	1	117	2	171.993
8056	6158	0	14	2	27.430
8057	7206	1	110	2	171.993
8058	6159	0	15	2	29.197
8059	7207	1	111	2	171.993
8060	6160	0	16	2	30.964
8061	7208	1	112	2	171.993
8062	6161	0	17	2	32.730
8063	7209	1	113	2	171.993
8064	6186	0	42	2	76.898
8065	7234	1	138	2	171.993
8066	6187	0	43	2	78.664
8067	7235	1	139	2	171.993
8068	6188	0	44	2	80.431
8069	7236	1	140	2	171.993
8070	6189	0	45	2	82.198
8071	7237	1	141	2	171.993
8072	6182	0	38	2	69.831
8073	7230	1	134	2	171.993
8074	6183	0	39	2	71.598
8075	7231	1	135	2	171.993
8076	6184	0	40	2	73.364
8077	7232	1	136	2	171.993
8078	6185	0	41	2	75.131
8079	7233	1	137	2	171.993
8080	6178	0	34	2	62.764
8081	7226	1	130	2	171.993
8082	6179	0	35	2	64.531
8083	7227	1	131	2	171.993
8084	6180	0	36	2	66.298
8085	7228	1	132	2	171.993
8086	6181	0	37	2	68.064
8087	7229	1	133	2	171.993
8088	6174	0	30	2	55.697
8089	7222	1	126	2	171.993
8090	6175	0	31	2	57.464
8091	7223	1	127	2	171.993
8092	6176	0	32	2	59.231
8093	7224	1	128	2	171.993
8094	6177	0	33	2	60.997
8095	7225	1	129	2	171.993
8096	6202	0	58	2	105.165
8097	7250	1	154	2	171.993
8098	6203	0	59	2	106.931
8099	7251	1	155	2	171.993
8100	6204	0	60	2	108.698
8101	7252	1	156	2	171.993
8102	6205	0	61	2	110.465
8103	7253	1	157	2	171.993
8104	6198	0	54	2	98.098
8105	7246	1	150	2	171.993
8106	6199	0	55	2	99.865
8107	7247	1	151	2	171.993
8108	6200	0	56	2	101.631
8109	7248	1	152	2	171.993
8110	6201	0	57	2	103.398
8111	7249	1	153	2	171.993
8112	6194	0	50	2	91.031
8113	7242	1	146	2	171.993
8114	6195	0	51	2	92.798
8115	7243	1	147	2	171.993
8116	6196	0	52	2	94.565
8117	7244	1	148	2	171.993
8118	6197	0	53	2	96.331
8119	7245	1	149	2	171.993
8120	6190	0	46	2	83.964
8121	7238	1	142	2	171.993
8122	6191	0	47	2	85.731
8123	7239	1	143	2	171.993
8124	6192	0	48	2	87.498
8125	7240	1	144	2	171.993
8126	6193	0	49	2	89.265
8127	7241	1	145	2	171.993
8128	8799	2	751	2	168.000
8129	8798	2	750	2	168.000
8130	8797	2	749	2	168.000
8131	8796	2	748	2	168.000
8132	8795	2	747	2	168.000
8133	8794	2	746	2	168.000
8134	8793	2	745	2	168.000
8135	8792	2	744	2	168.000
8136	8807	2	759	2	168.000
8137	8806	2	758	2	168.000
8138	8805	2	757	2	168.000
8139	8804	2	756	2	168.000
8140	8803	2	755	2	168.000
8141	8802	2	754	2	168.000
8142	8801	2	753	2	168.000
8143	8800	2	752	2	168.000
8144	8815	2	767	2	168.000
8145	8814	2	766	2	168.000
8146	8813	2	765	2	168.000
8147	8812	2	764	2	168.000
8148	8811	2	763	2	168.000
8149	8810	2	762	2	168.000
8150	8809	2	761	2	168.000
8151	8808	2	760	2	168.000
8152	8823	2	775	2	168.000
8153	8822	2	774	2	168.000
8154	8821	2	773	2	168.000
8155	8820	2	772	2	168.000
8156	8819	2	771	2	168.000
8157	8818	2	770	2	168.000
8158	8817	2	769	2	168.000
8159	8816	2	768	2	168.000
8160	6659	0	515	2	70.738
8161	6658	0	514	2	68.971
8162	6657	0	513	2	67.205
8163	6656	0	512	2	65.438
8164	6655	0	511	2	63.671
8165	6654	0	510	2	61.905
8166	6653	0	509	2	60.138
8167	6652	0	508	2	58.371
8168	6667	0	523	2	84.872
8169	6666	0	522	2	83.105
8170	6665	0	521	2	81.338
8171	6664	0	520	2	79.572
8172	6663	0	519	2	77.805
8173	6662	0	518	2	76.038
8174	6661	0	517	2	74.271
8175	6660	0	516	2	72.505
8176	6675	0	531	2	99.005
8177	6674	0	530	2	97.238
8178	6673	0	529	2	95.472
8179	6672	0	528	2	93.705
8180	6671	0	527	2	91.938
8181	6670	0	526	2	90.172
8182	6669	0	525	2	88.405
8183	6668	0	524	2	86.638
8184	6683	0	539	2	113.139
8185	6682	0	538	2	111.372
8186	6681	0	537	2	109.605
8187	6680	0	536	2	107.839
8188	6679	0	535	2	106.072
8189	6678	0	534	2	104.305
8190	6677	0	533	2	102.539
8191	6676	0	532	2	100.772
8192	8895	2	847	2	168.000
8193	8894	2	846	2	168.000
8194	8893	2	845	2	168.000
8195	8892	2	844	2	168.000
8196	8891	2	843	2	168.000
8197	8890	2	842	2	168.000
8198	8889	2	841	2	168.000
8199	8888	2	840	2	168.000
8200	8903	2	855	2	168.000
8201	8902	2	854	2	168.000
8202	8901	2	853	2	168.000
8203	8900	2	852	2	168.000
8204	8899	2	851	2	168.000
8205	8898	2	850	2	168.000
8206	8897	2	849	2	168.000
8207	8896	2	848	2	168.000
8208	8911	2	863	2	168.000
8209	8910	2	862	2	168.000
8210	8909	2	861	2	168.000
8211	8908	2	860	2	168.000
8212	8907	2	859	2	168.000
8213	8906	2	858	2	168.000
8214	8905	2	857	2	168.000
8215	8904	2	856	2	168.000
8216	8919	2	871	2	168.000
8217	8918	2	870	2	168.000
8218	8917	2	869	2	168.000
8219	8916	2	868	2	168.000
8220	8915	2	867	2	168.000
8221	8914	2	866	2	168.000
8222	8913	2	865	2	168.000
8223	8912	2	864	2	168.000
8224	6691	0	547	2	127.272
8225	6690	0	546	2	125.506
8226	6689	0	545	2	123.739
8227	6688	0	544	2	121.972
8228	6687	0	543	2	120.205
8229	6686	0	542	2	118.439
8230	6685	0	541	2	116.672
8231	6684	0	540	2	114.905
8232	6699	0	555	2	141.406
8233	6698	0	554	2	139.639
8234	6697	0	553	2	137.872
8235	6696	0	552	2	136.106
8236	6695	0	551	2	134.339
8237	6694	0	550	2	132.572
8238	6693	0	549	2	130.806
8239	6692	0	548	2	129.039
8240	6707	0	563	2	155.539
8241	6706	0	562	2	153.773
8242	6705	0	561	2	152.006
8243	6704	0	560	2	150.239
8244	6703	0	559	2	148.473
8245	6702	0	558	2	146.706
8246	6701	0	557	2	144.939
8247	6700	0	556	2	143.172
8248	6715	0	571	2	169.673
8249	6714	0	570	2	167.906
8250	6713	0	569	2	166.139
8251	6712	0	568	2	164.373
8252	6711	0	567	2	162.606
8253	6710	0	566	2	160.839
8254	6709	0	565	2	159.073
8255	6708	0	564	2	157.306
8256	6733	0	589	2	171.993
8257	7589	1	493	2	32.725
8258	6732	0	588	2	171.993
8259	7588	1	492	2	30.959
8260	6731	0	587	2	171.993
8261	7587	1	491	2	29.192
8262	6730	0	586	2	171.993
8263	7586	1	490	2	27.425
8264	6737	0	593	2	171.993
8265	7593	1	497	2	39.792
8266	6736	0	592	2	171.993
8267	7592	1	496	2	38.025
8268	6735	0	591	2	171.993
8269	7591	1	495	2	36.259
8270	6734	0	590	2	171.993
8271	7590	1	494	2	34.492
8272	6741	0	597	2	171.993
8273	7597	1	501	2	46.859
8274	6740	0	596	2	171.993
8275	7596	1	500	2	45.092
8276	6739	0	595	2	171.993
8277	7595	1	499	2	43.326
8278	6738	0	594	2	171.993
8279	7594	1	498	2	41.559
8280	6745	0	601	2	171.993
8281	7601	1	505	2	53.926
8282	6744	0	600	2	171.993
8283	7600	1	504	2	52.159
8284	6743	0	599	2	171.993
8285	7599	1	503	2	50.392
8286	6742	0	598	2	171.993
8287	7598	1	502	2	48.626
8288	6717	0	573	2	171.993
8289	7573	1	477	2	4.458
8290	6716	0	572	2	171.440
8291	7572	1	476	2	2.692
8292	8923	2	875	2	168.000
8293	8922	2	874	2	168.000
8294	8921	2	873	2	168.000
8295	8920	2	872	2	168.000
8296	6721	0	577	2	171.993
8297	7577	1	481	2	11.525
8298	6720	0	576	2	171.993
8299	7576	1	480	2	9.758
8300	6719	0	575	2	171.993
8301	7575	1	479	2	7.992
8302	6718	0	574	2	171.993
8303	7574	1	478	2	6.225
8304	6725	0	581	2	171.993
8305	7581	1	485	2	18.592
8306	6724	0	580	2	171.993
8307	7580	1	484	2	16.825
8308	6723	0	579	2	171.993
8309	7579	1	483	2	15.058
8310	6722	0	578	2	171.993
8311	7578	1	482	2	13.292
8312	6729	0	585	2	171.993
8313	7585	1	489	2	25.659
8314	6728	0	584	2	171.993
8315	7584	1	488	2	23.892
8316	6727	0	583	2	171.993
8317	7583	1	487	2	22.125
8318	6726	0	582	2	171.993
8319	7582	1	486	2	20.359
8320	6765	0	621	2	171.993
8321	7621	1	525	2	89.260
8322	6764	0	620	2	171.993
8323	7620	1	524	2	87.493
8324	6763	0	619	2	171.993
8325	7619	1	523	2	85.726
8326	6762	0	618	2	171.993
8327	7618	1	522	2	83.959
8328	6769	0	625	2	171.993
8329	7625	1	529	2	96.326
8330	6768	0	624	2	171.993
8331	7624	1	528	2	94.560
8332	6767	0	623	2	171.993
8333	7623	1	527	2	92.793
8334	6766	0	622	2	171.993
8335	7622	1	526	2	91.026
8336	6773	0	629	2	171.993
8337	7629	1	533	2	103.393
8338	6772	0	628	2	171.993
8339	7628	1	532	2	101.626
8340	6771	0	627	2	171.993
8341	7627	1	531	2	99.860
8342	6770	0	626	2	171.993
8343	7626	1	530	2	98.093
8344	6777	0	633	2	171.993
8345	7633	1	537	2	110.460
8346	6776	0	632	2	171.993
8347	7632	1	536	2	108.693
8348	6775	0	631	2	171.993
8349	7631	1	535	2	106.926
8350	6774	0	630	2	171.993
8351	7630	1	534	2	105.160
8352	6749	0	605	2	171.993
8353	7605	1	509	2	60.992
8354	6748	0	604	2	171.993
8355	7604	1	508	2	59.226
8356	6747	0	603	2	171.993
8357	7603	1	507	2	57.459
8358	6746	0	602	2	171.993
8359	7602	1	506	2	55.692
8360	6753	0	609	2	171.993
8361	7609	1	513	2	68.059
8362	6752	0	608	2	171.993
8363	7608	1	512	2	66.293
8364	6751	0	607	2	171.993
8365	7607	1	511	2	64.526
8366	6750	0	606	2	171.993
8367	7606	1	510	2	62.759
8368	6757	0	613	2	171.993
8369	7613	1	517	2	75.126
8370	6756	0	612	2	171.993
8371	7612	1	516	2	73.359
8372	6755	0	611	2	171.993
8373	7611	1	515	2	71.593
8374	6754	0	610	2	171.993
8375	7610	1	514	2	69.826
8376	6761	0	617	2	171.993
8377	7617	1	521	2	82.193
8378	6760	0	616	2	171.993
8379	7616	1	520	2	80.426
8380	6759	0	615	2	171.993
8381	7615	1	519	2	78.659
8382	6758	0	614	2	171.993
8383	7614	1	518	2	76.893
8384	8123	2	75	2	168.000
8385	8122	2	74	2	168.000
8386	8121	2	73	2	168.000
8387	8120	2	72	2	168.000
8388	8119	2	71	2	168.000
8389	8118	2	70	2	168.000
8390	8117	2	69	2	168.000
8391	8116	2	68	2	168.000
8392	8131	2	83	2	168.000
8393	8130	2	82	2	168.000
8394	8129	2	81	2	168.000
8395	8128	2	80	2	168.000
8396	8127	2	79	2	168.000
8397	8126	2	78	2	168.000
8398	8125	2	77	2	168.000
8399	8124	2	76	2	168.000
8400	8139	2	91	2	168.000
8401	8138	2	90	2	168.000
8402	8137	2	89	2	168.000
8403	8136	2	88	2	168.000
8404	8135	2	87	2	168.000
8405	8134	2	86	2	168.000
8406	8133	2	85	2	168.000
8407	8132	2	84	2	168.000
8408	8147	2	99	2	168.000
8409	8146	2	98	2	168.000
8410	8145	2	97	2	168.000
8411	8144	2	96	2	168.000
8412	8143	2	95	2	168.000
8413	8142	2	94	2	168.000
8414	8141	2	93	2	168.000
8415	8140	2	92	2	168.000
8416	7184	1	88	2	157.306
8417	7185	1	89	2	159.073
8418	7186	1	90	2	160.839
8419	7187	1	91	2	162.606
8420	7188	1	92	2	164.373
8421	7189	1	93	2	166.139
8422	7190	1	94	2	167.906
8423	7191	1	95	2	169.673
8424	7176	1	80	2	143.172
8425	7177	1	81	2	144.939
8426	7178	1	82	2	146.706
8427	7179	1	83	2	148.473
8428	7180	1	84	2	150.239
8429	7181	1	85	2	152.006
8430	7182	1	86	2	153.773
8431	7183	1	87	2	155.539
8432	7168	1	72	2	129.039
8433	7169	1	73	2	130.806
8434	7170	1	74	2	132.572
8435	7171	1	75	2	134.339
8436	7172	1	76	2	136.106
8437	7173	1	77	2	137.872
8438	7174	1	78	2	139.639
8439	7175	1	79	2	141.406
8440	7160	1	64	2	114.905
8441	7161	1	65	2	116.672
8442	7162	1	66	2	118.439
8443	7163	1	67	2	120.205
8444	7164	1	68	2	121.972
8445	7165	1	69	2	123.739
8446	7166	1	70	2	125.506
8447	7167	1	71	2	127.272
8448	8091	2	43	2	168.000
8449	8090	2	42	2	168.000
8450	8089	2	41	2	168.000
8451	8088	2	40	2	168.000
8452	8087	2	39	2	168.000
8453	8086	2	38	2	168.000
8454	8085	2	37	2	168.000
8455	8084	2	36	2	168.000
8456	8099	2	51	2	168.000
8457	8098	2	50	2	168.000
8458	8097	2	49	2	168.000
8459	8096	2	48	2	168.000
8460	8095	2	47	2	168.000
8461	8094	2	46	2	168.000
8462	8093	2	45	2	168.000
8463	8092	2	44	2	168.000
8464	8107	2	59	2	168.000
8465	8106	2	58	2	168.000
8466	8105	2	57	2	168.000
8467	8104	2	56	2	168.000
8468	8103	2	55	2	168.000
8469	8102	2	54	2	168.000
8470	8101	2	53	2	168.000
8471	8100	2	52	2	168.000
8472	8115	2	67	2	168.000
8473	8114	2	66	2	168.000
8474	8113	2	65	2	168.000
8475	8112	2	64	2	168.000
8476	8111	2	63	2	168.000
8477	8110	2	62	2	168.000
8478	8109	2	61	2	168.000
8479	8108	2	60	2	168.000
8480	8059	2	11	2	168.000
8481	8058	2	10	2	168.000
8482	8057	2	9	2	168.000
8483	8056	2	8	2	168.000
8484	8055	2	7	2	168.000
8485	8054	2	6	2	168.000
8486	8053	2	5	2	168.000
8487	8052	2	4	2	168.000
8488	8067	2	19	2	168.000
8489	8066	2	18	2	168.000
8490	8065	2	17	2	168.000
8491	8064	2	16	2	168.000
8492	8063	2	15	2	168.000
8493	8062	2	14	2	168.000
8494	8061	2	13	2	168.000
8495	8060	2	12	2	168.000
8496	8075	2	27	2	168.000
8497	8074	2	26	2	168.000
8498	8073	2	25	2	168.000
8499	8072	2	24	2	168.000
8500	8071	2	23	2	168.000
8501	8070	2	22	2	168.000
8502	8069	2	21	2	168.000
8503	8068	2	20	2	168.000
8504	8083	2	35	2	168.000
8505	8082	2	34	2	168.000
8506	8081	2	33	2	168.000
8507	8080	2	32	2	168.000
8508	8079	2	31	2	168.000
8509	8078	2	30	2	168.000
8510	8077	2	29	2	168.000
8511	8076	2	28	2	168.000
8512	8187	2	139	2	168.000
8513	8186	2	138	2	168.000
8514	8185	2	137	2	168.000
8515	8184	2	136	2	168.000
8516	8183	2	135	2	168.000
8517	8182	2	134	2	168.000
8518	8181	2	133	2	168.000
8519	8180	2	132	2	168.000
8520	8195	2	147	2	168.000
8521	8194	2	146	2	168.000
8522	8193	2	145	2	168.000
8523	8192	2	144	2	168.000
8524	8191	2	143	2	168.000
8525	8190	2	142	2	168.000
8526	8189	2	141	2	168.000
8527	8188	2	140	2	168.000
8528	8203	2	155	2	168.000
8529	8202	2	154	2	168.000
8530	8201	2	153	2	168.000
8531	8200	2	152	2	168.000
8532	8199	2	151	2	168.000
8533	8198	2	150	2	168.000
8534	8197	2	149	2	168.000
8535	8196	2	148	2	168.000
8536	8211	2	163	2	168.000
8537	8210	2	162	2	168.000
8538	8209	2	161	2	168.000
8539	8208	2	160	2	168.000
8540	8207	2	159	2	168.000
8541	8206	2	158	2	168.000
8542	8205	2	157	2	168.000
8543	8204	2	156	2	168.000
8544	8155	2	107	2	168.000
8545	8154	2	106	2	168.000
8546	8153	2	105	2	168.000
8547	8152	2	104	2	168.000
8548	8151	2	103	2	168.000
8549	8150	2	102	2	168.000
8550	8149	2	101	2	168.000
8551	8148	2	100	2	168.000
8552	8163	2	115	2	168.000
8553	8162	2	114	2	168.000
8554	8161	2	113	2	168.000
8555	8160	2	112	2	168.000
8556	8159	2	111	2	168.000
8557	8158	2	110	2	168.000
8558	8157	2	109	2	168.000
8559	8156	2	108	2	168.000
8560	8171	2	123	2	168.000
8561	8170	2	122	2	168.000
8562	8169	2	121	2	168.000
8563	8168	2	120	2	168.000
8564	8167	2	119	2	168.000
8565	8166	2	118	2	168.000
8566	8165	2	117	2	168.000
8567	8164	2	116	2	168.000
8568	8179	2	131	2	168.000
8569	8178	2	130	2	168.000
8570	8177	2	129	2	168.000
8571	8176	2	128	2	168.000
8572	8175	2	127	2	168.000
8573	8174	2	126	2	168.000
8574	8173	2	125	2	168.000
8575	8172	2	124	2	168.000
8576	8863	2	815	2	168.000
8577	8862	2	814	2	168.000
8578	8861	2	813	2	168.000
8579	8860	2	812	2	168.000
8580	8859	2	811	2	168.000
8581	8858	2	810	2	168.000
8582	8857	2	809	2	168.000
8583	8856	2	808	2	168.000
8584	8871	2	823	2	168.000
8585	8870	2	822	2	168.000
8586	8869	2	821	2	168.000
8587	8868	2	820	2	168.000
8588	8867	2	819	2	168.000
8589	8866	2	818	2	168.000
8590	8865	2	817	2	168.000
8591	8864	2	816	2	168.000
8592	8879	2	831	2	168.000
8593	8878	2	830	2	168.000
8594	8877	2	829	2	168.000
8595	8876	2	828	2	168.000
8596	8875	2	827	2	168.000
8597	8874	2	826	2	168.000
8598	8873	2	825	2	168.000
8599	8872	2	824	2	168.000
8600	8887	2	839	2	168.000
8601	8886	2	838	2	168.000
8602	8885	2	837	2	168.000
8603	8884	2	836	2	168.000
8604	8883	2	835	2	168.000
8605	8882	2	834	2	168.000
8606	8881	2	833	2	168.000
8607	8880	2	832	2	168.000
8608	8831	2	783	2	168.000
8609	8830	2	782	2	168.000
8610	8829	2	781	2	168.000
8611	8828	2	780	2	168.000
8612	8827	2	779	2	168.000
8613	8826	2	778	2	168.000
8614	8825	2	777	2	168.000
8615	8824	2	776	2	168.000
8616	8839	2	791	2	168.000
8617	8838	2	790	2	168.000
8618	8837	2	789	2	168.000
8619	8836	2	788	2	168.000
8620	8835	2	787	2	168.000
8621	8834	2	786	2	168.000
8622	8833	2	785	2	168.000
8623	8832	2	784	2	168.000
8624	8847	2	799	2	168.000
8625	8846	2	798	2	168.000
8626	8845	2	797	2	168.000
8627	8844	2	796	2	168.000
8628	8843	2	795	2	168.000
8629	8842	2	794	2	168.000
8630	8841	2	793	2	168.000
8631	8840	2	792	2	168.000
8632	8855	2	807	2	168.000
8633	8854	2	806	2	168.000
8634	8853	2	805	2	168.000
8635	8852	2	804	2	168.000
8636	8851	2	803	2	168.000
8637	8850	2	802	2	168.000
8638	8849	2	801	2	168.000
8639	8848	2	800	2	168.000
8640	7037	0	893	2	105.045
8641	7893	1	797	2	171.993
8642	7036	0	892	2	106.812
8643	7892	1	796	2	171.993
8644	7035	0	891	2	108.578
8645	7891	1	795	2	171.993
8646	7034	0	890	2	110.345
8647	7890	1	794	2	171.993
8648	7041	0	897	2	97.978
8649	7897	1	801	2	171.993
8650	7040	0	896	2	99.745
8651	7896	1	800	2	171.993
8652	7039	0	895	2	101.512
8653	7895	1	799	2	171.993
8654	7038	0	894	2	103.278
8655	7894	1	798	2	171.993
8656	7045	0	901	2	90.911
8657	7901	1	805	2	171.993
8658	7044	0	900	2	92.678
8659	7900	1	804	2	171.993
8660	7043	0	899	2	94.445
8661	7899	1	803	2	171.993
8662	7042	0	898	2	96.212
8663	7898	1	802	2	171.993
8664	7049	0	905	2	83.845
8665	7905	1	809	2	171.993
8666	7048	0	904	2	85.611
8667	7904	1	808	2	171.993
8668	7047	0	903	2	87.378
8669	7903	1	807	2	171.993
8670	7046	0	902	2	89.145
8671	7902	1	806	2	171.993
8672	7861	1	765	2	171.993
8673	7005	0	861	2	161.579
8674	7860	1	764	2	171.993
8675	7004	0	860	2	163.346
8676	7859	1	763	2	171.993
8677	7003	0	859	2	165.113
8678	7858	1	762	2	171.993
8679	7002	0	858	2	166.879
8680	7865	1	769	2	171.993
8681	7009	0	865	2	154.512
8682	7864	1	768	2	171.993
8683	7008	0	864	2	156.279
8684	7863	1	767	2	171.993
8685	7007	0	863	2	158.046
8686	7862	1	766	2	171.993
8687	7006	0	862	2	159.812
8688	7869	1	773	2	171.993
8689	7013	0	869	2	147.446
8690	7868	1	772	2	171.993
8691	7012	0	868	2	149.212
8692	7867	1	771	2	171.993
8693	7011	0	867	2	150.979
8694	7866	1	770	2	171.993
8695	7010	0	866	2	152.746
8696	7873	1	777	2	171.993
8697	7017	0	873	2	140.379
8698	7872	1	776	2	171.993
8699	7016	0	872	2	142.146
8700	7871	1	775	2	171.993
8701	7015	0	871	2	143.912
8702	7870	1	774	2	171.993
8703	7014	0	870	2	145.679
8704	7053	0	909	2	76.778
8705	7909	1	813	2	171.993
8706	7052	0	908	2	78.545
8707	7908	1	812	2	171.993
8708	7051	0	907	2	80.311
8709	7907	1	811	2	171.993
8710	7050	0	906	2	82.078
8711	7906	1	810	2	171.993
8712	7057	0	913	2	69.711
8713	7913	1	817	2	171.993
8714	7056	0	912	2	71.478
8715	7912	1	816	2	171.993
8716	7055	0	911	2	73.245
8717	7911	1	815	2	171.993
8718	7054	0	910	2	75.011
8719	7910	1	814	2	171.993
8720	7061	0	917	2	62.644
8721	7917	1	821	2	171.993
8722	7060	0	916	2	64.411
8723	7916	1	820	2	171.993
8724	7059	0	915	2	66.178
8725	7915	1	819	2	171.993
8726	7058	0	914	2	67.944
8727	7914	1	818	2	171.993
8728	7065	0	921	2	55.578
8729	7921	1	825	2	171.993
8730	7064	0	920	2	57.344
8731	7920	1	824	2	171.993
8732	7063	0	919	2	59.111
8733	7919	1	823	2	171.993
8734	7062	0	918	2	60.878
8735	7918	1	822	2	171.993
8736	7877	1	781	2	171.993
8737	7021	0	877	2	133.312
8738	7876	1	780	2	171.993
8739	7020	0	876	2	135.079
8740	7875	1	779	2	171.993
8741	7019	0	875	2	136.845
8742	7874	1	778	2	171.993
8743	7018	0	874	2	138.612
8744	7881	1	785	2	171.993
8745	7025	0	881	2	126.245
8746	7880	1	784	2	171.993
8747	7024	0	880	2	128.012
8748	7879	1	783	2	171.993
8749	7023	0	879	2	129.779
8750	7878	1	782	2	171.993
8751	7022	0	878	2	131.545
8752	7885	1	789	2	171.993
8753	7029	0	885	2	119.179
8754	7884	1	788	2	171.993
8755	7028	0	884	2	120.945
8756	7883	1	787	2	171.993
8757	7027	0	883	2	122.712
8758	7882	1	786	2	171.993
8759	7026	0	882	2	124.479
8760	7889	1	793	2	171.993
8761	7033	0	889	2	112.112
8762	7888	1	792	2	171.993
8763	7032	0	888	2	113.878
8764	7887	1	791	2	171.993
8765	7031	0	887	2	115.645
8766	7886	1	790	2	171.993
8767	7030	0	886	2	117.412
8768	7085	0	941	2	20.244
8769	7941	1	845	2	171.993
8770	7084	0	940	2	22.011
8771	7940	1	844	2	171.993
8772	7083	0	939	2	23.777
8773	7939	1	843	2	171.993
8774	7082	0	938	2	25.544
8775	7938	1	842	2	171.993
8776	7089	0	945	2	13.177
8777	7945	1	849	2	171.993
8778	7088	0	944	2	14.944
8779	7944	1	848	2	171.993
8780	7087	0	943	2	16.710
8781	7943	1	847	2	171.993
8782	7086	0	942	2	18.477
8783	7942	1	846	2	171.993
8784	7093	0	949	2	6.110
8785	7949	1	853	2	171.993
8786	7092	0	948	2	7.877
8787	7948	1	852	2	171.993
8788	7091	0	947	2	9.644
8789	7947	1	851	2	171.993
8790	7090	0	946	2	11.410
8791	7946	1	850	2	171.993
8792	9212	2	1164	2	168.000
8793	9213	2	1165	2	168.000
8794	9214	2	1166	2	168.000
8795	9215	2	1167	2	168.000
8796	7095	0	951	2	2.577
8797	7951	1	855	2	171.325
8798	7094	0	950	2	4.344
8799	7950	1	854	2	171.993
8800	7069	0	925	2	48.511
8801	7925	1	829	2	171.993
8802	7068	0	924	2	50.278
8803	7924	1	828	2	171.993
8804	7067	0	923	2	52.044
8805	7923	1	827	2	171.993
8806	7066	0	922	2	53.811
8807	7922	1	826	2	171.993
8808	7073	0	929	2	41.444
8809	7929	1	833	2	171.993
8810	7072	0	928	2	43.211
8811	7928	1	832	2	171.993
8812	7071	0	927	2	44.978
8813	7927	1	831	2	171.993
8814	7070	0	926	2	46.744
8815	7926	1	830	2	171.993
8816	7077	0	933	2	34.377
8817	7933	1	837	2	171.993
8818	7076	0	932	2	36.144
8819	7932	1	836	2	171.993
8820	7075	0	931	2	37.911
8821	7931	1	835	2	171.993
8822	7074	0	930	2	39.677
8823	7930	1	834	2	171.993
8824	7081	0	937	2	27.311
8825	7937	1	841	2	171.993
8826	7080	0	936	2	29.077
8827	7936	1	840	2	171.993
8828	7079	0	935	2	30.844
8829	7935	1	839	2	171.993
8830	7078	0	934	2	32.611
8831	7934	1	838	2	171.993
8832	9172	2	1124	2	168.000
8833	9173	2	1125	2	168.000
8834	9174	2	1126	2	168.000
8835	9175	2	1127	2	168.000
8836	9176	2	1128	2	168.000
8837	9177	2	1129	2	168.000
8838	9178	2	1130	2	168.000
8839	9179	2	1131	2	168.000
8840	9164	2	1116	2	168.000
8841	9165	2	1117	2	168.000
8842	9166	2	1118	2	168.000
8843	9167	2	1119	2	168.000
8844	9168	2	1120	2	168.000
8845	9169	2	1121	2	168.000
8846	9170	2	1122	2	168.000
8847	9171	2	1123	2	168.000
8848	9156	2	1108	2	168.000
8849	9157	2	1109	2	168.000
8850	9158	2	1110	2	168.000
8851	9159	2	1111	2	168.000
8852	9160	2	1112	2	168.000
8853	9161	2	1113	2	168.000
8854	9162	2	1114	2	168.000
8855	9163	2	1115	2	168.000
8856	9148	2	1100	2	168.000
8857	9149	2	1101	2	168.000
8858	9150	2	1102	2	168.000
8859	9151	2	1103	2	168.000
8860	9152	2	1104	2	168.000
8861	9153	2	1105	2	168.000
8862	9154	2	1106	2	168.000
8863	9155	2	1107	2	168.000
8864	9204	2	1156	2	168.000
8865	9205	2	1157	2	168.000
8866	9206	2	1158	2	168.000
8867	9207	2	1159	2	168.000
8868	9208	2	1160	2	168.000
8869	9209	2	1161	2	168.000
8870	9210	2	1162	2	168.000
8871	9211	2	1163	2	168.000
8872	9196	2	1148	2	168.000
8873	9197	2	1149	2	168.000
8874	9198	2	1150	2	168.000
8875	9199	2	1151	2	168.000
8876	9200	2	1152	2	168.000
8877	9201	2	1153	2	168.000
8878	9202	2	1154	2	168.000
8879	9203	2	1155	2	168.000
8880	9188	2	1140	2	168.000
8881	9189	2	1141	2	168.000
8882	9190	2	1142	2	168.000
8883	9191	2	1143	2	168.000
8884	9192	2	1144	2	168.000
8885	9193	2	1145	2	168.000
8886	9194	2	1146	2	168.000
8887	9195	2	1147	2	168.000
8888	9180	2	1132	2	168.000
8889	9181	2	1133	2	168.000
8890	9182	2	1134	2	168.000
8891	9183	2	1135	2	168.000
8892	9184	2	1136	2	168.000
8893	9185	2	1137	2	168.000
8894	9186	2	1138	2	168.000
8895	9187	2	1139	2	168.000
8896	9140	2	1092	2	168.000
8897	9141	2	1093	2	168.000
8898	9142	2	1094	2	168.000
8899	9143	2	1095	2	168.000
8900	9144	2	1096	2	168.000
8901	9145	2	1097	2	168.000
8902	9146	2	1098	2	168.000
8903	9147	2	1099	2	168.000
8904	9132	2	1084	2	168.000
8905	9133	2	1085	2	168.000
8906	9134	2	1086	2	168.000
8907	9135	2	1087	2	168.000
8908	9136	2	1088	2	168.000
8909	9137	2	1089	2	168.000
8910	9138	2	1090	2	168.000
8911	9139	2	1091	2	168.000
8912	9124	2	1076	2	168.000
8913	9125	2	1077	2	168.000
8914	9126	2	1078	2	168.000
8915	9127	2	1079	2	168.000
8916	9128	2	1080	2	168.000
8917	9129	2	1081	2	168.000
8918	9130	2	1082	2	168.000
8919	9131	2	1083	2	168.000
8920	9116	2	1068	2	168.000
8921	9117	2	1069	2	168.000
8922	9118	2	1070	2	168.000
8923	9119	2	1071	2	168.000
8924	9120	2	1072	2	168.000
8925	9121	2	1073	2	168.000
8926	9122	2	1074	2	168.000
8927	9123	2	1075	2	168.000
8928	7959	1	863	2	157.191
8929	7958	1	862	2	158.958
8930	7957	1	861	2	160.725
8931	7956	1	860	2	162.491
8932	7955	1	859	2	164.258
8933	7954	1	858	2	166.025
8934	7953	1	857	2	167.791
8935	7952	1	856	2	169.558
8936	7967	1	871	2	143.058
8937	7966	1	870	2	144.824
8938	7965	1	869	2	146.591
8939	7964	1	868	2	148.358
8940	7963	1	867	2	150.125
8941	7962	1	866	2	151.891
8942	7961	1	865	2	153.658
8943	7960	1	864	2	155.425
8944	7975	1	879	2	128.924
8945	7974	1	878	2	130.691
8946	7973	1	877	2	132.458
8947	7972	1	876	2	134.224
8948	7971	1	875	2	135.991
8949	7970	1	874	2	137.758
8950	7969	1	873	2	139.524
8951	7968	1	872	2	141.291
8952	7983	1	887	2	114.791
8953	7982	1	886	2	116.557
8954	7981	1	885	2	118.324
8955	7980	1	884	2	120.091
8956	7979	1	883	2	121.857
8957	7978	1	882	2	123.624
8958	7977	1	881	2	125.391
8959	7976	1	880	2	127.158
8960	9044	2	996	2	168.000
8961	9045	2	997	2	168.000
8962	9046	2	998	2	168.000
8963	9047	2	999	2	168.000
8964	9048	2	1000	2	168.000
8965	9049	2	1001	2	168.000
8966	9050	2	1002	2	168.000
8967	9051	2	1003	2	168.000
8968	9036	2	988	2	168.000
8969	9037	2	989	2	168.000
8970	9038	2	990	2	168.000
8971	9039	2	991	2	168.000
8972	9040	2	992	2	168.000
8973	9041	2	993	2	168.000
8974	9042	2	994	2	168.000
8975	9043	2	995	2	168.000
8976	9028	2	980	2	168.000
8977	9029	2	981	2	168.000
8978	9030	2	982	2	168.000
8979	9031	2	983	2	168.000
8980	9032	2	984	2	168.000
8981	9033	2	985	2	168.000
8982	9034	2	986	2	168.000
8983	9035	2	987	2	168.000
8984	9020	2	972	2	168.000
8985	9021	2	973	2	168.000
8986	9022	2	974	2	168.000
8987	9023	2	975	2	168.000
8988	9024	2	976	2	168.000
8989	9025	2	977	2	168.000
8990	9026	2	978	2	168.000
8991	9027	2	979	2	168.000
8992	7991	1	895	2	100.657
8993	7990	1	894	2	102.424
8994	7989	1	893	2	104.191
8995	7988	1	892	2	105.957
8996	7987	1	891	2	107.724
8997	7986	1	890	2	109.491
8998	7985	1	889	2	111.257
8999	7984	1	888	2	113.024
9000	7999	1	903	2	86.524
9001	7998	1	902	2	88.290
9002	7997	1	901	2	90.057
9003	7996	1	900	2	91.824
9004	7995	1	899	2	93.590
9005	7994	1	898	2	95.357
9006	7993	1	897	2	97.124
9007	7992	1	896	2	98.890
9008	8007	1	911	2	72.390
9009	8006	1	910	2	74.157
9010	8005	1	909	2	75.923
9011	8004	1	908	2	77.690
9012	8003	1	907	2	79.457
9013	8002	1	906	2	81.224
9014	8001	1	905	2	82.990
9015	8000	1	904	2	84.757
9016	8015	1	919	2	58.257
9017	8014	1	918	2	60.023
9018	8013	1	917	2	61.790
9019	8012	1	916	2	63.557
9020	8011	1	915	2	65.323
9021	8010	1	914	2	67.090
9022	8009	1	913	2	68.857
9023	8008	1	912	2	70.623
9024	8948	2	900	2	168.000
9025	8949	2	901	2	168.000
9026	8950	2	902	2	168.000
9027	8951	2	903	2	168.000
9028	8952	2	904	2	168.000
9029	8953	2	905	2	168.000
9030	8954	2	906	2	168.000
9031	8955	2	907	2	168.000
9032	8940	2	892	2	168.000
9033	8941	2	893	2	168.000
9034	8942	2	894	2	168.000
9035	8943	2	895	2	168.000
9036	8944	2	896	2	168.000
9037	8945	2	897	2	168.000
9038	8946	2	898	2	168.000
9039	8947	2	899	2	168.000
9040	8932	2	884	2	168.000
9041	8933	2	885	2	168.000
9042	8934	2	886	2	168.000
9043	8935	2	887	2	168.000
9044	8936	2	888	2	168.000
9045	8937	2	889	2	168.000
9046	8938	2	890	2	168.000
9047	8939	2	891	2	168.000
9048	8924	2	876	2	168.000
9049	8925	2	877	2	168.000
9050	8926	2	878	2	168.000
9051	8927	2	879	2	168.000
9052	8928	2	880	2	168.000
9053	8929	2	881	2	168.000
9054	8930	2	882	2	168.000
9055	8931	2	883	2	168.000
9056	8023	1	927	2	44.123
9057	8022	1	926	2	45.890
9058	8021	1	925	2	47.656
9059	8020	1	924	2	49.423
9060	8019	1	923	2	51.190
9061	8018	1	922	2	52.956
9062	8017	1	921	2	54.723
9063	8016	1	920	2	56.490
9064	8031	1	935	2	29.989
9065	8030	1	934	2	31.756
9066	8029	1	933	2	33.523
9067	8028	1	932	2	35.290
9068	8027	1	931	2	37.056
9069	8026	1	930	2	38.823
9070	8025	1	929	2	40.590
9071	8024	1	928	2	42.356
9072	8039	1	943	2	15.856
9073	8038	1	942	2	17.623
9074	8037	1	941	2	19.389
9075	8036	1	940	2	21.156
9076	8035	1	939	2	22.923
9077	8034	1	938	2	24.689
9078	8033	1	937	2	26.456
9079	8032	1	936	2	28.223
9080	8047	1	951	2	1.722
9081	8046	1	950	2	3.489
9082	8045	1	949	2	5.256
9083	8044	1	948	2	7.022
9084	8043	1	947	2	8.789
9085	8042	1	946	2	10.556
9086	8041	1	945	2	12.323
9087	8040	1	944	2	14.089
9088	8980	2	932	2	168.000
9089	8981	2	933	2	168.000
9090	8982	2	934	2	168.000
9091	8983	2	935	2	168.000
9092	8984	2	936	2	168.000
9093	8985	2	937	2	168.000
9094	8986	2	938	2	168.000
9095	8987	2	939	2	168.000
9096	8972	2	924	2	168.000
9097	8973	2	925	2	168.000
9098	8974	2	926	2	168.000
9099	8975	2	927	2	168.000
9100	8976	2	928	2	168.000
9101	8977	2	929	2	168.000
9102	8978	2	930	2	168.000
9103	8979	2	931	2	168.000
9104	8964	2	916	2	168.000
9105	8965	2	917	2	168.000
9106	8966	2	918	2	168.000
9107	8967	2	919	2	168.000
9108	8968	2	920	2	168.000
9109	8969	2	921	2	168.000
9110	8970	2	922	2	168.000
9111	8971	2	923	2	168.000
9112	8956	2	908	2	168.000
9113	8957	2	909	2	168.000
9114	8958	2	910	2	168.000
9115	8959	2	911	2	168.000
9116	8960	2	912	2	168.000
9117	8961	2	913	2	168.000
9118	8962	2	914	2	168.000
9119	8963	2	915	2	168.000
9120	9012	2	964	2	168.000
9121	9013	2	965	2	168.000
9122	9014	2	966	2	168.000
9123	9015	2	967	2	168.000
9124	9016	2	968	2	168.000
9125	9017	2	969	2	168.000
9126	9018	2	970	2	168.000
9127	9019	2	971	2	168.000
9128	9004	2	956	2	168.000
9129	9005	2	957	2	168.000
9130	9006	2	958	2	168.000
9131	9007	2	959	2	168.000
9132	9008	2	960	2	168.000
9133	9009	2	961	2	168.000
9134	9010	2	962	2	168.000
9135	9011	2	963	2	168.000
9136	8996	2	948	2	168.000
9137	8997	2	949	2	168.000
9138	8998	2	950	2	168.000
9139	8999	2	951	2	168.000
9140	9000	2	952	2	168.000
9141	9001	2	953	2	168.000
9142	9002	2	954	2	168.000
9143	9003	2	955	2	168.000
9144	8988	2	940	2	168.000
9145	8989	2	941	2	168.000
9146	8990	2	942	2	168.000
9147	8991	2	943	2	168.000
9148	8992	2	944	2	168.000
9149	8993	2	945	2	168.000
9150	8994	2	946	2	168.000
9151	8995	2	947	2	168.000
9152	9076	2	1028	2	168.000
9153	9077	2	1029	2	168.000
9154	9078	2	1030	2	168.000
9155	9079	2	1031	2	168.000
9156	9080	2	1032	2	168.000
9157	9081	2	1033	2	168.000
9158	9082	2	1034	2	168.000
9159	9083	2	1035	2	168.000
9160	9068	2	1020	2	168.000
9161	9069	2	1021	2	168.000
9162	9070	2	1022	2	168.000
9163	9071	2	1023	2	168.000
9164	9072	2	1024	2	168.000
9165	9073	2	1025	2	168.000
9166	9074	2	1026	2	168.000
9167	9075	2	1027	2	168.000
9168	9060	2	1012	2	168.000
9169	9061	2	1013	2	168.000
9170	9062	2	1014	2	168.000
9171	9063	2	1015	2	168.000
9172	9064	2	1016	2	168.000
9173	9065	2	1017	2	168.000
9174	9066	2	1018	2	168.000
9175	9067	2	1019	2	168.000
9176	9052	2	1004	2	168.000
9177	9053	2	1005	2	168.000
9178	9054	2	1006	2	168.000
9179	9055	2	1007	2	168.000
9180	9056	2	1008	2	168.000
9181	9057	2	1009	2	168.000
9182	9058	2	1010	2	168.000
9183	9059	2	1011	2	168.000
9184	9108	2	1060	2	168.000
9185	9109	2	1061	2	168.000
9186	9110	2	1062	2	168.000
9187	9111	2	1063	2	168.000
9188	9112	2	1064	2	168.000
9189	9113	2	1065	2	168.000
9190	9114	2	1066	2	168.000
9191	9115	2	1067	2	168.000
9192	9100	2	1052	2	168.000
9193	9101	2	1053	2	168.000
9194	9102	2	1054	2	168.000
9195	9103	2	1055	2	168.000
9196	9104	2	1056	2	168.000
9197	9105	2	1057	2	168.000
9198	9106	2	1058	2	168.000
9199	9107	2	1059	2	168.000
9200	9092	2	1044	2	168.000
9201	9093	2	1045	2	168.000
9202	9094	2	1046	2	168.000
9203	9095	2	1047	2	168.000
9204	9096	2	1048	2	168.000
9205	9097	2	1049	2	168.000
9206	9098	2	1050	2	168.000
9207	9099	2	1051	2	168.000
9208	9084	2	1036	2	168.000
9209	9085	2	1037	2	168.000
9210	9086	2	1038	2	168.000
9211	9087	2	1039	2	168.000
9212	9088	2	1040	2	168.000
9213	9089	2	1041	2	168.000
9214	9090	2	1042	2	168.000
9215	9091	2	1043	2	168.000
9216	9546	0	330	3	171.993
9217	10594	1	426	3	89.145
9218	9547	0	331	3	171.993
9219	10595	1	427	3	87.378
9220	9548	0	332	3	171.993
9221	10596	1	428	3	85.611
9222	9549	0	333	3	171.993
9223	10597	1	429	3	83.845
9224	9542	0	326	3	171.993
9225	10590	1	422	3	96.212
9226	9543	0	327	3	171.993
9227	10591	1	423	3	94.445
9228	9544	0	328	3	171.993
9229	10592	1	424	3	92.678
9230	9545	0	329	3	171.993
9231	10593	1	425	3	90.911
9232	9538	0	322	3	171.993
9233	10586	1	418	3	103.278
9234	9539	0	323	3	171.993
9235	10587	1	419	3	101.512
9236	9540	0	324	3	171.993
9237	10588	1	420	3	99.745
9238	9541	0	325	3	171.993
9239	10589	1	421	3	97.978
9240	9534	0	318	3	171.993
9241	10582	1	414	3	110.345
9242	9535	0	319	3	171.993
9243	10583	1	415	3	108.578
9244	9536	0	320	3	171.993
9245	10584	1	416	3	106.812
9246	9537	0	321	3	171.993
9247	10585	1	417	3	105.045
9248	9562	0	346	3	171.993
9249	10610	1	442	3	60.878
9250	9563	0	347	3	171.993
9251	10611	1	443	3	59.111
9252	9564	0	348	3	171.993
9253	10612	1	444	3	57.344
9254	9565	0	349	3	171.993
9255	10613	1	445	3	55.578
9256	9558	0	342	3	171.993
9257	10606	1	438	3	67.944
9258	9559	0	343	3	171.993
9259	10607	1	439	3	66.178
9260	9560	0	344	3	171.993
9261	10608	1	440	3	64.411
9262	9561	0	345	3	171.993
9263	10609	1	441	3	62.644
9264	9554	0	338	3	171.993
9265	10602	1	434	3	75.011
9266	9555	0	339	3	171.993
9267	10603	1	435	3	73.245
9268	9556	0	340	3	171.993
9269	10604	1	436	3	71.478
9270	9557	0	341	3	171.993
9271	10605	1	437	3	69.711
9272	9550	0	334	3	171.993
9273	10598	1	430	3	82.078
9274	9551	0	335	3	171.993
9275	10599	1	431	3	80.311
9276	9552	0	336	3	171.993
9277	10600	1	432	3	78.545
9278	9553	0	337	3	171.993
9279	10601	1	433	3	76.778
9280	9578	0	362	3	171.993
9281	10626	1	458	3	32.611
9282	9579	0	363	3	171.993
9283	10627	1	459	3	30.844
9284	9580	0	364	3	171.993
9285	10628	1	460	3	29.077
9286	9581	0	365	3	171.993
9287	10629	1	461	3	27.311
9288	9574	0	358	3	171.993
9289	10622	1	454	3	39.677
9290	9575	0	359	3	171.993
9291	10623	1	455	3	37.911
9292	9576	0	360	3	171.993
9293	10624	1	456	3	36.144
9294	9577	0	361	3	171.993
9295	10625	1	457	3	34.377
9296	9570	0	354	3	171.993
9297	10618	1	450	3	46.744
9298	9571	0	355	3	171.993
9299	10619	1	451	3	44.978
9300	9572	0	356	3	171.993
9301	10620	1	452	3	43.211
9302	9573	0	357	3	171.993
9303	10621	1	453	3	41.444
9304	9566	0	350	3	171.993
9305	10614	1	446	3	53.811
9306	9567	0	351	3	171.993
9307	10615	1	447	3	52.044
9308	9568	0	352	3	171.993
9309	10616	1	448	3	50.278
9310	9569	0	353	3	171.993
9311	10617	1	449	3	48.511
9312	9594	0	378	3	171.993
9313	10642	1	474	3	4.344
9314	9595	0	379	3	171.320
9315	10643	1	475	3	2.577
9316	11412	2	292	3	168.000
9317	11413	2	293	3	168.000
9318	11414	2	294	3	168.000
9319	11415	2	295	3	168.000
9320	9590	0	374	3	171.993
9321	10638	1	470	3	11.410
9322	9591	0	375	3	171.993
9323	10639	1	471	3	9.644
9324	9592	0	376	3	171.993
9325	10640	1	472	3	7.877
9326	9593	0	377	3	171.993
9327	10641	1	473	3	6.110
9328	9586	0	370	3	171.993
9329	10634	1	466	3	18.477
9330	9587	0	371	3	171.993
9331	10635	1	467	3	16.710
9332	9588	0	372	3	171.993
9333	10636	1	468	3	14.944
9334	9589	0	373	3	171.993
9335	10637	1	469	3	13.177
9336	9582	0	366	3	171.993
9337	10630	1	462	3	25.544
9338	9583	0	367	3	171.993
9339	10631	1	463	3	23.777
9340	9584	0	368	3	171.993
9341	10632	1	464	3	22.011
9342	9585	0	369	3	171.993
9343	10633	1	465	3	20.244
9344	11440	2	320	3	168.000
9345	11441	2	321	3	168.000
9346	11442	2	322	3	168.000
9347	11443	2	323	3	168.000
9348	11444	2	324	3	168.000
9349	11445	2	325	3	168.000
9350	11446	2	326	3	168.000
9351	11447	2	327	3	168.000
9352	11432	2	312	3	168.000
9353	11433	2	313	3	168.000
9354	11434	2	314	3	168.000
9355	11435	2	315	3	168.000
9356	11436	2	316	3	168.000
9357	11437	2	317	3	168.000
9358	11438	2	318	3	168.000
9359	11439	2	319	3	168.000
9360	11424	2	304	3	168.000
9361	11425	2	305	3	168.000
9362	11426	2	306	3	168.000
9363	11427	2	307	3	168.000
9364	11428	2	308	3	168.000
9365	11429	2	309	3	168.000
9366	11430	2	310	3	168.000
9367	11431	2	311	3	168.000
9368	11416	2	296	3	168.000
9369	11417	2	297	3	168.000
9370	11418	2	298	3	168.000
9371	11419	2	299	3	168.000
9372	11420	2	300	3	168.000
9373	11421	2	301	3	168.000
9374	11422	2	302	3	168.000
9375	11423	2	303	3	168.000
9376	9620	0	404	3	127.152
9377	9621	0	405	3	125.386
9378	9622	0	406	3	123.619
9379	9623	0	407	3	121.852
9380	9624	0	408	3	120.086
9381	9625	0	409	3	118.319
9382	9626	0	410	3	116.552
9383	9627	0	411	3	114.786
9384	9612	0	396	3	141.286
9385	9613	0	397	3	139.519
9386	9614	0	398	3	137.753
9387	9615	0	399	3	135.986
9388	9616	0	400	3	134.219
9389	9617	0	401	3	132.453
9390	9618	0	402	3	130.686
9391	9619	0	403	3	128.919
9392	9604	0	388	3	155.420
9393	9605	0	389	3	153.653
9394	9606	0	390	3	151.886
9395	9607	0	391	3	150.119
9396	9608	0	392	3	148.353
9397	9609	0	393	3	146.586
9398	9610	0	394	3	144.819
9399	9611	0	395	3	143.053
9400	9596	0	380	3	169.553
9401	9597	0	381	3	167.786
9402	9598	0	382	3	166.020
9403	9599	0	383	3	164.253
9404	9600	0	384	3	162.486
9405	9601	0	385	3	160.720
9406	9602	0	386	3	158.953
9407	9603	0	387	3	157.186
9408	11536	2	416	3	168.000
9409	11537	2	417	3	168.000
9410	11538	2	418	3	168.000
9411	11539	2	419	3	168.000
9412	11540	2	420	3	168.000
9413	11541	2	421	3	168.000
9414	11542	2	422	3	168.000
9415	11543	2	423	3	168.000
9416	11528	2	408	3	168.000
9417	11529	2	409	3	168.000
9418	11530	2	410	3	168.000
9419	11531	2	411	3	168.000
9420	11532	2	412	3	168.000
9421	11533	2	413	3	168.000
9422	11534	2	414	3	168.000
9423	11535	2	415	3	168.000
9424	11520	2	400	3	168.000
9425	11521	2	401	3	168.000
9426	11522	2	402	3	168.000
9427	11523	2	403	3	168.000
9428	11524	2	404	3	168.000
9429	11525	2	405	3	168.000
9430	11526	2	406	3	168.000
9431	11527	2	407	3	168.000
9432	11512	2	392	3	168.000
9433	11513	2	393	3	168.000
9434	11514	2	394	3	168.000
9435	11515	2	395	3	168.000
9436	11516	2	396	3	168.000
9437	11517	2	397	3	168.000
9438	11518	2	398	3	168.000
9439	11519	2	399	3	168.000
9440	9652	0	436	3	70.618
9441	9653	0	437	3	68.852
9442	9654	0	438	3	67.085
9443	9655	0	439	3	65.318
9444	9656	0	440	3	63.552
9445	9657	0	441	3	61.785
9446	9658	0	442	3	60.018
9447	9659	0	443	3	58.252
9448	9644	0	428	3	84.752
9449	9645	0	429	3	82.985
9450	9646	0	430	3	81.219
9451	9647	0	431	3	79.452
9452	9648	0	432	3	77.685
9453	9649	0	433	3	75.918
9454	9650	0	434	3	74.152
9455	9651	0	435	3	72.385
9456	9636	0	420	3	98.885
9457	9637	0	421	3	97.119
9458	9638	0	422	3	95.352
9459	9639	0	423	3	93.585
9460	9640	0	424	3	91.819
9461	9641	0	425	3	90.052
9462	9642	0	426	3	88.285
9463	9643	0	427	3	86.519
9464	9628	0	412	3	113.019
9465	9629	0	413	3	111.252
9466	9630	0	414	3	109.486
9467	9631	0	415	3	107.719
9468	9632	0	416	3	105.952
9469	9633	0	417	3	104.186
9470	9634	0	418	3	102.419
9471	9635	0	419	3	100.652
9472	10125	0	909	3	76.778
9473	10981	1	813	3	171.993
9474	10124	0	908	3	78.545
9475	10980	1	812	3	171.993
9476	10123	0	907	3	80.311
9477	10979	1	811	3	171.993
9478	10122	0	906	3	82.078
9479	10978	1	810	3	171.993
9480	10129	0	913	3	69.711
9481	10985	1	817	3	171.993
9482	10128	0	912	3	71.478
9483	10984	1	816	3	171.993
9484	10127	0	911	3	73.245
9485	10983	1	815	3	171.993
9486	10126	0	910	3	75.011
9487	10982	1	814	3	171.993
9488	10133	0	917	3	62.644
9489	10989	1	821	3	171.993
9490	10132	0	916	3	64.411
9491	10988	1	820	3	171.993
9492	10131	0	915	3	66.178
9493	10987	1	819	3	171.993
9494	10130	0	914	3	67.944
9495	10986	1	818	3	171.993
9496	10137	0	921	3	55.578
9497	10993	1	825	3	171.993
9498	10136	0	920	3	57.344
9499	10992	1	824	3	171.993
9500	10135	0	919	3	59.111
9501	10991	1	823	3	171.993
9502	10134	0	918	3	60.878
9503	10990	1	822	3	171.993
9504	10109	0	893	3	105.045
9505	10965	1	797	3	171.993
9506	10108	0	892	3	106.812
9507	10964	1	796	3	171.993
9508	10107	0	891	3	108.578
9509	10963	1	795	3	171.993
9510	10106	0	890	3	110.345
9511	10962	1	794	3	171.993
9512	10113	0	897	3	97.978
9513	10969	1	801	3	171.993
9514	10112	0	896	3	99.745
9515	10968	1	800	3	171.993
9516	10111	0	895	3	101.512
9517	10967	1	799	3	171.993
9518	10110	0	894	3	103.278
9519	10966	1	798	3	171.993
9520	10117	0	901	3	90.911
9521	10973	1	805	3	171.993
9522	10116	0	900	3	92.678
9523	10972	1	804	3	171.993
9524	10115	0	899	3	94.445
9525	10971	1	803	3	171.993
9526	10114	0	898	3	96.212
9527	10970	1	802	3	171.993
9528	10121	0	905	3	83.845
9529	10977	1	809	3	171.993
9530	10120	0	904	3	85.611
9531	10976	1	808	3	171.993
9532	10119	0	903	3	87.378
9533	10975	1	807	3	171.993
9534	10118	0	902	3	89.145
9535	10974	1	806	3	171.993
9536	10157	0	941	3	20.244
9537	11013	1	845	3	171.993
9538	10156	0	940	3	22.011
9539	11012	1	844	3	171.993
9540	10155	0	939	3	23.777
9541	11011	1	843	3	171.993
9542	10154	0	938	3	25.544
9543	11010	1	842	3	171.993
9544	10161	0	945	3	13.177
9545	11017	1	849	3	171.993
9546	10160	0	944	3	14.944
9547	11016	1	848	3	171.993
9548	10159	0	943	3	16.710
9549	11015	1	847	3	171.993
9550	10158	0	942	3	18.477
9551	11014	1	846	3	171.993
9552	10165	0	949	3	6.110
9553	11021	1	853	3	171.993
9554	10164	0	948	3	7.877
9555	11020	1	852	3	171.993
9556	10163	0	947	3	9.644
9557	11019	1	851	3	171.993
9558	10162	0	946	3	11.410
9559	11018	1	850	3	171.993
9560	12284	2	1164	3	168.000
9561	12285	2	1165	3	168.000
9562	12286	2	1166	3	168.000
9563	12287	2	1167	3	168.000
9564	10167	0	951	3	2.577
9565	11023	1	855	3	171.325
9566	10166	0	950	3	4.344
9567	11022	1	854	3	171.993
9568	10141	0	925	3	48.511
9569	10997	1	829	3	171.993
9570	10140	0	924	3	50.278
9571	10996	1	828	3	171.993
9572	10139	0	923	3	52.044
9573	10995	1	827	3	171.993
9574	10138	0	922	3	53.811
9575	10994	1	826	3	171.993
9576	10145	0	929	3	41.444
9577	11001	1	833	3	171.993
9578	10144	0	928	3	43.211
9579	11000	1	832	3	171.993
9580	10143	0	927	3	44.978
9581	10999	1	831	3	171.993
9582	10142	0	926	3	46.744
9583	10998	1	830	3	171.993
9584	10149	0	933	3	34.377
9585	11005	1	837	3	171.993
9586	10148	0	932	3	36.144
9587	11004	1	836	3	171.993
9588	10147	0	931	3	37.911
9589	11003	1	835	3	171.993
9590	10146	0	930	3	39.677
9591	11002	1	834	3	171.993
9592	10153	0	937	3	27.311
9593	11009	1	841	3	171.993
9594	10152	0	936	3	29.077
9595	11008	1	840	3	171.993
9596	10151	0	935	3	30.844
9597	11007	1	839	3	171.993
9598	10150	0	934	3	32.611
9599	11006	1	838	3	171.993
9600	12212	2	1092	3	168.000
9601	12213	2	1093	3	168.000
9602	12214	2	1094	3	168.000
9603	12215	2	1095	3	168.000
9604	12216	2	1096	3	168.000
9605	12217	2	1097	3	168.000
9606	12218	2	1098	3	168.000
9607	12219	2	1099	3	168.000
9608	12204	2	1084	3	168.000
9609	12205	2	1085	3	168.000
9610	12206	2	1086	3	168.000
9611	12207	2	1087	3	168.000
9612	12208	2	1088	3	168.000
9613	12209	2	1089	3	168.000
9614	12210	2	1090	3	168.000
9615	12211	2	1091	3	168.000
9616	12196	2	1076	3	168.000
9617	12197	2	1077	3	168.000
9618	12198	2	1078	3	168.000
9619	12199	2	1079	3	168.000
9620	12200	2	1080	3	168.000
9621	12201	2	1081	3	168.000
9622	12202	2	1082	3	168.000
9623	12203	2	1083	3	168.000
9624	12188	2	1068	3	168.000
9625	12189	2	1069	3	168.000
9626	12190	2	1070	3	168.000
9627	12191	2	1071	3	168.000
9628	12192	2	1072	3	168.000
9629	12193	2	1073	3	168.000
9630	12194	2	1074	3	168.000
9631	12195	2	1075	3	168.000
9632	11031	1	863	3	157.191
9633	11030	1	862	3	158.958
9634	11029	1	861	3	160.725
9635	11028	1	860	3	162.491
9636	11027	1	859	3	164.258
9637	11026	1	858	3	166.025
9638	11025	1	857	3	167.791
9639	11024	1	856	3	169.558
9640	11039	1	871	3	143.058
9641	11038	1	870	3	144.824
9642	11037	1	869	3	146.591
9643	11036	1	868	3	148.358
9644	11035	1	867	3	150.125
9645	11034	1	866	3	151.891
9646	11033	1	865	3	153.658
9647	11032	1	864	3	155.425
9648	11047	1	879	3	128.924
9649	11046	1	878	3	130.691
9650	11045	1	877	3	132.458
9651	11044	1	876	3	134.224
9652	11043	1	875	3	135.991
9653	11042	1	874	3	137.758
9654	11041	1	873	3	139.524
9655	11040	1	872	3	141.291
9656	11055	1	887	3	114.791
9657	11054	1	886	3	116.557
9658	11053	1	885	3	118.324
9659	11052	1	884	3	120.091
9660	11051	1	883	3	121.857
9661	11050	1	882	3	123.624
9662	11049	1	881	3	125.391
9663	11048	1	880	3	127.158
9664	11472	2	352	3	168.000
9665	11473	2	353	3	168.000
9666	11474	2	354	3	168.000
9667	11475	2	355	3	168.000
9668	11476	2	356	3	168.000
9669	11477	2	357	3	168.000
9670	11478	2	358	3	168.000
9671	11479	2	359	3	168.000
9672	11464	2	344	3	168.000
9673	11465	2	345	3	168.000
9674	11466	2	346	3	168.000
9675	11467	2	347	3	168.000
9676	11468	2	348	3	168.000
9677	11469	2	349	3	168.000
9678	11470	2	350	3	168.000
9679	11471	2	351	3	168.000
9680	11456	2	336	3	168.000
9681	11457	2	337	3	168.000
9682	11458	2	338	3	168.000
9683	11459	2	339	3	168.000
9684	11460	2	340	3	168.000
9685	11461	2	341	3	168.000
9686	11462	2	342	3	168.000
9687	11463	2	343	3	168.000
9688	11448	2	328	3	168.000
9689	11449	2	329	3	168.000
9690	11450	2	330	3	168.000
9691	11451	2	331	3	168.000
9692	11452	2	332	3	168.000
9693	11453	2	333	3	168.000
9694	11454	2	334	3	168.000
9695	11455	2	335	3	168.000
9696	11504	2	384	3	168.000
9697	11505	2	385	3	168.000
9698	11506	2	386	3	168.000
9699	11507	2	387	3	168.000
9700	11508	2	388	3	168.000
9701	11509	2	389	3	168.000
9702	11510	2	390	3	168.000
9703	11511	2	391	3	168.000
9704	11496	2	376	3	168.000
9705	11497	2	377	3	168.000
9706	11498	2	378	3	168.000
9707	11499	2	379	3	168.000
9708	11500	2	380	3	168.000
9709	11501	2	381	3	168.000
9710	11502	2	382	3	168.000
9711	11503	2	383	3	168.000
9712	11488	2	368	3	168.000
9713	11489	2	369	3	168.000
9714	11490	2	370	3	168.000
9715	11491	2	371	3	168.000
9716	11492	2	372	3	168.000
9717	11493	2	373	3	168.000
9718	11494	2	374	3	168.000
9719	11495	2	375	3	168.000
9720	11480	2	360	3	168.000
9721	11481	2	361	3	168.000
9722	11482	2	362	3	168.000
9723	11483	2	363	3	168.000
9724	11484	2	364	3	168.000
9725	11485	2	365	3	168.000
9726	11486	2	366	3	168.000
9727	11487	2	367	3	168.000
9728	12148	2	1028	3	168.000
9729	12149	2	1029	3	168.000
9730	12150	2	1030	3	168.000
9731	12151	2	1031	3	168.000
9732	12152	2	1032	3	168.000
9733	12153	2	1033	3	168.000
9734	12154	2	1034	3	168.000
9735	12155	2	1035	3	168.000
9736	12140	2	1020	3	168.000
9737	12141	2	1021	3	168.000
9738	12142	2	1022	3	168.000
9739	12143	2	1023	3	168.000
9740	12144	2	1024	3	168.000
9741	12145	2	1025	3	168.000
9742	12146	2	1026	3	168.000
9743	12147	2	1027	3	168.000
9744	12132	2	1012	3	168.000
9745	12133	2	1013	3	168.000
9746	12134	2	1014	3	168.000
9747	12135	2	1015	3	168.000
9748	12136	2	1016	3	168.000
9749	12137	2	1017	3	168.000
9750	12138	2	1018	3	168.000
9751	12139	2	1019	3	168.000
9752	12124	2	1004	3	168.000
9753	12125	2	1005	3	168.000
9754	12126	2	1006	3	168.000
9755	12127	2	1007	3	168.000
9756	12128	2	1008	3	168.000
9757	12129	2	1009	3	168.000
9758	12130	2	1010	3	168.000
9759	12131	2	1011	3	168.000
9760	12180	2	1060	3	168.000
9761	12181	2	1061	3	168.000
9762	12182	2	1062	3	168.000
9763	12183	2	1063	3	168.000
9764	12184	2	1064	3	168.000
9765	12185	2	1065	3	168.000
9766	12186	2	1066	3	168.000
9767	12187	2	1067	3	168.000
9768	12172	2	1052	3	168.000
9769	12173	2	1053	3	168.000
9770	12174	2	1054	3	168.000
9771	12175	2	1055	3	168.000
9772	12176	2	1056	3	168.000
9773	12177	2	1057	3	168.000
9774	12178	2	1058	3	168.000
9775	12179	2	1059	3	168.000
9776	12164	2	1044	3	168.000
9777	12165	2	1045	3	168.000
9778	12166	2	1046	3	168.000
9779	12167	2	1047	3	168.000
9780	12168	2	1048	3	168.000
9781	12169	2	1049	3	168.000
9782	12170	2	1050	3	168.000
9783	12171	2	1051	3	168.000
9784	12156	2	1036	3	168.000
9785	12157	2	1037	3	168.000
9786	12158	2	1038	3	168.000
9787	12159	2	1039	3	168.000
9788	12160	2	1040	3	168.000
9789	12161	2	1041	3	168.000
9790	12162	2	1042	3	168.000
9791	12163	2	1043	3	168.000
9792	12244	2	1124	3	168.000
9793	12245	2	1125	3	168.000
9794	12246	2	1126	3	168.000
9795	12247	2	1127	3	168.000
9796	12248	2	1128	3	168.000
9797	12249	2	1129	3	168.000
9798	12250	2	1130	3	168.000
9799	12251	2	1131	3	168.000
9800	12236	2	1116	3	168.000
9801	12237	2	1117	3	168.000
9802	12238	2	1118	3	168.000
9803	12239	2	1119	3	168.000
9804	12240	2	1120	3	168.000
9805	12241	2	1121	3	168.000
9806	12242	2	1122	3	168.000
9807	12243	2	1123	3	168.000
9808	12228	2	1108	3	168.000
9809	12229	2	1109	3	168.000
9810	12230	2	1110	3	168.000
9811	12231	2	1111	3	168.000
9812	12232	2	1112	3	168.000
9813	12233	2	1113	3	168.000
9814	12234	2	1114	3	168.000
9815	12235	2	1115	3	168.000
9816	12220	2	1100	3	168.000
9817	12221	2	1101	3	168.000
9818	12222	2	1102	3	168.000
9819	12223	2	1103	3	168.000
9820	12224	2	1104	3	168.000
9821	12225	2	1105	3	168.000
9822	12226	2	1106	3	168.000
9823	12227	2	1107	3	168.000
9824	12276	2	1156	3	168.000
9825	12277	2	1157	3	168.000
9826	12278	2	1158	3	168.000
9827	12279	2	1159	3	168.000
9828	12280	2	1160	3	168.000
9829	12281	2	1161	3	168.000
9830	12282	2	1162	3	168.000
9831	12283	2	1163	3	168.000
9832	12268	2	1148	3	168.000
9833	12269	2	1149	3	168.000
9834	12270	2	1150	3	168.000
9835	12271	2	1151	3	168.000
9836	12272	2	1152	3	168.000
9837	12273	2	1153	3	168.000
9838	12274	2	1154	3	168.000
9839	12275	2	1155	3	168.000
9840	12260	2	1140	3	168.000
9841	12261	2	1141	3	168.000
9842	12262	2	1142	3	168.000
9843	12263	2	1143	3	168.000
9844	12264	2	1144	3	168.000
9845	12265	2	1145	3	168.000
9846	12266	2	1146	3	168.000
9847	12267	2	1147	3	168.000
9848	12252	2	1132	3	168.000
9849	12253	2	1133	3	168.000
9850	12254	2	1134	3	168.000
9851	12255	2	1135	3	168.000
9852	12256	2	1136	3	168.000
9853	12257	2	1137	3	168.000
9854	12258	2	1138	3	168.000
9855	12259	2	1139	3	168.000
9856	10530	1	362	3	171.993
9857	9482	0	266	3	171.993
9858	10531	1	363	3	171.993
9859	9483	0	267	3	171.993
9860	10532	1	364	3	171.993
9861	9484	0	268	3	171.993
9862	10533	1	365	3	171.993
9863	9485	0	269	3	171.993
9864	10526	1	358	3	171.993
9865	9478	0	262	3	171.993
9866	10527	1	359	3	171.993
9867	9479	0	263	3	171.993
9868	10528	1	360	3	171.993
9869	9480	0	264	3	171.993
9870	10529	1	361	3	171.993
9871	9481	0	265	3	171.993
9872	10522	1	354	3	171.993
9873	9474	0	258	3	171.993
9874	10523	1	355	3	171.993
9875	9475	0	259	3	171.993
9876	10524	1	356	3	171.993
9877	9476	0	260	3	171.993
9878	10525	1	357	3	171.993
9879	9477	0	261	3	171.993
9880	10518	1	350	3	171.993
9881	9470	0	254	3	171.993
9882	10519	1	351	3	171.993
9883	9471	0	255	3	171.993
9884	10520	1	352	3	171.993
9885	9472	0	256	3	171.993
9886	10521	1	353	3	171.993
9887	9473	0	257	3	171.993
9888	10546	1	378	3	171.993
9889	9498	0	282	3	171.993
9890	10547	1	379	3	171.993
9891	9499	0	283	3	171.993
9892	10548	1	380	3	170.413
9893	9500	0	284	3	171.993
9894	10549	1	381	3	168.646
9895	9501	0	285	3	171.993
9896	10542	1	374	3	171.993
9897	9494	0	278	3	171.993
9898	10543	1	375	3	171.993
9899	9495	0	279	3	171.993
9900	10544	1	376	3	171.993
9901	9496	0	280	3	171.993
9902	10545	1	377	3	171.993
9903	9497	0	281	3	171.993
9904	10538	1	370	3	171.993
9905	9490	0	274	3	171.993
9906	10539	1	371	3	171.993
9907	9491	0	275	3	171.993
9908	10540	1	372	3	171.993
9909	9492	0	276	3	171.993
9910	10541	1	373	3	171.993
9911	9493	0	277	3	171.993
9912	10534	1	366	3	171.993
9913	9486	0	270	3	171.993
9914	10535	1	367	3	171.993
9915	9487	0	271	3	171.993
9916	10536	1	368	3	171.993
9917	9488	0	272	3	171.993
9918	10537	1	369	3	171.993
9919	9489	0	273	3	171.993
9920	10562	1	394	3	145.679
9921	9514	0	298	3	171.993
9922	10563	1	395	3	143.912
9923	9515	0	299	3	171.993
9924	10564	1	396	3	142.146
9925	9516	0	300	3	171.993
9926	10565	1	397	3	140.379
9927	9517	0	301	3	171.993
9928	10558	1	390	3	152.746
9929	9510	0	294	3	171.993
9930	10559	1	391	3	150.979
9931	9511	0	295	3	171.993
9932	10560	1	392	3	149.212
9933	9512	0	296	3	171.993
9934	10561	1	393	3	147.446
9935	9513	0	297	3	171.993
9936	10554	1	386	3	159.812
9937	9506	0	290	3	171.993
9938	10555	1	387	3	158.046
9939	9507	0	291	3	171.993
9940	10556	1	388	3	156.279
9941	9508	0	292	3	171.993
9942	10557	1	389	3	154.512
9943	9509	0	293	3	171.993
9944	10550	1	382	3	166.879
9945	9502	0	286	3	171.993
9946	10551	1	383	3	165.113
9947	9503	0	287	3	171.993
9948	10552	1	384	3	163.346
9949	9504	0	288	3	171.993
9950	10553	1	385	3	161.579
9951	9505	0	289	3	171.993
9952	10578	1	410	3	117.412
9953	9530	0	314	3	171.993
9954	10579	1	411	3	115.645
9955	9531	0	315	3	171.993
9956	10580	1	412	3	113.878
9957	9532	0	316	3	171.993
9958	10581	1	413	3	112.112
9959	9533	0	317	3	171.993
9960	10574	1	406	3	124.479
9961	9526	0	310	3	171.993
9962	10575	1	407	3	122.712
9963	9527	0	311	3	171.993
9964	10576	1	408	3	120.945
9965	9528	0	312	3	171.993
9966	10577	1	409	3	119.179
9967	9529	0	313	3	171.993
9968	10570	1	402	3	131.545
9969	9522	0	306	3	171.993
9970	10571	1	403	3	129.779
9971	9523	0	307	3	171.993
9972	10572	1	404	3	128.012
9973	9524	0	308	3	171.993
9974	10573	1	405	3	126.245
9975	9525	0	309	3	171.993
9976	10566	1	398	3	138.612
9977	9518	0	302	3	171.993
9978	10567	1	399	3	136.845
9979	9519	0	303	3	171.993
9980	10568	1	400	3	135.079
9981	9520	0	304	3	171.993
9982	10569	1	401	3	133.312
9983	9521	0	305	3	171.993
9984	11632	2	512	3	168.000
9985	11633	2	513	3	168.000
9986	11634	2	514	3	168.000
9987	11635	2	515	3	168.000
9988	11636	2	516	3	168.000
9989	11637	2	517	3	168.000
9990	11638	2	518	3	168.000
9991	11639	2	519	3	168.000
9992	11624	2	504	3	168.000
9993	11625	2	505	3	168.000
9994	11626	2	506	3	168.000
9995	11627	2	507	3	168.000
9996	11628	2	508	3	168.000
9997	11629	2	509	3	168.000
9998	11630	2	510	3	168.000
9999	11631	2	511	3	168.000
10000	11616	2	496	3	168.000
10001	11617	2	497	3	168.000
10002	11618	2	498	3	168.000
10003	11619	2	499	3	168.000
10004	11620	2	500	3	168.000
10005	11621	2	501	3	168.000
10006	11622	2	502	3	168.000
10007	11623	2	503	3	168.000
10008	11608	2	488	3	168.000
10009	11609	2	489	3	168.000
10010	11610	2	490	3	168.000
10011	11611	2	491	3	168.000
10012	11612	2	492	3	168.000
10013	11613	2	493	3	168.000
10014	11614	2	494	3	168.000
10015	11615	2	495	3	168.000
10016	9684	0	468	3	14.084
10017	9685	0	469	3	12.318
10018	9686	0	470	3	10.551
10019	9687	0	471	3	8.784
10020	9688	0	472	3	7.017
10021	9689	0	473	3	5.251
10022	9690	0	474	3	3.484
10023	9691	0	475	3	1.717
10024	9676	0	460	3	28.218
10025	9677	0	461	3	26.451
10026	9678	0	462	3	24.684
10027	9679	0	463	3	22.918
10028	9680	0	464	3	21.151
10029	9681	0	465	3	19.384
10030	9682	0	466	3	17.618
10031	9683	0	467	3	15.851
10032	9668	0	452	3	42.351
10033	9669	0	453	3	40.585
10034	9670	0	454	3	38.818
10035	9671	0	455	3	37.051
10036	9672	0	456	3	35.285
10037	9673	0	457	3	33.518
10038	9674	0	458	3	31.751
10039	9675	0	459	3	29.984
10040	9660	0	444	3	56.485
10041	9661	0	445	3	54.718
10042	9662	0	446	3	52.951
10043	9663	0	447	3	51.185
10044	9664	0	448	3	49.418
10045	9665	0	449	3	47.651
10046	9666	0	450	3	45.885
10047	9667	0	451	3	44.118
10048	10917	1	749	3	171.993
10049	10061	0	845	3	171.993
10050	10916	1	748	3	171.993
10051	10060	0	844	3	171.993
10052	10915	1	747	3	171.993
10053	10059	0	843	3	171.993
10054	10914	1	746	3	171.993
10055	10058	0	842	3	171.993
10056	10921	1	753	3	171.993
10057	10065	0	849	3	171.993
10058	10920	1	752	3	171.993
10059	10064	0	848	3	171.993
10060	10919	1	751	3	171.993
10061	10063	0	847	3	171.993
10062	10918	1	750	3	171.993
10063	10062	0	846	3	171.993
10064	10925	1	757	3	171.993
10065	10069	0	853	3	171.993
10066	10924	1	756	3	171.993
10067	10068	0	852	3	171.993
10068	10923	1	755	3	171.993
10069	10067	0	851	3	171.993
10070	10922	1	754	3	171.993
10071	10066	0	850	3	171.993
10072	10929	1	761	3	171.993
10073	10073	0	857	3	168.646
10074	10928	1	760	3	171.993
10075	10072	0	856	3	170.413
10076	10927	1	759	3	171.993
10077	10071	0	855	3	171.993
10078	10926	1	758	3	171.993
10079	10070	0	854	3	171.993
10080	10901	1	733	3	171.993
10081	10045	0	829	3	171.993
10082	10900	1	732	3	171.993
10083	10044	0	828	3	171.993
10084	10899	1	731	3	171.993
10085	10043	0	827	3	171.993
10086	10898	1	730	3	171.993
10087	10042	0	826	3	171.993
10088	10905	1	737	3	171.993
10089	10049	0	833	3	171.993
10090	10904	1	736	3	171.993
10091	10048	0	832	3	171.993
10092	10903	1	735	3	171.993
10093	10047	0	831	3	171.993
10094	10902	1	734	3	171.993
10095	10046	0	830	3	171.993
10096	10909	1	741	3	171.993
10097	10053	0	837	3	171.993
10098	10908	1	740	3	171.993
10099	10052	0	836	3	171.993
10100	10907	1	739	3	171.993
10101	10051	0	835	3	171.993
10102	10906	1	738	3	171.993
10103	10050	0	834	3	171.993
10104	10913	1	745	3	171.993
10105	10057	0	841	3	171.993
10106	10912	1	744	3	171.993
10107	10056	0	840	3	171.993
10108	10911	1	743	3	171.993
10109	10055	0	839	3	171.993
10110	10910	1	742	3	171.993
10111	10054	0	838	3	171.993
10112	10949	1	781	3	171.993
10113	10093	0	877	3	133.312
10114	10948	1	780	3	171.993
10115	10092	0	876	3	135.079
10116	10947	1	779	3	171.993
10117	10091	0	875	3	136.845
10118	10946	1	778	3	171.993
10119	10090	0	874	3	138.612
10120	10953	1	785	3	171.993
10121	10097	0	881	3	126.245
10122	10952	1	784	3	171.993
10123	10096	0	880	3	128.012
10124	10951	1	783	3	171.993
10125	10095	0	879	3	129.779
10126	10950	1	782	3	171.993
10127	10094	0	878	3	131.545
10128	10957	1	789	3	171.993
10129	10101	0	885	3	119.179
10130	10956	1	788	3	171.993
10131	10100	0	884	3	120.945
10132	10955	1	787	3	171.993
10133	10099	0	883	3	122.712
10134	10954	1	786	3	171.993
10135	10098	0	882	3	124.479
10136	10961	1	793	3	171.993
10137	10105	0	889	3	112.112
10138	10960	1	792	3	171.993
10139	10104	0	888	3	113.878
10140	10959	1	791	3	171.993
10141	10103	0	887	3	115.645
10142	10958	1	790	3	171.993
10143	10102	0	886	3	117.412
10144	10933	1	765	3	171.993
10145	10077	0	861	3	161.579
10146	10932	1	764	3	171.993
10147	10076	0	860	3	163.346
10148	10931	1	763	3	171.993
10149	10075	0	859	3	165.113
10150	10930	1	762	3	171.993
10151	10074	0	858	3	166.879
10152	10937	1	769	3	171.993
10153	10081	0	865	3	154.512
10154	10936	1	768	3	171.993
10155	10080	0	864	3	156.279
10156	10935	1	767	3	171.993
10157	10079	0	863	3	158.046
10158	10934	1	766	3	171.993
10159	10078	0	862	3	159.812
10160	10941	1	773	3	171.993
10161	10085	0	869	3	147.446
10162	10940	1	772	3	171.993
10163	10084	0	868	3	149.212
10164	10939	1	771	3	171.993
10165	10083	0	867	3	150.979
10166	10938	1	770	3	171.993
10167	10082	0	866	3	152.746
10168	10945	1	777	3	171.993
10169	10089	0	873	3	140.379
10170	10944	1	776	3	171.993
10171	10088	0	872	3	142.146
10172	10943	1	775	3	171.993
10173	10087	0	871	3	143.912
10174	10942	1	774	3	171.993
10175	10086	0	870	3	145.679
10176	12116	2	996	3	168.000
10177	12117	2	997	3	168.000
10178	12118	2	998	3	168.000
10179	12119	2	999	3	168.000
10180	12120	2	1000	3	168.000
10181	12121	2	1001	3	168.000
10182	12122	2	1002	3	168.000
10183	12123	2	1003	3	168.000
10184	12108	2	988	3	168.000
10185	12109	2	989	3	168.000
10186	12110	2	990	3	168.000
10187	12111	2	991	3	168.000
10188	12112	2	992	3	168.000
10189	12113	2	993	3	168.000
10190	12114	2	994	3	168.000
10191	12115	2	995	3	168.000
10192	12100	2	980	3	168.000
10193	12101	2	981	3	168.000
10194	12102	2	982	3	168.000
10195	12103	2	983	3	168.000
10196	12104	2	984	3	168.000
10197	12105	2	985	3	168.000
10198	12106	2	986	3	168.000
10199	12107	2	987	3	168.000
10200	12092	2	972	3	168.000
10201	12093	2	973	3	168.000
10202	12094	2	974	3	168.000
10203	12095	2	975	3	168.000
10204	12096	2	976	3	168.000
10205	12097	2	977	3	168.000
10206	12098	2	978	3	168.000
10207	12099	2	979	3	168.000
10208	11063	1	895	3	100.657
10209	11062	1	894	3	102.424
10210	11061	1	893	3	104.191
10211	11060	1	892	3	105.957
10212	11059	1	891	3	107.724
10213	11058	1	890	3	109.491
10214	11057	1	889	3	111.257
10215	11056	1	888	3	113.024
10216	11071	1	903	3	86.524
10217	11070	1	902	3	88.290
10218	11069	1	901	3	90.057
10219	11068	1	900	3	91.824
10220	11067	1	899	3	93.590
10221	11066	1	898	3	95.357
10222	11065	1	897	3	97.124
10223	11064	1	896	3	98.890
10224	11079	1	911	3	72.390
10225	11078	1	910	3	74.157
10226	11077	1	909	3	75.923
10227	11076	1	908	3	77.690
10228	11075	1	907	3	79.457
10229	11074	1	906	3	81.224
10230	11073	1	905	3	82.990
10231	11072	1	904	3	84.757
10232	11087	1	919	3	58.257
10233	11086	1	918	3	60.023
10234	11085	1	917	3	61.790
10235	11084	1	916	3	63.557
10236	11083	1	915	3	65.323
10237	11082	1	914	3	67.090
10238	11081	1	913	3	68.857
10239	11080	1	912	3	70.623
10240	11095	1	927	3	44.123
10241	11094	1	926	3	45.890
10242	11093	1	925	3	47.656
10243	11092	1	924	3	49.423
10244	11091	1	923	3	51.190
10245	11090	1	922	3	52.956
10246	11089	1	921	3	54.723
10247	11088	1	920	3	56.490
10248	11103	1	935	3	29.989
10249	11102	1	934	3	31.756
10250	11101	1	933	3	33.523
10251	11100	1	932	3	35.290
10252	11099	1	931	3	37.056
10253	11098	1	930	3	38.823
10254	11097	1	929	3	40.590
10255	11096	1	928	3	42.356
10256	11111	1	943	3	15.856
10257	11110	1	942	3	17.623
10258	11109	1	941	3	19.389
10259	11108	1	940	3	21.156
10260	11107	1	939	3	22.923
10261	11106	1	938	3	24.689
10262	11105	1	937	3	26.456
10263	11104	1	936	3	28.223
10264	11119	1	951	3	1.722
10265	11118	1	950	3	3.489
10266	11117	1	949	3	5.256
10267	11116	1	948	3	7.022
10268	11115	1	947	3	8.789
10269	11114	1	946	3	10.556
10270	11113	1	945	3	12.323
10271	11112	1	944	3	14.089
10272	12020	2	900	3	168.000
10273	12021	2	901	3	168.000
10274	12022	2	902	3	168.000
10275	12023	2	903	3	168.000
10276	12024	2	904	3	168.000
10277	12025	2	905	3	168.000
10278	12026	2	906	3	168.000
10279	12027	2	907	3	168.000
10280	12012	2	892	3	168.000
10281	12013	2	893	3	168.000
10282	12014	2	894	3	168.000
10283	12015	2	895	3	168.000
10284	12016	2	896	3	168.000
10285	12017	2	897	3	168.000
10286	12018	2	898	3	168.000
10287	12019	2	899	3	168.000
10288	12004	2	884	3	168.000
10289	12005	2	885	3	168.000
10290	12006	2	886	3	168.000
10291	12007	2	887	3	168.000
10292	12008	2	888	3	168.000
10293	12009	2	889	3	168.000
10294	12010	2	890	3	168.000
10295	12011	2	891	3	168.000
10296	11996	2	876	3	168.000
10297	11997	2	877	3	168.000
10298	11998	2	878	3	168.000
10299	11999	2	879	3	168.000
10300	12000	2	880	3	168.000
10301	12001	2	881	3	168.000
10302	12002	2	882	3	168.000
10303	12003	2	883	3	168.000
10304	11568	2	448	3	168.000
10305	11569	2	449	3	168.000
10306	11570	2	450	3	168.000
10307	11571	2	451	3	168.000
10308	11572	2	452	3	168.000
10309	11573	2	453	3	168.000
10310	11574	2	454	3	168.000
10311	11575	2	455	3	168.000
10312	11560	2	440	3	168.000
10313	11561	2	441	3	168.000
10314	11562	2	442	3	168.000
10315	11563	2	443	3	168.000
10316	11564	2	444	3	168.000
10317	11565	2	445	3	168.000
10318	11566	2	446	3	168.000
10319	11567	2	447	3	168.000
10320	11552	2	432	3	168.000
10321	11553	2	433	3	168.000
10322	11554	2	434	3	168.000
10323	11555	2	435	3	168.000
10324	11556	2	436	3	168.000
10325	11557	2	437	3	168.000
10326	11558	2	438	3	168.000
10327	11559	2	439	3	168.000
10328	11544	2	424	3	168.000
10329	11545	2	425	3	168.000
10330	11546	2	426	3	168.000
10331	11547	2	427	3	168.000
10332	11548	2	428	3	168.000
10333	11549	2	429	3	168.000
10334	11550	2	430	3	168.000
10335	11551	2	431	3	168.000
10336	11600	2	480	3	168.000
10337	11601	2	481	3	168.000
10338	11602	2	482	3	168.000
10339	11603	2	483	3	168.000
10340	11604	2	484	3	168.000
10341	11605	2	485	3	168.000
10342	11606	2	486	3	168.000
10343	11607	2	487	3	168.000
10344	11592	2	472	3	168.000
10345	11593	2	473	3	168.000
10346	11594	2	474	3	168.000
10347	11595	2	475	3	168.000
10348	11596	2	476	3	168.000
10349	11597	2	477	3	168.000
10350	11598	2	478	3	168.000
10351	11599	2	479	3	168.000
10352	11584	2	464	3	168.000
10353	11585	2	465	3	168.000
10354	11586	2	466	3	168.000
10355	11587	2	467	3	168.000
10356	11588	2	468	3	168.000
10357	11589	2	469	3	168.000
10358	11590	2	470	3	168.000
10359	11591	2	471	3	168.000
10360	11576	2	456	3	168.000
10361	11577	2	457	3	168.000
10362	11578	2	458	3	168.000
10363	11579	2	459	3	168.000
10364	11580	2	460	3	168.000
10365	11581	2	461	3	168.000
10366	11582	2	462	3	168.000
10367	11583	2	463	3	168.000
10368	11664	2	544	3	168.000
10369	11665	2	545	3	168.000
10370	11666	2	546	3	168.000
10371	11667	2	547	3	168.000
10372	11668	2	548	3	168.000
10373	11669	2	549	3	168.000
10374	11670	2	550	3	168.000
10375	11671	2	551	3	168.000
10376	11656	2	536	3	168.000
10377	11657	2	537	3	168.000
10378	11658	2	538	3	168.000
10379	11659	2	539	3	168.000
10380	11660	2	540	3	168.000
10381	11661	2	541	3	168.000
10382	11662	2	542	3	168.000
10383	11663	2	543	3	168.000
10384	11648	2	528	3	168.000
10385	11649	2	529	3	168.000
10386	11650	2	530	3	168.000
10387	11651	2	531	3	168.000
10388	11652	2	532	3	168.000
10389	11653	2	533	3	168.000
10390	11654	2	534	3	168.000
10391	11655	2	535	3	168.000
10392	11640	2	520	3	168.000
10393	11641	2	521	3	168.000
10394	11642	2	522	3	168.000
10395	11643	2	523	3	168.000
10396	11644	2	524	3	168.000
10397	11645	2	525	3	168.000
10398	11646	2	526	3	168.000
10399	11647	2	527	3	168.000
10400	11696	2	576	3	168.000
10401	11697	2	577	3	168.000
10402	11698	2	578	3	168.000
10403	11699	2	579	3	168.000
10404	11700	2	580	3	168.000
10405	11701	2	581	3	168.000
10406	11702	2	582	3	168.000
10407	11703	2	583	3	168.000
10408	11688	2	568	3	168.000
10409	11689	2	569	3	168.000
10410	11690	2	570	3	168.000
10411	11691	2	571	3	168.000
10412	11692	2	572	3	168.000
10413	11693	2	573	3	168.000
10414	11694	2	574	3	168.000
10415	11695	2	575	3	168.000
10416	11680	2	560	3	168.000
10417	11681	2	561	3	168.000
10418	11682	2	562	3	168.000
10419	11683	2	563	3	168.000
10420	11684	2	564	3	168.000
10421	11685	2	565	3	168.000
10422	11686	2	566	3	168.000
10423	11687	2	567	3	168.000
10424	11672	2	552	3	168.000
10425	11673	2	553	3	168.000
10426	11674	2	554	3	168.000
10427	11675	2	555	3	168.000
10428	11676	2	556	3	168.000
10429	11677	2	557	3	168.000
10430	11678	2	558	3	168.000
10431	11679	2	559	3	168.000
10432	12052	2	932	3	168.000
10433	12053	2	933	3	168.000
10434	12054	2	934	3	168.000
10435	12055	2	935	3	168.000
10436	12056	2	936	3	168.000
10437	12057	2	937	3	168.000
10438	12058	2	938	3	168.000
10439	12059	2	939	3	168.000
10440	12044	2	924	3	168.000
10441	12045	2	925	3	168.000
10442	12046	2	926	3	168.000
10443	12047	2	927	3	168.000
10444	12048	2	928	3	168.000
10445	12049	2	929	3	168.000
10446	12050	2	930	3	168.000
10447	12051	2	931	3	168.000
10448	12036	2	916	3	168.000
10449	12037	2	917	3	168.000
10450	12038	2	918	3	168.000
10451	12039	2	919	3	168.000
10452	12040	2	920	3	168.000
10453	12041	2	921	3	168.000
10454	12042	2	922	3	168.000
10455	12043	2	923	3	168.000
10456	12028	2	908	3	168.000
10457	12029	2	909	3	168.000
10458	12030	2	910	3	168.000
10459	12031	2	911	3	168.000
10460	12032	2	912	3	168.000
10461	12033	2	913	3	168.000
10462	12034	2	914	3	168.000
10463	12035	2	915	3	168.000
10464	12084	2	964	3	168.000
10465	12085	2	965	3	168.000
10466	12086	2	966	3	168.000
10467	12087	2	967	3	168.000
10468	12088	2	968	3	168.000
10469	12089	2	969	3	168.000
10470	12090	2	970	3	168.000
10471	12091	2	971	3	168.000
10472	12076	2	956	3	168.000
10473	12077	2	957	3	168.000
10474	12078	2	958	3	168.000
10475	12079	2	959	3	168.000
10476	12080	2	960	3	168.000
10477	12081	2	961	3	168.000
10478	12082	2	962	3	168.000
10479	12083	2	963	3	168.000
10480	12068	2	948	3	168.000
10481	12069	2	949	3	168.000
10482	12070	2	950	3	168.000
10483	12071	2	951	3	168.000
10484	12072	2	952	3	168.000
10485	12073	2	953	3	168.000
10486	12074	2	954	3	168.000
10487	12075	2	955	3	168.000
10488	12060	2	940	3	168.000
10489	12061	2	941	3	168.000
10490	12062	2	942	3	168.000
10491	12063	2	943	3	168.000
10492	12064	2	944	3	168.000
10493	12065	2	945	3	168.000
10494	12066	2	946	3	168.000
10495	12067	2	947	3	168.000
10496	10370	1	202	3	171.993
10497	9322	0	106	3	171.993
10498	10371	1	203	3	171.993
10499	9323	0	107	3	171.993
10500	10372	1	204	3	171.993
10501	9324	0	108	3	171.993
10502	10373	1	205	3	171.993
10503	9325	0	109	3	171.993
10504	10366	1	198	3	171.993
10505	9318	0	102	3	171.993
10506	10367	1	199	3	171.993
10507	9319	0	103	3	171.993
10508	10368	1	200	3	171.993
10509	9320	0	104	3	171.993
10510	10369	1	201	3	171.993
10511	9321	0	105	3	171.993
10512	10362	1	194	3	171.993
10513	9314	0	98	3	171.993
10514	10363	1	195	3	171.993
10515	9315	0	99	3	171.993
10516	10364	1	196	3	171.993
10517	9316	0	100	3	171.993
10518	10365	1	197	3	171.993
10519	9317	0	101	3	171.993
10520	10358	1	190	3	171.993
10521	9310	0	94	3	168.766
10522	10359	1	191	3	171.993
10523	9311	0	95	3	170.532
10524	10360	1	192	3	171.993
10525	9312	0	96	3	171.993
10526	10361	1	193	3	171.993
10527	9313	0	97	3	171.993
10528	10386	1	218	3	171.993
10529	9338	0	122	3	171.993
10530	10387	1	219	3	171.993
10531	9339	0	123	3	171.993
10532	10388	1	220	3	171.993
10533	9340	0	124	3	171.993
10534	10389	1	221	3	171.993
10535	9341	0	125	3	171.993
10536	10382	1	214	3	171.993
10537	9334	0	118	3	171.993
10538	10383	1	215	3	171.993
10539	9335	0	119	3	171.993
10540	10384	1	216	3	171.993
10541	9336	0	120	3	171.993
10542	10385	1	217	3	171.993
10543	9337	0	121	3	171.993
10544	10378	1	210	3	171.993
10545	9330	0	114	3	171.993
10546	10379	1	211	3	171.993
10547	9331	0	115	3	171.993
10548	10380	1	212	3	171.993
10549	9332	0	116	3	171.993
10550	10381	1	213	3	171.993
10551	9333	0	117	3	171.993
10552	10374	1	206	3	171.993
10553	9326	0	110	3	171.993
10554	10375	1	207	3	171.993
10555	9327	0	111	3	171.993
10556	10376	1	208	3	171.993
10557	9328	0	112	3	171.993
10558	10377	1	209	3	171.993
10559	9329	0	113	3	171.993
10560	10402	1	234	3	171.993
10561	9354	0	138	3	171.993
10562	10403	1	235	3	171.993
10563	9355	0	139	3	171.993
10564	10404	1	236	3	171.993
10565	9356	0	140	3	171.993
10566	10405	1	237	3	171.993
10567	9357	0	141	3	171.993
10568	10398	1	230	3	171.993
10569	9350	0	134	3	171.993
10570	10399	1	231	3	171.993
10571	9351	0	135	3	171.993
10572	10400	1	232	3	171.993
10573	9352	0	136	3	171.993
10574	10401	1	233	3	171.993
10575	9353	0	137	3	171.993
10576	10394	1	226	3	171.993
10577	9346	0	130	3	171.993
10578	10395	1	227	3	171.993
10579	9347	0	131	3	171.993
10580	10396	1	228	3	171.993
10581	9348	0	132	3	171.993
10582	10397	1	229	3	171.993
10583	9349	0	133	3	171.993
10584	10390	1	222	3	171.993
10585	9342	0	126	3	171.993
10586	10391	1	223	3	171.993
10587	9343	0	127	3	171.993
10588	10392	1	224	3	171.993
10589	9344	0	128	3	171.993
10590	10393	1	225	3	171.993
10591	9345	0	129	3	171.993
10592	10418	1	250	3	171.993
10593	9370	0	154	3	171.993
10594	10419	1	251	3	171.993
10595	9371	0	155	3	171.993
10596	10420	1	252	3	171.993
10597	9372	0	156	3	171.993
10598	10421	1	253	3	171.993
10599	9373	0	157	3	171.993
10600	10414	1	246	3	171.993
10601	9366	0	150	3	171.993
10602	10415	1	247	3	171.993
10603	9367	0	151	3	171.993
10604	10416	1	248	3	171.993
10605	9368	0	152	3	171.993
10606	10417	1	249	3	171.993
10607	9369	0	153	3	171.993
10608	10410	1	242	3	171.993
10609	9362	0	146	3	171.993
10610	10411	1	243	3	171.993
10611	9363	0	147	3	171.993
10612	10412	1	244	3	171.993
10613	9364	0	148	3	171.993
10614	10413	1	245	3	171.993
10615	9365	0	149	3	171.993
10616	10406	1	238	3	171.993
10617	9358	0	142	3	171.993
10618	10407	1	239	3	171.993
10619	9359	0	143	3	171.993
10620	10408	1	240	3	171.993
10621	9360	0	144	3	171.993
10622	10409	1	241	3	171.993
10623	9361	0	145	3	171.993
10624	10434	1	266	3	171.993
10625	9386	0	170	3	171.993
10626	10435	1	267	3	171.993
10627	9387	0	171	3	171.993
10628	10436	1	268	3	171.993
10629	9388	0	172	3	171.993
10630	10437	1	269	3	171.993
10631	9389	0	173	3	171.993
10632	10430	1	262	3	171.993
10633	9382	0	166	3	171.993
10634	10431	1	263	3	171.993
10635	9383	0	167	3	171.993
10636	10432	1	264	3	171.993
10637	9384	0	168	3	171.993
10638	10433	1	265	3	171.993
10639	9385	0	169	3	171.993
10640	10426	1	258	3	171.993
10641	9378	0	162	3	171.993
10642	10427	1	259	3	171.993
10643	9379	0	163	3	171.993
10644	10428	1	260	3	171.993
10645	9380	0	164	3	171.993
10646	10429	1	261	3	171.993
10647	9381	0	165	3	171.993
10648	10422	1	254	3	171.993
10649	9374	0	158	3	171.993
10650	10423	1	255	3	171.993
10651	9375	0	159	3	171.993
10652	10424	1	256	3	171.993
10653	9376	0	160	3	171.993
10654	10425	1	257	3	171.993
10655	9377	0	161	3	171.993
10656	10450	1	282	3	171.993
10657	9402	0	186	3	171.993
10658	10451	1	283	3	171.993
10659	9403	0	187	3	171.993
10660	10452	1	284	3	171.993
10661	9404	0	188	3	171.993
10662	10453	1	285	3	171.993
10663	9405	0	189	3	171.993
10664	10446	1	278	3	171.993
10665	9398	0	182	3	171.993
10666	10447	1	279	3	171.993
10667	9399	0	183	3	171.993
10668	10448	1	280	3	171.993
10669	9400	0	184	3	171.993
10670	10449	1	281	3	171.993
10671	9401	0	185	3	171.993
10672	10442	1	274	3	171.993
10673	9394	0	178	3	171.993
10674	10443	1	275	3	171.993
10675	9395	0	179	3	171.993
10676	10444	1	276	3	171.993
10677	9396	0	180	3	171.993
10678	10445	1	277	3	171.993
10679	9397	0	181	3	171.993
10680	10438	1	270	3	171.993
10681	9390	0	174	3	171.993
10682	10439	1	271	3	171.993
10683	9391	0	175	3	171.993
10684	10440	1	272	3	171.993
10685	9392	0	176	3	171.993
10686	10441	1	273	3	171.993
10687	9393	0	177	3	171.993
10688	10466	1	298	3	171.993
10689	9418	0	202	3	171.993
10690	10467	1	299	3	171.993
10691	9419	0	203	3	171.993
10692	10468	1	300	3	171.993
10693	9420	0	204	3	171.993
10694	10469	1	301	3	171.993
10695	9421	0	205	3	171.993
10696	10462	1	294	3	171.993
10697	9414	0	198	3	171.993
10698	10463	1	295	3	171.993
10699	9415	0	199	3	171.993
10700	10464	1	296	3	171.993
10701	9416	0	200	3	171.993
10702	10465	1	297	3	171.993
10703	9417	0	201	3	171.993
10704	10458	1	290	3	171.993
10705	9410	0	194	3	171.993
10706	10459	1	291	3	171.993
10707	9411	0	195	3	171.993
10708	10460	1	292	3	171.993
10709	9412	0	196	3	171.993
10710	10461	1	293	3	171.993
10711	9413	0	197	3	171.993
10712	10454	1	286	3	171.993
10713	9406	0	190	3	171.993
10714	10455	1	287	3	171.993
10715	9407	0	191	3	171.993
10716	10456	1	288	3	171.993
10717	9408	0	192	3	171.993
10718	10457	1	289	3	171.993
10719	9409	0	193	3	171.993
10720	10482	1	314	3	171.993
10721	9434	0	218	3	171.993
10722	10483	1	315	3	171.993
10723	9435	0	219	3	171.993
10724	10484	1	316	3	171.993
10725	9436	0	220	3	171.993
10726	10485	1	317	3	171.993
10727	9437	0	221	3	171.993
10728	10478	1	310	3	171.993
10729	9430	0	214	3	171.993
10730	10479	1	311	3	171.993
10731	9431	0	215	3	171.993
10732	10480	1	312	3	171.993
10733	9432	0	216	3	171.993
10734	10481	1	313	3	171.993
10735	9433	0	217	3	171.993
10736	10474	1	306	3	171.993
10737	9426	0	210	3	171.993
10738	10475	1	307	3	171.993
10739	9427	0	211	3	171.993
10740	10476	1	308	3	171.993
10741	9428	0	212	3	171.993
10742	10477	1	309	3	171.993
10743	9429	0	213	3	171.993
10744	10470	1	302	3	171.993
10745	9422	0	206	3	171.993
10746	10471	1	303	3	171.993
10747	9423	0	207	3	171.993
10748	10472	1	304	3	171.993
10749	9424	0	208	3	171.993
10750	10473	1	305	3	171.993
10751	9425	0	209	3	171.993
10752	10498	1	330	3	171.993
10753	9450	0	234	3	171.993
10754	10499	1	331	3	171.993
10755	9451	0	235	3	171.993
10756	10500	1	332	3	171.993
10757	9452	0	236	3	171.993
10758	10501	1	333	3	171.993
10759	9453	0	237	3	171.993
10760	10494	1	326	3	171.993
10761	9446	0	230	3	171.993
10762	10495	1	327	3	171.993
10763	9447	0	231	3	171.993
10764	10496	1	328	3	171.993
10765	9448	0	232	3	171.993
10766	10497	1	329	3	171.993
10767	9449	0	233	3	171.993
10768	10490	1	322	3	171.993
10769	9442	0	226	3	171.993
10770	10491	1	323	3	171.993
10771	9443	0	227	3	171.993
10772	10492	1	324	3	171.993
10773	9444	0	228	3	171.993
10774	10493	1	325	3	171.993
10775	9445	0	229	3	171.993
10776	10486	1	318	3	171.993
10777	9438	0	222	3	171.993
10778	10487	1	319	3	171.993
10779	9439	0	223	3	171.993
10780	10488	1	320	3	171.993
10781	9440	0	224	3	171.993
10782	10489	1	321	3	171.993
10783	9441	0	225	3	171.993
10784	10514	1	346	3	171.993
10785	9466	0	250	3	171.993
10786	10515	1	347	3	171.993
10787	9467	0	251	3	171.993
10788	10516	1	348	3	171.993
10789	9468	0	252	3	171.993
10790	10517	1	349	3	171.993
10791	9469	0	253	3	171.993
10792	10510	1	342	3	171.993
10793	9462	0	246	3	171.993
10794	10511	1	343	3	171.993
10795	9463	0	247	3	171.993
10796	10512	1	344	3	171.993
10797	9464	0	248	3	171.993
10798	10513	1	345	3	171.993
10799	9465	0	249	3	171.993
10800	10506	1	338	3	171.993
10801	9458	0	242	3	171.993
10802	10507	1	339	3	171.993
10803	9459	0	243	3	171.993
10804	10508	1	340	3	171.993
10805	9460	0	244	3	171.993
10806	10509	1	341	3	171.993
10807	9461	0	245	3	171.993
10808	10502	1	334	3	171.993
10809	9454	0	238	3	171.993
10810	10503	1	335	3	171.993
10811	9455	0	239	3	171.993
10812	10504	1	336	3	171.993
10813	9456	0	240	3	171.993
10814	10505	1	337	3	171.993
10815	9457	0	241	3	171.993
10816	10757	1	589	3	171.993
10817	9901	0	685	3	171.993
10818	10756	1	588	3	171.993
10819	9900	0	684	3	171.993
10820	10755	1	587	3	171.993
10821	9899	0	683	3	171.993
10822	10754	1	586	3	171.993
10823	9898	0	682	3	171.993
10824	10761	1	593	3	171.993
10825	9905	0	689	3	171.993
10826	10760	1	592	3	171.993
10827	9904	0	688	3	171.993
10828	10759	1	591	3	171.993
10829	9903	0	687	3	171.993
10830	10758	1	590	3	171.993
10831	9902	0	686	3	171.993
10832	10765	1	597	3	171.993
10833	9909	0	693	3	171.993
10834	10764	1	596	3	171.993
10835	9908	0	692	3	171.993
10836	10763	1	595	3	171.993
10837	9907	0	691	3	171.993
10838	10762	1	594	3	171.993
10839	9906	0	690	3	171.993
10840	10769	1	601	3	171.993
10841	9913	0	697	3	171.993
10842	10768	1	600	3	171.993
10843	9912	0	696	3	171.993
10844	10767	1	599	3	171.993
10845	9911	0	695	3	171.993
10846	10766	1	598	3	171.993
10847	9910	0	694	3	171.993
10848	10741	1	573	3	171.993
10849	9885	0	669	3	171.993
10850	10740	1	572	3	171.993
10851	9884	0	668	3	171.993
10852	10739	1	571	3	170.527
10853	9883	0	667	3	171.993
10854	10738	1	570	3	168.761
10855	9882	0	666	3	171.993
10856	10745	1	577	3	171.993
10857	9889	0	673	3	171.993
10858	10744	1	576	3	171.993
10859	9888	0	672	3	171.993
10860	10743	1	575	3	171.993
10861	9887	0	671	3	171.993
10862	10742	1	574	3	171.993
10863	9886	0	670	3	171.993
10864	10749	1	581	3	171.993
10865	9893	0	677	3	171.993
10866	10748	1	580	3	171.993
10867	9892	0	676	3	171.993
10868	10747	1	579	3	171.993
10869	9891	0	675	3	171.993
10870	10746	1	578	3	171.993
10871	9890	0	674	3	171.993
10872	10753	1	585	3	171.993
10873	9897	0	681	3	171.993
10874	10752	1	584	3	171.993
10875	9896	0	680	3	171.993
10876	10751	1	583	3	171.993
10877	9895	0	679	3	171.993
10878	10750	1	582	3	171.993
10879	9894	0	678	3	171.993
10880	10789	1	621	3	171.993
10881	9933	0	717	3	171.993
10882	10788	1	620	3	171.993
10883	9932	0	716	3	171.993
10884	10787	1	619	3	171.993
10885	9931	0	715	3	171.993
10886	10786	1	618	3	171.993
10887	9930	0	714	3	171.993
10888	10793	1	625	3	171.993
10889	9937	0	721	3	171.993
10890	10792	1	624	3	171.993
10891	9936	0	720	3	171.993
10892	10791	1	623	3	171.993
10893	9935	0	719	3	171.993
10894	10790	1	622	3	171.993
10895	9934	0	718	3	171.993
10896	10797	1	629	3	171.993
10897	9941	0	725	3	171.993
10898	10796	1	628	3	171.993
10899	9940	0	724	3	171.993
10900	10795	1	627	3	171.993
10901	9939	0	723	3	171.993
10902	10794	1	626	3	171.993
10903	9938	0	722	3	171.993
10904	10801	1	633	3	171.993
10905	9945	0	729	3	171.993
10906	10800	1	632	3	171.993
10907	9944	0	728	3	171.993
10908	10799	1	631	3	171.993
10909	9943	0	727	3	171.993
10910	10798	1	630	3	171.993
10911	9942	0	726	3	171.993
10912	10773	1	605	3	171.993
10913	9917	0	701	3	171.993
10914	10772	1	604	3	171.993
10915	9916	0	700	3	171.993
10916	10771	1	603	3	171.993
10917	9915	0	699	3	171.993
10918	10770	1	602	3	171.993
10919	9914	0	698	3	171.993
10920	10777	1	609	3	171.993
10921	9921	0	705	3	171.993
10922	10776	1	608	3	171.993
10923	9920	0	704	3	171.993
10924	10775	1	607	3	171.993
10925	9919	0	703	3	171.993
10926	10774	1	606	3	171.993
10927	9918	0	702	3	171.993
10928	10781	1	613	3	171.993
10929	9925	0	709	3	171.993
10930	10780	1	612	3	171.993
10931	9924	0	708	3	171.993
10932	10779	1	611	3	171.993
10933	9923	0	707	3	171.993
10934	10778	1	610	3	171.993
10935	9922	0	706	3	171.993
10936	10785	1	617	3	171.993
10937	9929	0	713	3	171.993
10938	10784	1	616	3	171.993
10939	9928	0	712	3	171.993
10940	10783	1	615	3	171.993
10941	9927	0	711	3	171.993
10942	10782	1	614	3	171.993
10943	9926	0	710	3	171.993
10944	10821	1	653	3	171.993
10945	9965	0	749	3	171.993
10946	10820	1	652	3	171.993
10947	9964	0	748	3	171.993
10948	10819	1	651	3	171.993
10949	9963	0	747	3	171.993
10950	10818	1	650	3	171.993
10951	9962	0	746	3	171.993
10952	10825	1	657	3	171.993
10953	9969	0	753	3	171.993
10954	10824	1	656	3	171.993
10955	9968	0	752	3	171.993
10956	10823	1	655	3	171.993
10957	9967	0	751	3	171.993
10958	10822	1	654	3	171.993
10959	9966	0	750	3	171.993
10960	10829	1	661	3	171.993
10961	9973	0	757	3	171.993
10962	10828	1	660	3	171.993
10963	9972	0	756	3	171.993
10964	10827	1	659	3	171.993
10965	9971	0	755	3	171.993
10966	10826	1	658	3	171.993
10967	9970	0	754	3	171.993
10968	10833	1	665	3	171.993
10969	9977	0	761	3	171.993
10970	10832	1	664	3	171.993
10971	9976	0	760	3	171.993
10972	10831	1	663	3	171.993
10973	9975	0	759	3	171.993
10974	10830	1	662	3	171.993
10975	9974	0	758	3	171.993
10976	10805	1	637	3	171.993
10977	9949	0	733	3	171.993
10978	10804	1	636	3	171.993
10979	9948	0	732	3	171.993
10980	10803	1	635	3	171.993
10981	9947	0	731	3	171.993
10982	10802	1	634	3	171.993
10983	9946	0	730	3	171.993
10984	10809	1	641	3	171.993
10985	9953	0	737	3	171.993
10986	10808	1	640	3	171.993
10987	9952	0	736	3	171.993
10988	10807	1	639	3	171.993
10989	9951	0	735	3	171.993
10990	10806	1	638	3	171.993
10991	9950	0	734	3	171.993
10992	10813	1	645	3	171.993
10993	9957	0	741	3	171.993
10994	10812	1	644	3	171.993
10995	9956	0	740	3	171.993
10996	10811	1	643	3	171.993
10997	9955	0	739	3	171.993
10998	10810	1	642	3	171.993
10999	9954	0	738	3	171.993
11000	10817	1	649	3	171.993
11001	9961	0	745	3	171.993
11002	10816	1	648	3	171.993
11003	9960	0	744	3	171.993
11004	10815	1	647	3	171.993
11005	9959	0	743	3	171.993
11006	10814	1	646	3	171.993
11007	9958	0	742	3	171.993
11008	10853	1	685	3	171.993
11009	9997	0	781	3	171.993
11010	10852	1	684	3	171.993
11011	9996	0	780	3	171.993
11012	10851	1	683	3	171.993
11013	9995	0	779	3	171.993
11014	10850	1	682	3	171.993
11015	9994	0	778	3	171.993
11016	10857	1	689	3	171.993
11017	10001	0	785	3	171.993
11018	10856	1	688	3	171.993
11019	10000	0	784	3	171.993
11020	10855	1	687	3	171.993
11021	9999	0	783	3	171.993
11022	10854	1	686	3	171.993
11023	9998	0	782	3	171.993
11024	10861	1	693	3	171.993
11025	10005	0	789	3	171.993
11026	10860	1	692	3	171.993
11027	10004	0	788	3	171.993
11028	10859	1	691	3	171.993
11029	10003	0	787	3	171.993
11030	10858	1	690	3	171.993
11031	10002	0	786	3	171.993
11032	10865	1	697	3	171.993
11033	10009	0	793	3	171.993
11034	10864	1	696	3	171.993
11035	10008	0	792	3	171.993
11036	10863	1	695	3	171.993
11037	10007	0	791	3	171.993
11038	10862	1	694	3	171.993
11039	10006	0	790	3	171.993
11040	10837	1	669	3	171.993
11041	9981	0	765	3	171.993
11042	10836	1	668	3	171.993
11043	9980	0	764	3	171.993
11044	10835	1	667	3	171.993
11045	9979	0	763	3	171.993
11046	10834	1	666	3	171.993
11047	9978	0	762	3	171.993
11048	10841	1	673	3	171.993
11049	9985	0	769	3	171.993
11050	10840	1	672	3	171.993
11051	9984	0	768	3	171.993
11052	10839	1	671	3	171.993
11053	9983	0	767	3	171.993
11054	10838	1	670	3	171.993
11055	9982	0	766	3	171.993
11056	10845	1	677	3	171.993
11057	9989	0	773	3	171.993
11058	10844	1	676	3	171.993
11059	9988	0	772	3	171.993
11060	10843	1	675	3	171.993
11061	9987	0	771	3	171.993
11062	10842	1	674	3	171.993
11063	9986	0	770	3	171.993
11064	10849	1	681	3	171.993
11065	9993	0	777	3	171.993
11066	10848	1	680	3	171.993
11067	9992	0	776	3	171.993
11068	10847	1	679	3	171.993
11069	9991	0	775	3	171.993
11070	10846	1	678	3	171.993
11071	9990	0	774	3	171.993
11072	10885	1	717	3	171.993
11073	10029	0	813	3	171.993
11074	10884	1	716	3	171.993
11075	10028	0	812	3	171.993
11076	10883	1	715	3	171.993
11077	10027	0	811	3	171.993
11078	10882	1	714	3	171.993
11079	10026	0	810	3	171.993
11080	10889	1	721	3	171.993
11081	10033	0	817	3	171.993
11082	10888	1	720	3	171.993
11083	10032	0	816	3	171.993
11084	10887	1	719	3	171.993
11085	10031	0	815	3	171.993
11086	10886	1	718	3	171.993
11087	10030	0	814	3	171.993
11088	10893	1	725	3	171.993
11089	10037	0	821	3	171.993
11090	10892	1	724	3	171.993
11091	10036	0	820	3	171.993
11092	10891	1	723	3	171.993
11093	10035	0	819	3	171.993
11094	10890	1	722	3	171.993
11095	10034	0	818	3	171.993
11096	10897	1	729	3	171.993
11097	10041	0	825	3	171.993
11098	10896	1	728	3	171.993
11099	10040	0	824	3	171.993
11100	10895	1	727	3	171.993
11101	10039	0	823	3	171.993
11102	10894	1	726	3	171.993
11103	10038	0	822	3	171.993
11104	10869	1	701	3	171.993
11105	10013	0	797	3	171.993
11106	10868	1	700	3	171.993
11107	10012	0	796	3	171.993
11108	10867	1	699	3	171.993
11109	10011	0	795	3	171.993
11110	10866	1	698	3	171.993
11111	10010	0	794	3	171.993
11112	10873	1	705	3	171.993
11113	10017	0	801	3	171.993
11114	10872	1	704	3	171.993
11115	10016	0	800	3	171.993
11116	10871	1	703	3	171.993
11117	10015	0	799	3	171.993
11118	10870	1	702	3	171.993
11119	10014	0	798	3	171.993
11120	10877	1	709	3	171.993
11121	10021	0	805	3	171.993
11122	10876	1	708	3	171.993
11123	10020	0	804	3	171.993
11124	10875	1	707	3	171.993
11125	10019	0	803	3	171.993
11126	10874	1	706	3	171.993
11127	10018	0	802	3	171.993
11128	10881	1	713	3	171.993
11129	10025	0	809	3	171.993
11130	10880	1	712	3	171.993
11131	10024	0	808	3	171.993
11132	10879	1	711	3	171.993
11133	10023	0	807	3	171.993
11134	10878	1	710	3	171.993
11135	10022	0	806	3	171.993
11136	11387	2	267	3	168.000
11137	11386	2	266	3	168.000
11138	11385	2	265	3	168.000
11139	11384	2	264	3	168.000
11140	11383	2	263	3	168.000
11141	11382	2	262	3	168.000
11142	11381	2	261	3	168.000
11143	11380	2	260	3	168.000
11144	11395	2	275	3	168.000
11145	11394	2	274	3	168.000
11146	11393	2	273	3	168.000
11147	11392	2	272	3	168.000
11148	11391	2	271	3	168.000
11149	11390	2	270	3	168.000
11150	11389	2	269	3	168.000
11151	11388	2	268	3	168.000
11152	11403	2	283	3	168.000
11153	11402	2	282	3	168.000
11154	11401	2	281	3	168.000
11155	11400	2	280	3	168.000
11156	11399	2	279	3	168.000
11157	11398	2	278	3	168.000
11158	11397	2	277	3	168.000
11159	11396	2	276	3	168.000
11160	11411	2	291	3	168.000
11161	11410	2	290	3	168.000
11162	11409	2	289	3	168.000
11163	11408	2	288	3	168.000
11164	11407	2	287	3	168.000
11165	11406	2	286	3	168.000
11166	11405	2	285	3	168.000
11167	11404	2	284	3	168.000
11168	10192	1	24	3	44.238
11169	10193	1	25	3	46.004
11170	10194	1	26	3	47.771
11171	10195	1	27	3	49.538
11172	10196	1	28	3	51.304
11173	10197	1	29	3	53.071
11174	10198	1	30	3	54.838
11175	10199	1	31	3	56.605
11176	10184	1	16	3	30.104
11177	10185	1	17	3	31.871
11178	10186	1	18	3	33.638
11179	10187	1	19	3	35.404
11180	10188	1	20	3	37.171
11181	10189	1	21	3	38.938
11182	10190	1	22	3	40.704
11183	10191	1	23	3	42.471
11184	10176	1	8	3	15.971
11185	10177	1	9	3	17.737
11186	10178	1	10	3	19.504
11187	10179	1	11	3	21.271
11188	10180	1	12	3	23.037
11189	10181	1	13	3	24.804
11190	10182	1	14	3	26.571
11191	10183	1	15	3	28.338
11192	10168	1	0	3	1.837
11193	10169	1	1	3	3.604
11194	10170	1	2	3	5.371
11195	10171	1	3	3	7.137
11196	10172	1	4	3	8.904
11197	10173	1	5	3	10.671
11198	10174	1	6	3	12.437
11199	10175	1	7	3	14.204
11200	11291	2	171	3	168.000
11201	11290	2	170	3	168.000
11202	11289	2	169	3	168.000
11203	11288	2	168	3	168.000
11204	11287	2	167	3	168.000
11205	11286	2	166	3	168.000
11206	11285	2	165	3	168.000
11207	11284	2	164	3	168.000
11208	11299	2	179	3	168.000
11209	11298	2	178	3	168.000
11210	11297	2	177	3	168.000
11211	11296	2	176	3	168.000
11212	11295	2	175	3	168.000
11213	11294	2	174	3	168.000
11214	11293	2	173	3	168.000
11215	11292	2	172	3	168.000
11216	11307	2	187	3	168.000
11217	11306	2	186	3	168.000
11218	11305	2	185	3	168.000
11219	11304	2	184	3	168.000
11220	11303	2	183	3	168.000
11221	11302	2	182	3	168.000
11222	11301	2	181	3	168.000
11223	11300	2	180	3	168.000
11224	11315	2	195	3	168.000
11225	11314	2	194	3	168.000
11226	11313	2	193	3	168.000
11227	11312	2	192	3	168.000
11228	11311	2	191	3	168.000
11229	11310	2	190	3	168.000
11230	11309	2	189	3	168.000
11231	11308	2	188	3	168.000
11232	10224	1	56	3	100.772
11233	10225	1	57	3	102.539
11234	10226	1	58	3	104.305
11235	10227	1	59	3	106.072
11236	10228	1	60	3	107.839
11237	10229	1	61	3	109.605
11238	10230	1	62	3	111.372
11239	10231	1	63	3	113.139
11240	10216	1	48	3	86.638
11241	10217	1	49	3	88.405
11242	10218	1	50	3	90.172
11243	10219	1	51	3	91.938
11244	10220	1	52	3	93.705
11245	10221	1	53	3	95.472
11246	10222	1	54	3	97.238
11247	10223	1	55	3	99.005
11248	10208	1	40	3	72.505
11249	10209	1	41	3	74.271
11250	10210	1	42	3	76.038
11251	10211	1	43	3	77.805
11252	10212	1	44	3	79.572
11253	10213	1	45	3	81.338
11254	10214	1	46	3	83.105
11255	10215	1	47	3	84.872
11256	10200	1	32	3	58.371
11257	10201	1	33	3	60.138
11258	10202	1	34	3	61.905
11259	10203	1	35	3	63.671
11260	10204	1	36	3	65.438
11261	10205	1	37	3	67.205
11262	10206	1	38	3	68.971
11263	10207	1	39	3	70.738
11264	10256	1	88	3	157.306
11265	10257	1	89	3	159.073
11266	10258	1	90	3	160.839
11267	10259	1	91	3	162.606
11268	10260	1	92	3	164.373
11269	10261	1	93	3	166.139
11270	10262	1	94	3	167.906
11271	10263	1	95	3	169.673
11272	10248	1	80	3	143.172
11273	10249	1	81	3	144.939
11274	10250	1	82	3	146.706
11275	10251	1	83	3	148.473
11276	10252	1	84	3	150.239
11277	10253	1	85	3	152.006
11278	10254	1	86	3	153.773
11279	10255	1	87	3	155.539
11280	10240	1	72	3	129.039
11281	10241	1	73	3	130.806
11282	10242	1	74	3	132.572
11283	10243	1	75	3	134.339
11284	10244	1	76	3	136.106
11285	10245	1	77	3	137.872
11286	10246	1	78	3	139.639
11287	10247	1	79	3	141.406
11288	10232	1	64	3	114.905
11289	10233	1	65	3	116.672
11290	10234	1	66	3	118.439
11291	10235	1	67	3	120.205
11292	10236	1	68	3	121.972
11293	10237	1	69	3	123.739
11294	10238	1	70	3	125.506
11295	10239	1	71	3	127.272
11296	11195	2	75	3	168.000
11297	11194	2	74	3	168.000
11298	11193	2	73	3	168.000
11299	11192	2	72	3	168.000
11300	11191	2	71	3	168.000
11301	11190	2	70	3	168.000
11302	11189	2	69	3	168.000
11303	11188	2	68	3	168.000
11304	11203	2	83	3	168.000
11305	11202	2	82	3	168.000
11306	11201	2	81	3	168.000
11307	11200	2	80	3	168.000
11308	11199	2	79	3	168.000
11309	11198	2	78	3	168.000
11310	11197	2	77	3	168.000
11311	11196	2	76	3	168.000
11312	11211	2	91	3	168.000
11313	11210	2	90	3	168.000
11314	11209	2	89	3	168.000
11315	11208	2	88	3	168.000
11316	11207	2	87	3	168.000
11317	11206	2	86	3	168.000
11318	11205	2	85	3	168.000
11319	11204	2	84	3	168.000
11320	11219	2	99	3	168.000
11321	11218	2	98	3	168.000
11322	11217	2	97	3	168.000
11323	11216	2	96	3	168.000
11324	11215	2	95	3	168.000
11325	11214	2	94	3	168.000
11326	11213	2	93	3	168.000
11327	11212	2	92	3	168.000
11328	11227	2	107	3	168.000
11329	11226	2	106	3	168.000
11330	11225	2	105	3	168.000
11331	11224	2	104	3	168.000
11332	11223	2	103	3	168.000
11333	11222	2	102	3	168.000
11334	11221	2	101	3	168.000
11335	11220	2	100	3	168.000
11336	11235	2	115	3	168.000
11337	11234	2	114	3	168.000
11338	11233	2	113	3	168.000
11339	11232	2	112	3	168.000
11340	11231	2	111	3	168.000
11341	11230	2	110	3	168.000
11342	11229	2	109	3	168.000
11343	11228	2	108	3	168.000
11344	11243	2	123	3	168.000
11345	11242	2	122	3	168.000
11346	11241	2	121	3	168.000
11347	11240	2	120	3	168.000
11348	11239	2	119	3	168.000
11349	11238	2	118	3	168.000
11350	11237	2	117	3	168.000
11351	11236	2	116	3	168.000
11352	11251	2	131	3	168.000
11353	11250	2	130	3	168.000
11354	11249	2	129	3	168.000
11355	11248	2	128	3	168.000
11356	11247	2	127	3	168.000
11357	11246	2	126	3	168.000
11358	11245	2	125	3	168.000
11359	11244	2	124	3	168.000
11360	11259	2	139	3	168.000
11361	11258	2	138	3	168.000
11362	11257	2	137	3	168.000
11363	11256	2	136	3	168.000
11364	11255	2	135	3	168.000
11365	11254	2	134	3	168.000
11366	11253	2	133	3	168.000
11367	11252	2	132	3	168.000
11368	11267	2	147	3	168.000
11369	11266	2	146	3	168.000
11370	11265	2	145	3	168.000
11371	11264	2	144	3	168.000
11372	11263	2	143	3	168.000
11373	11262	2	142	3	168.000
11374	11261	2	141	3	168.000
11375	11260	2	140	3	168.000
11376	11275	2	155	3	168.000
11377	11274	2	154	3	168.000
11378	11273	2	153	3	168.000
11379	11272	2	152	3	168.000
11380	11271	2	151	3	168.000
11381	11270	2	150	3	168.000
11382	11269	2	149	3	168.000
11383	11268	2	148	3	168.000
11384	11283	2	163	3	168.000
11385	11282	2	162	3	168.000
11386	11281	2	161	3	168.000
11387	11280	2	160	3	168.000
11388	11279	2	159	3	168.000
11389	11278	2	158	3	168.000
11390	11277	2	157	3	168.000
11391	11276	2	156	3	168.000
11392	11355	2	235	3	168.000
11393	11354	2	234	3	168.000
11394	11353	2	233	3	168.000
11395	11352	2	232	3	168.000
11396	11351	2	231	3	168.000
11397	11350	2	230	3	168.000
11398	11349	2	229	3	168.000
11399	11348	2	228	3	168.000
11400	11363	2	243	3	168.000
11401	11362	2	242	3	168.000
11402	11361	2	241	3	168.000
11403	11360	2	240	3	168.000
11404	11359	2	239	3	168.000
11405	11358	2	238	3	168.000
11406	11357	2	237	3	168.000
11407	11356	2	236	3	168.000
11408	11371	2	251	3	168.000
11409	11370	2	250	3	168.000
11410	11369	2	249	3	168.000
11411	11368	2	248	3	168.000
11412	11367	2	247	3	168.000
11413	11366	2	246	3	168.000
11414	11365	2	245	3	168.000
11415	11364	2	244	3	168.000
11416	11379	2	259	3	168.000
11417	11378	2	258	3	168.000
11418	11377	2	257	3	168.000
11419	11376	2	256	3	168.000
11420	11375	2	255	3	168.000
11421	11374	2	254	3	168.000
11422	11373	2	253	3	168.000
11423	11372	2	252	3	168.000
11424	11323	2	203	3	168.000
11425	11322	2	202	3	168.000
11426	11321	2	201	3	168.000
11427	11320	2	200	3	168.000
11428	11319	2	199	3	168.000
11429	11318	2	198	3	168.000
11430	11317	2	197	3	168.000
11431	11316	2	196	3	168.000
11432	11331	2	211	3	168.000
11433	11330	2	210	3	168.000
11434	11329	2	209	3	168.000
11435	11328	2	208	3	168.000
11436	11327	2	207	3	168.000
11437	11326	2	206	3	168.000
11438	11325	2	205	3	168.000
11439	11324	2	204	3	168.000
11440	11339	2	219	3	168.000
11441	11338	2	218	3	168.000
11442	11337	2	217	3	168.000
11443	11336	2	216	3	168.000
11444	11335	2	215	3	168.000
11445	11334	2	214	3	168.000
11446	11333	2	213	3	168.000
11447	11332	2	212	3	168.000
11448	11347	2	227	3	168.000
11449	11346	2	226	3	168.000
11450	11345	2	225	3	168.000
11451	11344	2	224	3	168.000
11452	11343	2	223	3	168.000
11453	11342	2	222	3	168.000
11454	11341	2	221	3	168.000
11455	11340	2	220	3	168.000
11456	9226	0	10	3	20.364
11457	10274	1	106	3	171.993
11458	9227	0	11	3	22.130
11459	10275	1	107	3	171.993
11460	9228	0	12	3	23.897
11461	10276	1	108	3	171.993
11462	9229	0	13	3	25.664
11463	10277	1	109	3	171.993
11464	9222	0	6	3	13.297
11465	10270	1	102	3	171.993
11466	9223	0	7	3	15.063
11467	10271	1	103	3	171.993
11468	9224	0	8	3	16.830
11469	10272	1	104	3	171.993
11470	9225	0	9	3	18.597
11471	10273	1	105	3	171.993
11472	9218	0	2	3	6.230
11473	10266	1	98	3	171.993
11474	9219	0	3	3	7.997
11475	10267	1	99	3	171.993
11476	9220	0	4	3	9.763
11477	10268	1	100	3	171.993
11478	9221	0	5	3	11.530
11479	10269	1	101	3	171.993
11480	11123	2	3	3	168.000
11481	11122	2	2	3	168.000
11482	11121	2	1	3	168.000
11483	11120	2	0	3	168.000
11484	9216	0	0	3	2.697
11485	10264	1	96	3	171.440
11486	9217	0	1	3	4.463
11487	10265	1	97	3	171.993
11488	9242	0	26	3	48.631
11489	10290	1	122	3	171.993
11490	9243	0	27	3	50.397
11491	10291	1	123	3	171.993
11492	9244	0	28	3	52.164
11493	10292	1	124	3	171.993
11494	9245	0	29	3	53.931
11495	10293	1	125	3	171.993
11496	9238	0	22	3	41.564
11497	10286	1	118	3	171.993
11498	9239	0	23	3	43.331
11499	10287	1	119	3	171.993
11500	9240	0	24	3	45.097
11501	10288	1	120	3	171.993
11502	9241	0	25	3	46.864
11503	10289	1	121	3	171.993
11504	9234	0	18	3	34.497
11505	10282	1	114	3	171.993
11506	9235	0	19	3	36.264
11507	10283	1	115	3	171.993
11508	9236	0	20	3	38.030
11509	10284	1	116	3	171.993
11510	9237	0	21	3	39.797
11511	10285	1	117	3	171.993
11512	9230	0	14	3	27.430
11513	10278	1	110	3	171.993
11514	9231	0	15	3	29.197
11515	10279	1	111	3	171.993
11516	9232	0	16	3	30.964
11517	10280	1	112	3	171.993
11518	9233	0	17	3	32.730
11519	10281	1	113	3	171.993
11520	9258	0	42	3	76.898
11521	10306	1	138	3	171.993
11522	9259	0	43	3	78.664
11523	10307	1	139	3	171.993
11524	9260	0	44	3	80.431
11525	10308	1	140	3	171.993
11526	9261	0	45	3	82.198
11527	10309	1	141	3	171.993
11528	9254	0	38	3	69.831
11529	10302	1	134	3	171.993
11530	9255	0	39	3	71.598
11531	10303	1	135	3	171.993
11532	9256	0	40	3	73.364
11533	10304	1	136	3	171.993
11534	9257	0	41	3	75.131
11535	10305	1	137	3	171.993
11536	9250	0	34	3	62.764
11537	10298	1	130	3	171.993
11538	9251	0	35	3	64.531
11539	10299	1	131	3	171.993
11540	9252	0	36	3	66.298
11541	10300	1	132	3	171.993
11542	9253	0	37	3	68.064
11543	10301	1	133	3	171.993
11544	9246	0	30	3	55.697
11545	10294	1	126	3	171.993
11546	9247	0	31	3	57.464
11547	10295	1	127	3	171.993
11548	9248	0	32	3	59.231
11549	10296	1	128	3	171.993
11550	9249	0	33	3	60.997
11551	10297	1	129	3	171.993
11552	9274	0	58	3	105.165
11553	10322	1	154	3	171.993
11554	9275	0	59	3	106.931
11555	10323	1	155	3	171.993
11556	9276	0	60	3	108.698
11557	10324	1	156	3	171.993
11558	9277	0	61	3	110.465
11559	10325	1	157	3	171.993
11560	9270	0	54	3	98.098
11561	10318	1	150	3	171.993
11562	9271	0	55	3	99.865
11563	10319	1	151	3	171.993
11564	9272	0	56	3	101.631
11565	10320	1	152	3	171.993
11566	9273	0	57	3	103.398
11567	10321	1	153	3	171.993
11568	9266	0	50	3	91.031
11569	10314	1	146	3	171.993
11570	9267	0	51	3	92.798
11571	10315	1	147	3	171.993
11572	9268	0	52	3	94.565
11573	10316	1	148	3	171.993
11574	9269	0	53	3	96.331
11575	10317	1	149	3	171.993
11576	9262	0	46	3	83.964
11577	10310	1	142	3	171.993
11578	9263	0	47	3	85.731
11579	10311	1	143	3	171.993
11580	9264	0	48	3	87.498
11581	10312	1	144	3	171.993
11582	9265	0	49	3	89.265
11583	10313	1	145	3	171.993
11584	10338	1	170	3	171.993
11585	9290	0	74	3	133.432
11586	10339	1	171	3	171.993
11587	9291	0	75	3	135.199
11588	10340	1	172	3	171.993
11589	9292	0	76	3	136.965
11590	10341	1	173	3	171.993
11591	9293	0	77	3	138.732
11592	10334	1	166	3	171.993
11593	9286	0	70	3	126.365
11594	10335	1	167	3	171.993
11595	9287	0	71	3	128.132
11596	10336	1	168	3	171.993
11597	9288	0	72	3	129.898
11598	10337	1	169	3	171.993
11599	9289	0	73	3	131.665
11600	10330	1	162	3	171.993
11601	9282	0	66	3	119.298
11602	10331	1	163	3	171.993
11603	9283	0	67	3	121.065
11604	10332	1	164	3	171.993
11605	9284	0	68	3	122.832
11606	10333	1	165	3	171.993
11607	9285	0	69	3	124.598
11608	10326	1	158	3	171.993
11609	9278	0	62	3	112.232
11610	10327	1	159	3	171.993
11611	9279	0	63	3	113.998
11612	10328	1	160	3	171.993
11613	9280	0	64	3	115.765
11614	10329	1	161	3	171.993
11615	9281	0	65	3	117.532
11616	10354	1	186	3	171.993
11617	9306	0	90	3	161.699
11618	10355	1	187	3	171.993
11619	9307	0	91	3	163.466
11620	10356	1	188	3	171.993
11621	9308	0	92	3	165.232
11622	10357	1	189	3	171.993
11623	9309	0	93	3	166.999
11624	10350	1	182	3	171.993
11625	9302	0	86	3	154.632
11626	10351	1	183	3	171.993
11627	9303	0	87	3	156.399
11628	10352	1	184	3	171.993
11629	9304	0	88	3	158.166
11630	10353	1	185	3	171.993
11631	9305	0	89	3	159.932
11632	10346	1	178	3	171.993
11633	9298	0	82	3	147.565
11634	10347	1	179	3	171.993
11635	9299	0	83	3	149.332
11636	10348	1	180	3	171.993
11637	9300	0	84	3	151.099
11638	10349	1	181	3	171.993
11639	9301	0	85	3	152.865
11640	10342	1	174	3	171.993
11641	9294	0	78	3	140.499
11642	10343	1	175	3	171.993
11643	9295	0	79	3	142.265
11644	10344	1	176	3	171.993
11645	9296	0	80	3	144.032
11646	10345	1	177	3	171.993
11647	9297	0	81	3	145.799
11648	11163	2	43	3	168.000
11649	11162	2	42	3	168.000
11650	11161	2	41	3	168.000
11651	11160	2	40	3	168.000
11652	11159	2	39	3	168.000
11653	11158	2	38	3	168.000
11654	11157	2	37	3	168.000
11655	11156	2	36	3	168.000
11656	11171	2	51	3	168.000
11657	11170	2	50	3	168.000
11658	11169	2	49	3	168.000
11659	11168	2	48	3	168.000
11660	11167	2	47	3	168.000
11661	11166	2	46	3	168.000
11662	11165	2	45	3	168.000
11663	11164	2	44	3	168.000
11664	11179	2	59	3	168.000
11665	11178	2	58	3	168.000
11666	11177	2	57	3	168.000
11667	11176	2	56	3	168.000
11668	11175	2	55	3	168.000
11669	11174	2	54	3	168.000
11670	11173	2	53	3	168.000
11671	11172	2	52	3	168.000
11672	11187	2	67	3	168.000
11673	11186	2	66	3	168.000
11674	11185	2	65	3	168.000
11675	11184	2	64	3	168.000
11676	11183	2	63	3	168.000
11677	11182	2	62	3	168.000
11678	11181	2	61	3	168.000
11679	11180	2	60	3	168.000
11680	11131	2	11	3	168.000
11681	11130	2	10	3	168.000
11682	11129	2	9	3	168.000
11683	11128	2	8	3	168.000
11684	11127	2	7	3	168.000
11685	11126	2	6	3	168.000
11686	11125	2	5	3	168.000
11687	11124	2	4	3	168.000
11688	11139	2	19	3	168.000
11689	11138	2	18	3	168.000
11690	11137	2	17	3	168.000
11691	11136	2	16	3	168.000
11692	11135	2	15	3	168.000
11693	11134	2	14	3	168.000
11694	11133	2	13	3	168.000
11695	11132	2	12	3	168.000
11696	11147	2	27	3	168.000
11697	11146	2	26	3	168.000
11698	11145	2	25	3	168.000
11699	11144	2	24	3	168.000
11700	11143	2	23	3	168.000
11701	11142	2	22	3	168.000
11702	11141	2	21	3	168.000
11703	11140	2	20	3	168.000
11704	11155	2	35	3	168.000
11705	11154	2	34	3	168.000
11706	11153	2	33	3	168.000
11707	11152	2	32	3	168.000
11708	11151	2	31	3	168.000
11709	11150	2	30	3	168.000
11710	11149	2	29	3	168.000
11711	11148	2	28	3	168.000
11712	11967	2	847	3	168.000
11713	11966	2	846	3	168.000
11714	11965	2	845	3	168.000
11715	11964	2	844	3	168.000
11716	11963	2	843	3	168.000
11717	11962	2	842	3	168.000
11718	11961	2	841	3	168.000
11719	11960	2	840	3	168.000
11720	11975	2	855	3	168.000
11721	11974	2	854	3	168.000
11722	11973	2	853	3	168.000
11723	11972	2	852	3	168.000
11724	11971	2	851	3	168.000
11725	11970	2	850	3	168.000
11726	11969	2	849	3	168.000
11727	11968	2	848	3	168.000
11728	11983	2	863	3	168.000
11729	11982	2	862	3	168.000
11730	11981	2	861	3	168.000
11731	11980	2	860	3	168.000
11732	11979	2	859	3	168.000
11733	11978	2	858	3	168.000
11734	11977	2	857	3	168.000
11735	11976	2	856	3	168.000
11736	11991	2	871	3	168.000
11737	11990	2	870	3	168.000
11738	11989	2	869	3	168.000
11739	11988	2	868	3	168.000
11740	11987	2	867	3	168.000
11741	11986	2	866	3	168.000
11742	11985	2	865	3	168.000
11743	11984	2	864	3	168.000
11744	9763	0	547	3	127.272
11745	9762	0	546	3	125.506
11746	9761	0	545	3	123.739
11747	9760	0	544	3	121.972
11748	9759	0	543	3	120.205
11749	9758	0	542	3	118.439
11750	9757	0	541	3	116.672
11751	9756	0	540	3	114.905
11752	9771	0	555	3	141.406
11753	9770	0	554	3	139.639
11754	9769	0	553	3	137.872
11755	9768	0	552	3	136.106
11756	9767	0	551	3	134.339
11757	9766	0	550	3	132.572
11758	9765	0	549	3	130.806
11759	9764	0	548	3	129.039
11760	9779	0	563	3	155.539
11761	9778	0	562	3	153.773
11762	9777	0	561	3	152.006
11763	9776	0	560	3	150.239
11764	9775	0	559	3	148.473
11765	9774	0	558	3	146.706
11766	9773	0	557	3	144.939
11767	9772	0	556	3	143.172
11768	9787	0	571	3	169.673
11769	9786	0	570	3	167.906
11770	9785	0	569	3	166.139
11771	9784	0	568	3	164.373
11772	9783	0	567	3	162.606
11773	9782	0	566	3	160.839
11774	9781	0	565	3	159.073
11775	9780	0	564	3	157.306
11776	9805	0	589	3	171.993
11777	10661	1	493	3	32.725
11778	9804	0	588	3	171.993
11779	10660	1	492	3	30.959
11780	9803	0	587	3	171.993
11781	10659	1	491	3	29.192
11782	9802	0	586	3	171.993
11783	10658	1	490	3	27.425
11784	9809	0	593	3	171.993
11785	10665	1	497	3	39.792
11786	9808	0	592	3	171.993
11787	10664	1	496	3	38.025
11788	9807	0	591	3	171.993
11789	10663	1	495	3	36.259
11790	9806	0	590	3	171.993
11791	10662	1	494	3	34.492
11792	9813	0	597	3	171.993
11793	10669	1	501	3	46.859
11794	9812	0	596	3	171.993
11795	10668	1	500	3	45.092
11796	9811	0	595	3	171.993
11797	10667	1	499	3	43.326
11798	9810	0	594	3	171.993
11799	10666	1	498	3	41.559
11800	9817	0	601	3	171.993
11801	10673	1	505	3	53.926
11802	9816	0	600	3	171.993
11803	10672	1	504	3	52.159
11804	9815	0	599	3	171.993
11805	10671	1	503	3	50.392
11806	9814	0	598	3	171.993
11807	10670	1	502	3	48.626
11808	9789	0	573	3	171.993
11809	10645	1	477	3	4.458
11810	9788	0	572	3	171.440
11811	10644	1	476	3	2.692
11812	11995	2	875	3	168.000
11813	11994	2	874	3	168.000
11814	11993	2	873	3	168.000
11815	11992	2	872	3	168.000
11816	9793	0	577	3	171.993
11817	10649	1	481	3	11.525
11818	9792	0	576	3	171.993
11819	10648	1	480	3	9.758
11820	9791	0	575	3	171.993
11821	10647	1	479	3	7.992
11822	9790	0	574	3	171.993
11823	10646	1	478	3	6.225
11824	9797	0	581	3	171.993
11825	10653	1	485	3	18.592
11826	9796	0	580	3	171.993
11827	10652	1	484	3	16.825
11828	9795	0	579	3	171.993
11829	10651	1	483	3	15.058
11830	9794	0	578	3	171.993
11831	10650	1	482	3	13.292
11832	9801	0	585	3	171.993
11833	10657	1	489	3	25.659
11834	9800	0	584	3	171.993
11835	10656	1	488	3	23.892
11836	9799	0	583	3	171.993
11837	10655	1	487	3	22.125
11838	9798	0	582	3	171.993
11839	10654	1	486	3	20.359
11840	9837	0	621	3	171.993
11841	10693	1	525	3	89.260
11842	9836	0	620	3	171.993
11843	10692	1	524	3	87.493
11844	9835	0	619	3	171.993
11845	10691	1	523	3	85.726
11846	9834	0	618	3	171.993
11847	10690	1	522	3	83.959
11848	9841	0	625	3	171.993
11849	10697	1	529	3	96.326
11850	9840	0	624	3	171.993
11851	10696	1	528	3	94.560
11852	9839	0	623	3	171.993
11853	10695	1	527	3	92.793
11854	9838	0	622	3	171.993
11855	10694	1	526	3	91.026
11856	9845	0	629	3	171.993
11857	10701	1	533	3	103.393
11858	9844	0	628	3	171.993
11859	10700	1	532	3	101.626
11860	9843	0	627	3	171.993
11861	10699	1	531	3	99.860
11862	9842	0	626	3	171.993
11863	10698	1	530	3	98.093
11864	9849	0	633	3	171.993
11865	10705	1	537	3	110.460
11866	9848	0	632	3	171.993
11867	10704	1	536	3	108.693
11868	9847	0	631	3	171.993
11869	10703	1	535	3	106.926
11870	9846	0	630	3	171.993
11871	10702	1	534	3	105.160
11872	9821	0	605	3	171.993
11873	10677	1	509	3	60.992
11874	9820	0	604	3	171.993
11875	10676	1	508	3	59.226
11876	9819	0	603	3	171.993
11877	10675	1	507	3	57.459
11878	9818	0	602	3	171.993
11879	10674	1	506	3	55.692
11880	9825	0	609	3	171.993
11881	10681	1	513	3	68.059
11882	9824	0	608	3	171.993
11883	10680	1	512	3	66.293
11884	9823	0	607	3	171.993
11885	10679	1	511	3	64.526
11886	9822	0	606	3	171.993
11887	10678	1	510	3	62.759
11888	9829	0	613	3	171.993
11889	10685	1	517	3	75.126
11890	9828	0	612	3	171.993
11891	10684	1	516	3	73.359
11892	9827	0	611	3	171.993
11893	10683	1	515	3	71.593
11894	9826	0	610	3	171.993
11895	10682	1	514	3	69.826
11896	9833	0	617	3	171.993
11897	10689	1	521	3	82.193
11898	9832	0	616	3	171.993
11899	10688	1	520	3	80.426
11900	9831	0	615	3	171.993
11901	10687	1	519	3	78.659
11902	9830	0	614	3	171.993
11903	10686	1	518	3	76.893
11904	10725	1	557	3	145.794
11905	9869	0	653	3	171.993
11906	10724	1	556	3	144.027
11907	9868	0	652	3	171.993
11908	10723	1	555	3	142.260
11909	9867	0	651	3	171.993
11910	10722	1	554	3	140.494
11911	9866	0	650	3	171.993
11912	10729	1	561	3	152.860
11913	9873	0	657	3	171.993
11914	10728	1	560	3	151.094
11915	9872	0	656	3	171.993
11916	10727	1	559	3	149.327
11917	9871	0	655	3	171.993
11918	10726	1	558	3	147.560
11919	9870	0	654	3	171.993
11920	10733	1	565	3	159.927
11921	9877	0	661	3	171.993
11922	10732	1	564	3	158.160
11923	9876	0	660	3	171.993
11924	10731	1	563	3	156.394
11925	9875	0	659	3	171.993
11926	10730	1	562	3	154.627
11927	9874	0	658	3	171.993
11928	10737	1	569	3	166.994
11929	9881	0	665	3	171.993
11930	10736	1	568	3	165.227
11931	9880	0	664	3	171.993
11932	10735	1	567	3	163.461
11933	9879	0	663	3	171.993
11934	10734	1	566	3	161.694
11935	9878	0	662	3	171.993
11936	10709	1	541	3	117.527
11937	9853	0	637	3	171.993
11938	10708	1	540	3	115.760
11939	9852	0	636	3	171.993
11940	10707	1	539	3	113.993
11941	9851	0	635	3	171.993
11942	10706	1	538	3	112.227
11943	9850	0	634	3	171.993
11944	10713	1	545	3	124.593
11945	9857	0	641	3	171.993
11946	10712	1	544	3	122.827
11947	9856	0	640	3	171.993
11948	10711	1	543	3	121.060
11949	9855	0	639	3	171.993
11950	10710	1	542	3	119.293
11951	9854	0	638	3	171.993
11952	10717	1	549	3	131.660
11953	9861	0	645	3	171.993
11954	10716	1	548	3	129.893
11955	9860	0	644	3	171.993
11956	10715	1	547	3	128.127
11957	9859	0	643	3	171.993
11958	10714	1	546	3	126.360
11959	9858	0	642	3	171.993
11960	10721	1	553	3	138.727
11961	9865	0	649	3	171.993
11962	10720	1	552	3	136.960
11963	9864	0	648	3	171.993
11964	10719	1	551	3	135.193
11965	9863	0	647	3	171.993
11966	10718	1	550	3	133.427
11967	9862	0	646	3	171.993
11968	11775	2	655	3	168.000
11969	11774	2	654	3	168.000
11970	11773	2	653	3	168.000
11971	11772	2	652	3	168.000
11972	11771	2	651	3	168.000
11973	11770	2	650	3	168.000
11974	11769	2	649	3	168.000
11975	11768	2	648	3	168.000
11976	11783	2	663	3	168.000
11977	11782	2	662	3	168.000
11978	11781	2	661	3	168.000
11979	11780	2	660	3	168.000
11980	11779	2	659	3	168.000
11981	11778	2	658	3	168.000
11982	11777	2	657	3	168.000
11983	11776	2	656	3	168.000
11984	11791	2	671	3	168.000
11985	11790	2	670	3	168.000
11986	11789	2	669	3	168.000
11987	11788	2	668	3	168.000
11988	11787	2	667	3	168.000
11989	11786	2	666	3	168.000
11990	11785	2	665	3	168.000
11991	11784	2	664	3	168.000
11992	11799	2	679	3	168.000
11993	11798	2	678	3	168.000
11994	11797	2	677	3	168.000
11995	11796	2	676	3	168.000
11996	11795	2	675	3	168.000
11997	11794	2	674	3	168.000
11998	11793	2	673	3	168.000
11999	11792	2	672	3	168.000
12000	9699	0	483	3	14.204
12001	9698	0	482	3	12.437
12002	9697	0	481	3	10.671
12003	9696	0	480	3	8.904
12004	9695	0	479	3	7.137
12005	9694	0	478	3	5.371
12006	9693	0	477	3	3.604
12007	9692	0	476	3	1.837
12008	9707	0	491	3	28.338
12009	9706	0	490	3	26.571
12010	9705	0	489	3	24.804
12011	9704	0	488	3	23.037
12012	9703	0	487	3	21.271
12013	9702	0	486	3	19.504
12014	9701	0	485	3	17.737
12015	9700	0	484	3	15.971
12016	9715	0	499	3	42.471
12017	9714	0	498	3	40.704
12018	9713	0	497	3	38.938
12019	9712	0	496	3	37.171
12020	9711	0	495	3	35.404
12021	9710	0	494	3	33.638
12022	9709	0	493	3	31.871
12023	9708	0	492	3	30.104
12024	9723	0	507	3	56.605
12025	9722	0	506	3	54.838
12026	9721	0	505	3	53.071
12027	9720	0	504	3	51.304
12028	9719	0	503	3	49.538
12029	9718	0	502	3	47.771
12030	9717	0	501	3	46.004
12031	9716	0	500	3	44.238
12032	11871	2	751	3	168.000
12033	11870	2	750	3	168.000
12034	11869	2	749	3	168.000
12035	11868	2	748	3	168.000
12036	11867	2	747	3	168.000
12037	11866	2	746	3	168.000
12038	11865	2	745	3	168.000
12039	11864	2	744	3	168.000
12040	11879	2	759	3	168.000
12041	11878	2	758	3	168.000
12042	11877	2	757	3	168.000
12043	11876	2	756	3	168.000
12044	11875	2	755	3	168.000
12045	11874	2	754	3	168.000
12046	11873	2	753	3	168.000
12047	11872	2	752	3	168.000
12048	11887	2	767	3	168.000
12049	11886	2	766	3	168.000
12050	11885	2	765	3	168.000
12051	11884	2	764	3	168.000
12052	11883	2	763	3	168.000
12053	11882	2	762	3	168.000
12054	11881	2	761	3	168.000
12055	11880	2	760	3	168.000
12056	11895	2	775	3	168.000
12057	11894	2	774	3	168.000
12058	11893	2	773	3	168.000
12059	11892	2	772	3	168.000
12060	11891	2	771	3	168.000
12061	11890	2	770	3	168.000
12062	11889	2	769	3	168.000
12063	11888	2	768	3	168.000
12064	9731	0	515	3	70.738
12065	9730	0	514	3	68.971
12066	9729	0	513	3	67.205
12067	9728	0	512	3	65.438
12068	9727	0	511	3	63.671
12069	9726	0	510	3	61.905
12070	9725	0	509	3	60.138
12071	9724	0	508	3	58.371
12072	9739	0	523	3	84.872
12073	9738	0	522	3	83.105
12074	9737	0	521	3	81.338
12075	9736	0	520	3	79.572
12076	9735	0	519	3	77.805
12077	9734	0	518	3	76.038
12078	9733	0	517	3	74.271
12079	9732	0	516	3	72.505
12080	9747	0	531	3	99.005
12081	9746	0	530	3	97.238
12082	9745	0	529	3	95.472
12083	9744	0	528	3	93.705
12084	9743	0	527	3	91.938
12085	9742	0	526	3	90.172
12086	9741	0	525	3	88.405
12087	9740	0	524	3	86.638
12088	9755	0	539	3	113.139
12089	9754	0	538	3	111.372
12090	9753	0	537	3	109.605
12091	9752	0	536	3	107.839
12092	9751	0	535	3	106.072
12093	9750	0	534	3	104.305
12094	9749	0	533	3	102.539
12095	9748	0	532	3	100.772
12096	11743	2	623	3	168.000
12097	11742	2	622	3	168.000
12098	11741	2	621	3	168.000
12099	11740	2	620	3	168.000
12100	11739	2	619	3	168.000
12101	11738	2	618	3	168.000
12102	11737	2	617	3	168.000
12103	11736	2	616	3	168.000
12104	11751	2	631	3	168.000
12105	11750	2	630	3	168.000
12106	11749	2	629	3	168.000
12107	11748	2	628	3	168.000
12108	11747	2	627	3	168.000
12109	11746	2	626	3	168.000
12110	11745	2	625	3	168.000
12111	11744	2	624	3	168.000
12112	11759	2	639	3	168.000
12113	11758	2	638	3	168.000
12114	11757	2	637	3	168.000
12115	11756	2	636	3	168.000
12116	11755	2	635	3	168.000
12117	11754	2	634	3	168.000
12118	11753	2	633	3	168.000
12119	11752	2	632	3	168.000
12120	11767	2	647	3	168.000
12121	11766	2	646	3	168.000
12122	11765	2	645	3	168.000
12123	11764	2	644	3	168.000
12124	11763	2	643	3	168.000
12125	11762	2	642	3	168.000
12126	11761	2	641	3	168.000
12127	11760	2	640	3	168.000
12128	11711	2	591	3	168.000
12129	11710	2	590	3	168.000
12130	11709	2	589	3	168.000
12131	11708	2	588	3	168.000
12132	11707	2	587	3	168.000
12133	11706	2	586	3	168.000
12134	11705	2	585	3	168.000
12135	11704	2	584	3	168.000
12136	11719	2	599	3	168.000
12137	11718	2	598	3	168.000
12138	11717	2	597	3	168.000
12139	11716	2	596	3	168.000
12140	11715	2	595	3	168.000
12141	11714	2	594	3	168.000
12142	11713	2	593	3	168.000
12143	11712	2	592	3	168.000
12144	11727	2	607	3	168.000
12145	11726	2	606	3	168.000
12146	11725	2	605	3	168.000
12147	11724	2	604	3	168.000
12148	11723	2	603	3	168.000
12149	11722	2	602	3	168.000
12150	11721	2	601	3	168.000
12151	11720	2	600	3	168.000
12152	11735	2	615	3	168.000
12153	11734	2	614	3	168.000
12154	11733	2	613	3	168.000
12155	11732	2	612	3	168.000
12156	11731	2	611	3	168.000
12157	11730	2	610	3	168.000
12158	11729	2	609	3	168.000
12159	11728	2	608	3	168.000
12160	11839	2	719	3	168.000
12161	11838	2	718	3	168.000
12162	11837	2	717	3	168.000
12163	11836	2	716	3	168.000
12164	11835	2	715	3	168.000
12165	11834	2	714	3	168.000
12166	11833	2	713	3	168.000
12167	11832	2	712	3	168.000
12168	11847	2	727	3	168.000
12169	11846	2	726	3	168.000
12170	11845	2	725	3	168.000
12171	11844	2	724	3	168.000
12172	11843	2	723	3	168.000
12173	11842	2	722	3	168.000
12174	11841	2	721	3	168.000
12175	11840	2	720	3	168.000
12176	11855	2	735	3	168.000
12177	11854	2	734	3	168.000
12178	11853	2	733	3	168.000
12179	11852	2	732	3	168.000
12180	11851	2	731	3	168.000
12181	11850	2	730	3	168.000
12182	11849	2	729	3	168.000
12183	11848	2	728	3	168.000
12184	11863	2	743	3	168.000
12185	11862	2	742	3	168.000
12186	11861	2	741	3	168.000
12187	11860	2	740	3	168.000
12188	11859	2	739	3	168.000
12189	11858	2	738	3	168.000
12190	11857	2	737	3	168.000
12191	11856	2	736	3	168.000
12192	11807	2	687	3	168.000
12193	11806	2	686	3	168.000
12194	11805	2	685	3	168.000
12195	11804	2	684	3	168.000
12196	11803	2	683	3	168.000
12197	11802	2	682	3	168.000
12198	11801	2	681	3	168.000
12199	11800	2	680	3	168.000
12200	11815	2	695	3	168.000
12201	11814	2	694	3	168.000
12202	11813	2	693	3	168.000
12203	11812	2	692	3	168.000
12204	11811	2	691	3	168.000
12205	11810	2	690	3	168.000
12206	11809	2	689	3	168.000
12207	11808	2	688	3	168.000
12208	11823	2	703	3	168.000
12209	11822	2	702	3	168.000
12210	11821	2	701	3	168.000
12211	11820	2	700	3	168.000
12212	11819	2	699	3	168.000
12213	11818	2	698	3	168.000
12214	11817	2	697	3	168.000
12215	11816	2	696	3	168.000
12216	11831	2	711	3	168.000
12217	11830	2	710	3	168.000
12218	11829	2	709	3	168.000
12219	11828	2	708	3	168.000
12220	11827	2	707	3	168.000
12221	11826	2	706	3	168.000
12222	11825	2	705	3	168.000
12223	11824	2	704	3	168.000
12224	11935	2	815	3	168.000
12225	11934	2	814	3	168.000
12226	11933	2	813	3	168.000
12227	11932	2	812	3	168.000
12228	11931	2	811	3	168.000
12229	11930	2	810	3	168.000
12230	11929	2	809	3	168.000
12231	11928	2	808	3	168.000
12232	11943	2	823	3	168.000
12233	11942	2	822	3	168.000
12234	11941	2	821	3	168.000
12235	11940	2	820	3	168.000
12236	11939	2	819	3	168.000
12237	11938	2	818	3	168.000
12238	11937	2	817	3	168.000
12239	11936	2	816	3	168.000
12240	11951	2	831	3	168.000
12241	11950	2	830	3	168.000
12242	11949	2	829	3	168.000
12243	11948	2	828	3	168.000
12244	11947	2	827	3	168.000
12245	11946	2	826	3	168.000
12246	11945	2	825	3	168.000
12247	11944	2	824	3	168.000
12248	11959	2	839	3	168.000
12249	11958	2	838	3	168.000
12250	11957	2	837	3	168.000
12251	11956	2	836	3	168.000
12252	11955	2	835	3	168.000
12253	11954	2	834	3	168.000
12254	11953	2	833	3	168.000
12255	11952	2	832	3	168.000
12256	11903	2	783	3	168.000
12257	11902	2	782	3	168.000
12258	11901	2	781	3	168.000
12259	11900	2	780	3	168.000
12260	11899	2	779	3	168.000
12261	11898	2	778	3	168.000
12262	11897	2	777	3	168.000
12263	11896	2	776	3	168.000
12264	11911	2	791	3	168.000
12265	11910	2	790	3	168.000
12266	11909	2	789	3	168.000
12267	11908	2	788	3	168.000
12268	11907	2	787	3	168.000
12269	11906	2	786	3	168.000
12270	11905	2	785	3	168.000
12271	11904	2	784	3	168.000
12272	11919	2	799	3	168.000
12273	11918	2	798	3	168.000
12274	11917	2	797	3	168.000
12275	11916	2	796	3	168.000
12276	11915	2	795	3	168.000
12277	11914	2	794	3	168.000
12278	11913	2	793	3	168.000
12279	11912	2	792	3	168.000
12280	11927	2	807	3	168.000
12281	11926	2	806	3	168.000
12282	11925	2	805	3	168.000
12283	11924	2	804	3	168.000
12284	11923	2	803	3	168.000
12285	11922	2	802	3	168.000
12286	11921	2	801	3	168.000
12287	11920	2	800	3	168.000
